t,simElapsedSec,round,fpsAvg,fpsMin,fpsMax,frameMsAvg,frameMsMax,frameCount,simDtMsAvg,cpu.simMsAvg,cpu.syncMsAvg,cpu.renderMsAvg,gpuMsAvg,renderer.calls,renderer.triangles,renderer.lines,renderer.points,renderer.geometries,renderer.textures,renderer.programs,scene.totalObjects,scene.visibleMeshes,scene.hiddenMeshes,scene.lights,scene.shadowCastingLights,game.viewedPlayer,game.viewedCreeps,game.viewedTowers,game.allArenasCreeps,game.allArenasTowers,game.humanoidAnimating,game.lightningArcsActive,game.poisonBubblesActive,memory.usedMB,memory.totalMB,memory.limitMB
0.13039999999850987,0.85,0,16.62524282735688,0,20.040080160320606,71.36428571460503,366.57000000000016,14,63.03785714317645,0.2071428575686046,0.48571428443704334,14.507142857249294,,666,37766,0,0,345,2,8,383,352,1,3,1,0,0,0,0,0,0,0,0,20.145973205566406,32.08620834350586,4192
1.0892999999970199,1.85,0,20.49904999619999,19.9600798403194,29.94011976047937,49.165000000000006,50.09999999999991,20,49.165000000000006,0.039999999850988385,0.38999999947845937,7.189999999850988,,666,37766,0,0,345,2,8,383,352,1,3,1,0,0,0,0,0,0,0,0,21.20574188232422,32.08620834350586,4192
2.0697999999970196,2.8,1,20.750160685043806,14.992503748125774,30.030030030029867,49.164999999999964,66.70000000000073,20,49.164999999999964,0.059999999776482585,0.9850000008940697,7.004999998956919,,666,37766,0,0,345,2,8,619,548,11,3,1,0,0,0,0,5,0,0,0,21.35196304321289,34.43203353881836,4192
3.0596999999955297,3.85,1,20.477628096698567,19.960079840319217,30.030030030029867,49.20476190476192,50.100000000000364,21,49.20476190476192,0.09047619005044301,0.9476190486124584,6.942857142360437,,666,37766,0,0,345,2,8,811,708,19,3,1,0,0,0,0,9,0,0,0,17.782424926757812,34.84135055541992,4192
4.0962999999970195,4.85,1,20.000008000032,19.960079840319217,20.040080160320787,50,50.100000000000364,20,50,0.06999999918043613,1.0699999995529652,6.795000000670552,,666,37766,0,0,345,2,8,1025,877,34,3,1,0,0,0,0,14,0,0,0,19.421123504638672,36.560646057128906,4192
5.0865,5.85,1,20.49902599610399,19.960079840319217,29.94011976047937,49.165000000000006,50.100000000000364,20,49.165000000000006,0.06999999918043613,0.7400000005960464,7.124999999627471,,666,37766,0,0,345,2,8,968,816,38,3,1,0,0,0,0,14,0,0,0,22.22890853881836,53.71149444580078,4192
6.07609999999404,6.8,1,20.501517501565534,19.960079840319217,30.030030030030687,49.164999999999964,50.100000000000364,20,49.164999999999964,0.04000000022351742,0.5949999999254942,6.799999999254942,,666,37766,0,0,345,2,8,970,813,43,3,1,0,0,0,0,14,0,0,0,22.041641235351562,53.73633575439453,4192
7.05829999999702,7.85,1,20.47765095393281,19.960079840319942,30.030030030029046,49.20476190476196,50.099999999998545,21,49.20476190476196,0.05238095245191029,0.4238095237385659,6.709523809452851,,666,37766,0,0,345,2,8,921,764,43,3,1,0,0,0,0,14,0,0,0,22.992252349853516,53.72571563720703,4192
8.08889999999851,8.85,1,20.50154950169354,19.960079840319217,30.030030030030687,49.164999999999964,50.100000000000364,20,49.164999999999964,0.044999999925494194,0.4300000000745058,6.769999999552965,,666,37766,0,0,345,2,8,921,764,43,3,1,0,0,0,0,14,0,0,0,20.919081687927246,53.7257719039917,4192
9.06959999999404,11.6,1,20.49904999619993,19.960079840319217,29.94011976047774,49.165000000000056,50.100000000000364,20,49.165000000000056,0.075,0.39999999962747096,6.909999999031425,,666,37766,0,0,345,2,8,921,764,43,3,1,0,0,0,0,14,0,0,0,34.94655513763428,53.72584819793701,4192
10.05189999999851,15.75,1,20.7168192290832,14.992503748125774,30.030030030030687,49.20476190476187,66.70000000000073,21,49.20476190476187,0.07619047590664454,0.3952380950961794,6.780952381591002,,666,37766,0,0,345,2,8,921,764,43,3,1,0,0,0,0,14,0,0,0,23.61459445953369,51.66091251373291,4192
11.09339999999851,19.7,1,20.757166785357267,14.992503748126182,30.120481927710184,49.16000000000004,66.69999999999891,20,49.16000000000004,0.09499999918043614,0.39000000059604645,6.825,,666,37766,0,0,345,2,8,921,764,43,3,1,0,0,0,0,14,0,0,0,21.748910903930664,51.6610164642334,4192
12.07739999999851,23.4,1,18.53090633281487,5,20.040080160320787,60.78235294117643,200,17,60.78235294117643,0.1823529403875856,1.0705882359076948,8.794117647497092,,688,46110,0,0,361,6,13,1051,868,43,3,1,0,4,0,20,14,20,0,0,31.584118843078613,52.9749116897583,4192
13.10139999999851,27.35,1,19.47502987676278,14.992503748125774,20.04008016032152,51.75263157894733,66.70000000000073,19,51.75263157894733,0.16315789481526927,0.7473684219937575,7.3842105261589355,,688,46110,0,0,361,6,13,1051,868,43,3,1,0,4,0,20,14,20,0,4,28.830059051513672,53.224918365478516,4192
14.09489999999851,31.2,1,18.888512981164183,14.970059880239685,20.04008016032152,53.7055555555556,66.79999999999927,18,53.7055555555556,0.12222222155994839,0.827777778936757,7.227777777860562,,696,54454,0,0,361,10,13,1087,886,43,3,1,0,8,0,38,14,40,0,10,22.762656211853027,53.22492504119873,4192
15.06819999999553,35.4,2,17.503224254935148,14.992503748125774,20.04008016032152,58.32777777777786,66.70000000000073,18,58.32777777777786,0.14444444494114983,2.0999999998344316,7.499999999586079,,700,58626,0,0,361,12,13,1869,1517,85,3,1,0,10,0,45,31,47,0,11,22.883604049682617,54.7348575592041,4192
16.11219999999553,39.35,2,17.649570680737536,14.992503748125774,20.04008016032152,57.841176470588195,66.70000000000073,17,57.841176470588195,0.11764705838525996,1.5352941172964432,7.570588236784234,,710,69056,0,0,361,17,13,1966,1553,106,3,1,0,15,0,61,35,66,0,3,38.517109870910645,57.66712665557861,4192
17.09709999999404,43.4,2,17.057662633131304,14.992503748125774,20,59.79999999999991,66.70000000000073,17,59.79999999999991,0.11176470667123795,1.1882352947312242,7.511764704742852,,729,76208,0,0,375,20,13,2056,1628,106,3,1,0,18,0,70,35,74,0,8,31.499653816223145,59.126553535461426,4192
18.11119999999553,47.15,2,16.241784285193372,8.568980291345277,20.04008016032152,64.44000000000014,116.70000000000073,15,64.44000000000014,0.1533333331346512,1.1800000001986821,8.11333333402872,,774,68858,0,0,439,38,13,2080,1635,111,3,1,1,14,5,82,35,85,0,13,32.77773666381836,59.126747131347656,4192
19.08009999999404,51.25,2,17.057666615664182,14.992503748125774,20,59.79999999999991,66.70000000000073,17,59.79999999999991,0.16470588261590285,1.1705882356447332,8.011764705619392,,768,73456,0,0,439,31,13,2076,1633,111,3,1,1,11,5,80,35,87,0,9,39.80585861206055,59.876747131347656,4192
20.11089999999851,55.15,2,16.561567189378266,14.992503748125774,20,61.46250000000009,66.70000000000073,16,61.46250000000009,0.13125000009313226,1.2124999994412065,8.118749999441206,,770,75542,0,0,439,32,13,2096,1643,111,3,1,1,12,5,90,35,95,0,3,27.577220916748047,59.876747131347656,4192
21.08479999999702,59.1,2,16.563293041940003,14.992503748125774,20,61.44999999999982,66.70000000000073,16,61.44999999999982,0.11875000083819032,1.206249998882413,8.200000000186265,,768,75508,0,0,439,27,13,2098,1644,111,3,1,1,11,5,91,35,98,0,6,30.444618225097656,59.876747131347656,4192
22.06259999999404,63.05,3,16.68833165473934,11.990407673860702,20.04008016032152,61.45625000000018,83.40000000000146,16,61.45625000000018,0.16250000055879354,2.168749999254942,8.262500001583248,,846,81406,0,0,508,30,13,2536,2001,122,3,1,1,16,6,119,41,123,0,9,29.982271194458008,60.058279037475586,4192
23.06959999999404,67.1,3,14.79932663080589,12.004801920768411,15.015015015015344,67.7799999999998,83.29999999999927,15,67.7799999999998,0.19999999950329464,2.3399999996026355,9.799999999503294,,818,92264,0,0,533,23,13,2640,2055,143,3,1,1,17,7,124,45,142,0,9,56.08651924133301,90.3861141204834,4192
24.08269999999553,71.15,3,14.933445257811979,12.004801920768411,20,67.77333333333348,83.29999999999927,15,67.77333333333348,0.15333333363135657,1.740000000099341,8.779999999701976,,832,94726,0,0,564,24,13,2709,2099,147,3,1,1,18,8,139,46,143,0,6,43.574838638305664,94.73405647277832,4192
25.084299999997018,75.1,3,15.465832204869645,12.004801920768411,20,65.55333333333328,83.29999999999927,15,65.55333333333328,0.13333333283662796,1.5800000006953876,8.420000000794728,,826,90520,0,0,564,17,13,2687,2088,147,3,1,1,15,8,128,46,141,0,10,59.439714431762695,94.73051643371582,4192
26.079599999994038,79.1,3,15.000007503755633,14.992503748125774,15.015015015015344,66.66666666666667,66.70000000000073,15,66.66666666666667,0.1533333331346512,1.8066666677594185,8.719999999304612,,867,81404,0,0,629,15,13,2778,2155,154,3,1,1,13,10,133,48,138,0,12,46.432963371276855,94.9254903793335,4192
27.07379999999702,83.1,3,15.135836218218964,12.004801920768411,20.040080160320056,66.6600000000001,83.29999999999927,15,66.6600000000001,0.2066666677594185,1.946666665871938,8.933333333333334,,838,104900,0,0,739,32,13,2708,2130,156,3,1,2,18,8,80,49,136,0,6,52.56979942321777,94.08280372619629,4192
28.08079999999702,87.15,3,14.801920936278927,11.976047904191617,15.015015015015344,67.77333333333324,83.5,15,67.77333333333324,0.14000000059604645,1.3266666660706201,8.860000001390775,,833,96100,0,0,739,32,13,2724,2138,156,3,1,2,22,8,88,49,93,0,3,37.68924617767334,94.08290767669678,4192
29.0865,91.15,3,15.000025497093384,14.970059880239685,15.037593984962406,66.66666666666667,66.79999999999927,15,66.66666666666667,0.16000000139077505,1.266666667163372,8.626666666070621,,829,96032,0,0,739,27,13,2740,2159,158,3,1,2,20,8,75,50,80,0,6,54.45308971405029,94.17434978485107,4192
30.08619999999553,95.15,4,14.142670337006619,11.990407673860702,15.015015015015344,71.42857142857143,83.40000000000146,14,71.42857142857143,0.1857142863529069,2.7071428559720516,9.864285714392151,,899,100202,0,0,801,33,14,3323,2598,184,3,1,2,28,10,117,58,95,0,4,52.75137233734131,95.2216215133667,4192
31.09279999999702,99.3,4,14.600148815752332,11.990407673860702,15.015015015015344,68.88666666666686,83.40000000000146,15,68.88666666666686,0.1533333346247673,1.51333333303531,9.106666664779187,,875,99422,0,0,789,24,14,3230,2527,185,3,1,2,22,10,94,58,76,0,7,39.84041881561279,97.17502117156982,4192
32.12159999999404,103.1,4,14.787141027132504,12.004801920767887,15.015015015015344,67.84999999999958,83.30000000000291,14,67.84999999999958,0.1357142866722175,1.5999999998935632,9.092857142112084,,879,99490,0,0,789,26,14,3266,2554,188,3,1,2,24,10,95,59,74,0,4,53.94314479827881,97.26588344573975,4192
33.08069999999553,107.15,4,14.933984085707028,12.004801920767887,20,67.77333333333372,83.30000000000291,15,67.77333333333372,0.15333333512147268,1.5533333311478297,8.820000000794728,,871,92304,0,0,789,22,14,3318,2602,193,3,1,2,20,10,87,61,71,0,6,40.04942607879639,97.41562557220459,4192
34.08729999999702,111.15,4,15.000007503755628,14.992503748124955,15.015015015015344,66.66666666666667,66.70000000000437,15,66.66666666666667,0.1266666680574417,1.646666665871938,8.913333332538604,,883,92806,0,0,789,28,14,3333,2602,196,3,1,2,26,10,101,62,92,0,13,57.16863536834717,97.76823711395264,4192
35.09669999999553,115.15,4,15.00000750375563,14.992503748124955,15.015015015015344,66.66666666666667,66.70000000000437,15,66.66666666666667,0.10666666726271311,1.3666666651765504,8.853333334128061,,851,89634,0,0,789,21,14,3202,2513,197,3,1,2,19,10,72,62,78,0,3,41.25755596160889,98.52431011199951,4192
36.09629999999702,119.25,4,14.801368516597261,11.990407673860702,15.015015015015344,67.77333333333324,83.40000000000146,15,67.77333333333324,0.1466666673620542,1.4533333321412405,8.806666667262713,,855,92052,0,0,789,23,14,3251,2548,200,3,1,2,21,10,77,63,82,0,0,57.664870262145996,98.61517238616943,4192
37.11239999999851,123.1,5,14.571097645621418,11.990407673860702,15.015015015015344,69.0499999999998,83.40000000000146,14,69.0499999999998,0.14285714338932717,1.957142856504236,9.228571429316487,,917,96580,0,0,981,41,14,3697,2927,211,3,1,3,21,13,77,69,66,0,0,49.63028621673584,100.36415767669678,4192
38.083,127.3,5,14.40042755926305,12.004801920767887,15.015015015015344,69.99333333333342,83.30000000000291,15,69.99333333333342,0.1599999999006589,2.6533333331346514,9.219999999801319,,913,98322,0,0,978,35,14,3726,2907,229,3,1,3,23,13,93,72,79,0,3,47.5162935256958,97.9827013015747,4192
39.13109999999404,131.1,5,14.785547543859165,12.004801920767887,15.037593984962406,67.85714285714286,83.30000000000291,14,67.85714285714286,0.16428571513720922,1.7142857126891613,9.021428572812251,,909,91204,0,0,978,30,14,3833,3001,238,3,1,3,21,13,81,75,74,0,2,31.81681251525879,98.91570091247559,4192
40.08069999999553,135.15,5,14.801368516597261,11.990407673860702,15.015015015015344,67.77333333333324,83.40000000000146,15,67.77333333333324,0.12000000129143397,1.5466666658719381,9.13999999910593,,914,93516,0,0,978,31,14,3799,2962,239,3,1,3,24,13,90,75,85,0,0,47.34396171569824,98.85313987731934,4192
41.09659999999404,139.3,5,14.59962567442461,12.004801920767887,15.037593984962406,68.88666666666686,83.30000000000291,15,68.88666666666686,0.14000000009934108,1.733333332836628,9.153333333631357,,908,97868,0,0,978,27,14,3826,2991,245,3,1,3,22,13,77,77,81,0,0,33.440412521362305,98.9567699432373,4192
42.129,143.15,5,14.571543676298418,12.004801920767887,15.015015015015344,69.04285714285705,83.30000000000291,14,69.04285714285705,0.18571428741727555,1.5142857134342194,8.992857142750706,,892,97810,0,0,978,26,14,3857,3014,248,3,1,3,21,13,78,78,81,0,0,46.52593421936035,98.91262245178223,4192
43.09459999999404,147.25,5,14.799876752004993,11.990407673861748,15.015015015015344,67.7799999999998,83.39999999999418,15,67.7799999999998,0.08666666696468989,1.3466666668653489,8.97999999920527,,897,93752,0,0,804,19,14,3325,2631,215,3,1,3,17,13,29,67,35,0,0,62.82572937011719,98.99586486816406,4192
44.1135,151.25,5,15.001512748148388,14.9700598802405,15.015015015015344,66.6600000000001,66.79999999999563,15,66.6600000000001,0.1400000015894572,1.0599999999006589,8.980000000695387,,897,93454,0,0,804,19,14,3313,2620,215,3,1,3,17,13,28,67,33,0,0,45.55635070800781,98.92637634277344,4192
45.10869999999553,155.1,6,14.572120991900311,12.004801920767887,15.015015015015344,69.04285714285705,83.30000000000291,14,69.04285714285705,0.2071428575686046,2.514285713966404,10.078571427081313,,964,98160,0,0,845,18,14,3797,3018,237,3,1,3,16,15,34,75,27,0,0,44.06020450592041,99.9471788406372,4192
46.085,159.3,6,15.437656130503713,12.004801920767887,20,65.61875000000009,83.30000000000291,16,65.61875000000009,0.1500000013038516,1.5374999986961484,9.693750000558794,,972,59622,0,0,1127,23,14,3801,3001,250,3,1,4,6,17,30,78,29,0,0,37.68502998352051,102.0223217010498,4192
47.12269999999553,163.25,6,16.562974143558808,14.992503748124955,20,61.45625000000018,66.70000000000437,16,61.45625000000018,0.125,1.4500000001862645,9.725000000558794,,964,61630,0,0,1178,13,14,3878,3063,262,3,1,4,2,19,17,81,21,0,0,60.60393714904785,103.20210456848145,4192
48.10839999999851,167.1,6,16.87564797343774,14.97005988023887,20.04008016032298,60.41874999999982,66.80000000000291,16,60.41874999999982,0.11249999841675162,1.0687500014901161,10.262499999720603,,920,50830,0,0,1163,12,14,3850,3034,263,3,1,4,3,19,18,81,19,0,0,35.905001640319824,102.4589490890503,4192
49.068,171.15,6,17.059420010315186,14.992503748124955,20.04008016032298,59.80588235294143,66.70000000000437,17,59.80588235294143,0.10000000017530777,0.9588235301129958,9.3941176476724,,942,55346,0,0,1163,5,14,3825,3020,263,3,1,4,1,19,8,81,13,0,0,54.39055156707764,101.15017986297607,4192
50.08179999999702,175.1,6,17.650908249357116,14.97005988023887,20.04008016032298,57.83529411764689,66.80000000000291,17,57.83529411764689,0.11764705926179886,0.9058823528535226,9.217647059437107,,920,48778,0,0,1163,5,14,3825,3020,263,3,1,4,3,19,8,81,11,0,0,42.795143127441406,101.15028381347656,4192
51.07029999999702,179.1,6,17.35398802516894,14.992503748124955,20.040080160320056,58.8235294117647,66.70000000000437,17,58.8235294117647,0.1058823518893298,0.8294117661083446,9.129411763566381,,900,42520,0,0,1163,2,13,3813,3014,263,3,1,4,0,19,2,81,3,0,0,62.544593811035156,101.15028381347656,4192
52.06019999999553,183.1,7,17.352954560849447,14.992503748124955,20.040080160320056,58.8235294117647,66.70000000000437,17,58.8235294117647,0.1058823518893298,1.4823529426665867,9.511764704304582,,1004,51496,0,0,1165,7,14,4202,3341,268,3,1,4,5,20,17,86,9,0,0,62.2581901550293,102.03619766235352,4192
53.08339999999851,187.1,7,16.25141258199727,14.992503748124955,20,62.49375000000009,66.70000000000437,16,62.49375000000009,0.15625000093132257,1.8062499999068677,10.193750000093132,,977,55436,0,0,1218,8,14,4274,3359,294,3,1,4,6,22,24,91,25,0,0,60.5782585144043,102.27261352539062,4192
54.0785,191.25,7,15.625483975388425,14.9700598802405,20,64.58124999999973,66.79999999999563,16,64.58124999999973,0.1124999993480742,1.4687499995343387,10.075000001117587,,998,70862,0,0,1249,6,14,4317,3391,303,3,1,4,4,23,17,93,25,0,0,50.01761341094971,102.44253253936768,4192
55.10279999999702,195.25,7,16.253612906113847,14.9700598802405,20.040080160320056,62.49375000000009,66.79999999999563,16,62.49375000000009,0.11875000037252903,1.1749999998137355,10.162500000093132,,941,52984,0,0,1564,6,14,4379,3451,304,3,1,5,2,20,6,95,9,0,0,38.87517738342285,102.6424503326416,4192
56.1085,199.25,7,17.352958525496668,14.9700598802405,20.040080160320056,58.8235294117647,66.79999999999563,17,58.8235294117647,0.09999999929876889,0.9529411770841655,9.358823529499418,,926,46496,0,0,1564,3,14,4367,3440,306,3,1,5,1,20,3,95,8,0,0,59.98519706726074,102.61016273498535,4192
57.10629999999702,203.25,7,17.469427164700818,12.004801920768937,20.04008016032298,58.8235294117647,83.29999999999563,17,58.8235294117647,0.10588235232759924,0.8411764717277359,9.547058823354105,,926,44444,0,0,1564,3,14,4365,3439,306,3,1,5,1,20,2,95,3,0,0,47.80088806152344,102.56460189819336,4192
58.10779999999702,207.3,7,17.05868668564851,14.992503748124955,20,59.79999999999991,66.70000000000437,17,59.79999999999991,0.11176470360335182,0.917647060664261,9.588235293679377,,928,48582,0,0,1564,4,14,4371,3442,306,3,1,5,2,20,5,95,8,0,0,68.00204086303711,102.56460189819336,4192
59.113,211.25,7,17.647503752098473,14.992503748124955,20,57.84117647058841,66.70000000000437,17,57.84117647058841,0.10588235320413814,0.88235294161474,9.200000000350615,,910,42358,0,0,1564,2,13,4361,3437,306,3,1,5,0,20,0,95,2,0,0,55.89511489868164,102.56460189819336,4192
60.09809999999404,215.25,8,16.374259295555504,11.990407673860702,20,62.5,83.40000000000146,16,62.5,0.10000000055879354,2.056250000372529,9.768749999348074,,988,55528,0,0,1533,9,14,4773,3761,321,3,1,5,7,20,29,101,21,0,0,58.6945686340332,103.66830825805664,4192
61.098599999994036,219.3,8,15.93955212213464,14.992503748124955,20.04008016032298,63.53749999999991,66.70000000000437,16,63.53749999999991,0.15000000083819032,1.9999999990686774,10.09375,,970,70094,0,0,1513,11,14,4862,3818,337,3,1,5,9,20,23,106,36,0,0,46.47875118255615,104.51521968841553,4192
62.12219999999553,223.1,8,16.000021162980484,14.97005988023887,20.040080160320056,63.33333333333382,66.80000000000291,15,63.33333333333382,0.11333333402872085,1.3200000007947286,9.719999999801319,,960,59928,0,0,1513,6,14,4894,3844,345,3,1,5,4,20,9,108,12,0,0,63.88844299316406,104.53969955444336,4192
63.0775,227.25,8,16.766493686266607,14.97005988023887,20.040080160317135,60.77647058823512,66.80000000000291,17,60.77647058823512,0.10588235232759924,0.9470588231787962,9.800000000525923,,943,47184,0,0,1513,4,14,4880,3837,345,3,1,5,2,20,2,108,4,0,0,51.89329147338867,104.46865463256836,4192
64.10619999999552,231.1,8,16.873447649320916,14.992503748126591,20,60.41874999999982,66.69999999999709,16,60.41874999999982,0.13750000018626451,1,9.568749998696148,,930,48938,0,0,1513,4,14,4888,3841,345,3,1,5,2,20,6,108,11,0,0,68.66678428649902,104.46874809265137,4192
65.0658999999985,235.1,8,16.249244914277266,14.97005988023887,20,62.493749999999636,66.80000000000291,16,62.493749999999636,0.11875000037252903,0.8875000001862645,10.743749998509884,,1160,47346,0,0,2053,2,13,4876,3814,366,3,1,1,0,41,0,108,0,0,0,55.39475631713867,104.46879577636719,4192
66.06919999999553,239.2,8,15.938766722155048,9.990009990009408,20.04008016032298,64.58125000000018,100.10000000000582,16,64.58125000000018,0.11249999888241291,0.9062500018626451,10.656249999068677,,1174,51450,0,0,2053,2,13,4884,3818,366,3,1,1,0,41,4,108,8,0,0,40.246822357177734,104.46879577636719,4192
67.10189999999851,243.15,9,15.46503867153387,10.010010010009134,20,66.66666666666667,99.90000000000873,15,66.66666666666667,0.15333333263794582,1.8000000019868214,11.03999999910593,,1235,49850,0,0,2020,5,14,5165,4065,362,3,1,1,3,41,12,111,0,0,0,67.36410522460938,105.54461288452148,4192
68.1095,247.2,9,14.936571639971561,11.990407673859655,20,67.76666666666667,83.40000000000873,15,67.76666666666667,0.18666666646798452,1.8200000007947286,11.619999999304612,,1234,61368,0,0,2073,5,14,5185,4042,386,3,1,1,3,43,20,114,22,0,1,61.93208312988281,107.52554321289062,4192
69.1285,251.05,9,14.78392513186245,12.004801920767887,15.015015015016983,67.86428571428613,83.30000000000291,14,67.86428571428613,0.14285714338932717,1.6285714283585548,11.664285714072841,,1277,50164,0,0,2203,2,13,5365,4185,402,3,1,1,0,47,13,119,14,0,0,48.848533630371094,108.44848251342773,4192
70.06969999999554,254.95,9,15.667854913773072,10.010010010009134,20.04008016032298,65.54666666666647,99.90000000000873,15,65.54666666666647,0.10000000049670538,1.4400000010927518,11.346666665871938,,1266,55450,0,0,2197,4,14,5448,4252,410,3,1,1,2,47,10,121,13,0,0,65.21345520019531,109.1258430480957,4192
71.06859999999403,259.3,9,15.063565605361717,12.004801920767887,20.040080160317135,67.70625000000018,83.30000000000291,16,67.70625000000018,0.15624999860301614,1.300000000745058,11.999999999534339,,1283,54044,0,0,2231,4,14,5487,4280,416,3,1,1,2,48,5,123,5,0,0,52.58795928955078,109.20527267456055,4192
72.14919999999553,263.1,9,15.000016060219492,10,20,67.85714285714286,100,14,67.85714285714286,0.12857142835855484,1.1500000011708056,11.364285713859967,,1261,51290,0,0,2228,2,13,5477,4270,418,3,1,1,0,48,3,123,8,0,0,63.05029296875,110.24149703979492,4192
73.09569999999553,267.1,9,15.133168700797823,12.004801920767887,20,66.66666666666667,83.30000000000291,15,66.66666666666667,0.106666665772597,0.9933333337306977,11.033333333830038,,1247,49238,0,0,2228,2,13,5471,4267,418,3,1,1,0,48,0,123,2,0,0,75.53450775146484,110.20597457885742,4192
74.08929999999702,271.15,9,16.06328426364701,12.004801920767887,20.04008016032298,63.537499999999454,83.30000000000291,16,63.537499999999454,0.11250000074505806,1.049999998882413,10.975000000093132,,905,46642,0,0,2345,3,14,5473,4298,388,3,1,3,1,18,1,123,5,0,0,60.93314743041992,110.20597457885742,4192
75.1005,275.15,10,16.376252779388892,12.004801920767887,20.04008016032298,62.493750000000546,83.30000000000291,16,62.493750000000546,0.14999999944120646,2.506249999627471,10.725000001024455,,985,50534,0,0,2344,7,14,5998,4730,408,3,1,3,5,20,20,130,9,0,0,71.12477493286133,112.36746215820312,4192
76.11389999999851,279.15,10,16.251107896093764,14.970059880242129,20.040080160317135,62.5,66.79999999998836,16,62.5,0.15000000083819032,1.875,10.125000000931323,,959,68202,0,0,2300,10,14,6015,4709,422,3,1,3,8,20,27,134,35,0,3,64.53105926513672,114.16740417480469,4192
77.10489999999851,283.2,10,15.93705132455246,14.97005988023887,20.04008016032298,63.54374999999982,66.80000000000291,16,63.54374999999982,0.09375,1.6750000016763806,9.881250000093132,,963,58656,0,0,2300,5,14,6156,4828,436,3,1,3,3,20,6,139,14,0,0,55.81005859375,115.02927780151367,4192
78.1205,287.05,10,16.87735961352155,14.992503748126591,20.04008016032298,60.40625,66.69999999999709,16,60.40625,0.09375000046566129,1.6000000000931323,10.137500000651926,,960,51934,0,0,2331,5,14,6249,4894,448,3,1,3,3,21,7,142,12,0,0,78.32778930664062,115.55812072753906,4192
79.08839999999851,291.15,10,17.0594239749625,14.97005988023887,20.04008016032298,59.805882352941005,66.80000000000291,17,59.805882352941005,0.10588235057452146,1.1176470588235294,10.035294117734713,,927,43442,0,0,2331,2,13,6265,4909,450,3,1,3,0,21,0,143,0,0,0,67.6184310913086,116.27233505249023,4192
80.0948999999985,295.15,10,17.474300986185668,11.990407673861748,20.040080160317135,58.81764705882404,83.39999999999418,17,58.81764705882404,0.1117647062329685,1.0823529410888166,9.899999999824692,,941,47546,0,0,2331,2,13,6262,4905,451,3,1,3,0,21,0,143,1,0,0,56.436405181884766,116.24374008178711,4192
81.10659999999405,299.15,10,17.355012077686077,14.99250374812332,20.04008016032298,58.8235294117647,66.70000000001164,17,58.8235294117647,0.0823529402122778,0.988235295695417,10.017647058209953,,927,43442,0,0,2331,2,13,6262,4905,451,3,1,3,0,21,0,143,0,0,0,75.8326530456543,116.22506332397461,4192
82.09209999999403,303,11,16.999684800853288,12.004801920767887,20,60.412499999999454,83.30000000000291,16,60.412499999999454,0.12499999906867743,1.8937500012107193,10.249999999068677,,1098,55170,0,0,2394,6,14,6625,5215,453,3,1,3,4,22,12,148,5,0,0,74.25400924682617,117.36322021484375,4192
83.08279999999702,307,11,15.13200812821536,12.004801920767887,19.960079840317043,66.66666666666667,83.30000000000291,15,66.66666666666667,0.1333333338300387,2.719999998807907,11.64666666785876,,1226,67528,0,0,2647,18,14,6855,5338,503,3,1,4,9,40,30,155,24,0,2,79.2625961303711,120.15593338012695,4192
84.06909999999404,311.2,11,14.401512015090402,11.990407673859655,15.015015015016983,69.99333333333392,83.40000000000873,15,69.99333333333392,0.14666666785875956,2.0000000004967053,11.479999998708566,,1254,75172,0,0,2671,7,14,6919,5393,509,3,1,4,4,41,21,157,26,0,0,69.4939956665039,122.23867416381836,4192
85.13769999999553,315.2,11,14.214495070973685,10,15.037593984962406,71.42857142857143,100,14,71.42857142857143,0.19285714413438523,1.864285712795598,11.514285714498588,,1230,55120,0,0,2699,4,14,7028,5484,524,3,1,4,2,42,4,161,12,0,0,86.01921844482422,123.5837516784668,4192
86.12719999999553,319,11,14.785528265282919,12.004801920769985,15.015015015016983,67.85714285714286,83.29999999998836,14,67.85714285714286,0.12857142676200187,1.3785714299551077,11.328571427613497,,1205,55808,0,0,2696,2,13,7020,5470,529,3,1,4,0,42,1,162,6,0,0,67.93499374389648,124.12523651123047,4192
87.0705,323.1,11,15.625798680335247,14.99250374812332,20,64.57499999999982,66.70000000001164,16,64.57499999999982,0.10624999878928065,1.025000000372529,11.131250001024455,,1191,49652,0,0,2696,2,13,7018,5469,529,3,1,4,0,42,0,162,0,0,0,83.60992431640625,124.26158905029297,4192
88.108,327.1,11,15.33134981962681,10.010010010009134,20,66.66666666666667,99.90000000000873,15,66.66666666666667,0.1266666665673256,1.1733333349227906,11.153333333631357,,1205,53756,0,0,2696,2,13,7020,5470,529,3,1,4,0,42,1,162,4,0,0,65.39157104492188,124.24446868896484,4192
89.10519999999553,331.05,11,15.466992797722362,12.004801920767887,20,65.55333333333353,83.30000000000291,15,65.55333333333353,0.10666666527589162,1.080000001192093,11.05999999990066,,1191,49652,0,0,2696,2,13,7018,5469,529,3,1,4,0,42,0,162,0,0,0,78.28738784790039,124.24446868896484,4192
90.08919999999553,335.1,12,13.92926553516365,11.990407673859655,15.015015015016983,72.61428571428509,83.40000000000873,14,72.61428571428509,0.1857142863529069,3.335714284862791,12.571428571960755,,1274,64104,0,0,2579,9,14,7534,5877,551,3,1,4,7,44,31,170,24,0,0,87.25084686279297,127.20571899414062,4192
91.115,339.2,12,13.714832443962353,11.990407673859655,15.015015015016983,73.80714285714306,83.40000000000873,14,73.80714285714306,0.16428571620157786,2.400000000638621,12.82857142814568,,1359,82010,0,0,2695,7,14,7737,6018,576,3,1,4,5,48,28,177,38,0,0,79.3304672241211,129.85007858276367,4192
92.1513999999985,343.1,12,13.69119608592763,10.010010010009134,15.015015015016983,74.36153846153823,99.90000000000873,13,74.36153846153823,0.17692307726694986,2.0307692306546063,13.700000000114624,,1313,62588,0,0,2720,5,14,7865,6118,594,3,1,4,3,49,11,182,17,0,0,77.53049373626709,125.47555828094482,4192
93.12319999999553,347,12,15.468507048919296,12.004801920767887,20,65.54666666666647,83.30000000000291,15,65.54666666666647,0.14666666587193808,1.4266666680574418,11.23333333383004,,1092,47566,0,0,3096,2,13,7917,6178,587,3,1,5,0,34,0,184,0,0,0,64.57428550720215,126.2609806060791,4192
94.0893999999985,351.05,12,16.064889633235225,11.990407673859655,20.04008016032298,63.537500000000364,83.40000000000873,16,63.537500000000364,0.14999999850988388,1.2000000015832484,11.043749999720603,,1092,47566,0,0,3096,2,13,7893,6154,587,3,1,5,0,34,0,184,1,0,0,81.75051498413086,126.26099014282227,4192
95.11059999999404,355,12,16.564072199398186,14.99250374812332,20.040080160317135,61.45625000000018,66.70000000001164,16,61.45625000000018,0.125,1.1124999998137355,10.868749999441206,,1092,47566,0,0,3096,2,13,7893,6154,587,3,1,5,0,34,0,184,0,0,0,66.60346603393555,126.18994522094727,4192
96.09319999999553,358.95,12,15.597488157519065,12.004801920767887,20,65.55999999999962,83.30000000000291,15,65.55999999999962,0.1266666665673256,1.226666665573915,11.11333333402872,,1106,51670,0,0,3096,2,13,7895,6155,587,3,1,5,0,34,1,184,4,0,0,80.16204071044922,126.18994522094727,4192
97.07269999999554,362.95,13,15.468629222905934,10,20.040080160317135,66.66000000000058,100,15,66.66000000000058,0.16666666666666666,2.566666666169961,11.62666666706403,,1322,56160,0,0,3099,5,14,8656,6854,584,3,1,5,3,35,12,191,0,0,0,58.61541748046875,128.28487396240234,4192
98.08879999999702,366.95,13,14.143829911289613,11.990407673861748,15.015015015016983,71.42857142857143,83.39999999999418,14,71.42857142857143,0.17857143123235023,3.392857142857143,12.278571427932807,,1242,71364,0,0,3060,8,14,8773,6844,638,3,1,5,6,38,22,202,26,0,0,66.49633026123047,128.8495216369629,4192
99.082,371.2,13,14.20136778353953,11.990407673859655,15.015015015016983,71.10666666666609,83.40000000000873,15,71.10666666666609,0.17333333293596903,2.3600000008940696,12.15999999990066,,1198,67942,0,0,3097,3,14,8934,6962,666,3,1,5,1,39,4,209,13,0,0,61.385520935058594,129.41939544677734,4192
100.13769999999553,375,13,14.787725650206506,11.990407673861748,15.037593984962406,67.85000000000062,83.39999999999418,14,67.85000000000062,0.14285714392151153,1.5071428561849254,11.807142858526536,,1171,59686,0,0,3085,2,13,8891,6921,667,3,1,5,0,39,1,209,6,0,0,72.21826171875,129.26412200927734,4192
101.09179999999702,379.1,13,15.623303651352105,14.970059880242129,19.96007984032284,64.58124999999927,66.79999999998836,16,64.58124999999927,0.13749999785795808,1.206250000745058,11.612499999813735,,1157,49426,0,0,3085,2,13,8889,6920,667,3,1,5,0,39,0,209,0,0,0,88.06838989257812,129.07720184326172,4192
102.11869999999553,383.1,13,14.355685397881624,10.010010010010593,20,71.42857142857143,99.89999999999418,14,71.42857142857143,0.1499999990420682,1.464285715350083,13.457142856504236,,1719,60100,0,0,3900,2,13,8938,6914,716,3,1,1,0,85,0,210,3,0,0,71.08921432495117,129.14670181274414,4192
103.14259999999403,387.1,13,13.153440467919987,11.990407673859655,15.015015015016983,76.92307692307692,83.40000000000873,13,76.92307692307692,0.13076922927911466,1.2923076932246869,14.307692307119186,,1709,59620,0,0,3890,2,13,8928,6904,716,3,1,1,0,85,0,210,0,0,0,78.0203971862793,129.14670181274414,4192
104.13569999999552,390.9,13,12.832747247838284,10.010010010009134,15.015015015016983,79.16666666666667,99.90000000000873,12,79.16666666666667,0.15833333445092043,1.3249999986340601,14.858333334326744,,1709,59620,0,0,3890,2,13,8928,6904,716,3,1,1,0,85,0,210,2,0,0,81.47106552124023,129.27560806274414,4192
105.0833999999985,394.7,14,12.376694175510181,7.4962518740632955,15.015015015013702,83.32500000000073,133.39999999999418,12,83.32500000000073,0.21666666741172472,4.166666666045785,15.966666665549079,,1837,69102,0,0,3823,7,14,9766,7629,741,3,1,1,5,86,21,219,9,0,0,91.4541244506836,131.70558166503906,4192
106.1055,398.65,14,12.083484471259572,9.990009990009408,14.992503748126591,83.33333333333333,100.10000000000582,12,83.33333333333333,0.22500000149011612,3.1416666662941375,15.974999999627471,,1956,72896,0,0,3979,2,13,9793,7591,770,3,1,1,0,91,13,228,16,0,0,83.65221405029297,136.1644630432129,4192
107.11219999999552,402.75,14,11.75132278446261,10,15.015015015013702,86.09999999999975,100,12,86.09999999999975,0.18333333420256773,2.291666666045785,15.48333333308498,,1800,62224,0,0,3945,2,13,9840,7608,788,3,1,1,0,92,2,232,1,0,0,95.46379470825195,137.85679244995117,4192
108.12609999999404,406.65,14,12.166895949047081,10,15.015015015013702,83.33333333333333,100,12,83.33333333333333,0.17499999950329462,1.7500000006208818,15.383333332215747,,1800,62224,0,0,3945,2,13,9903,7655,793,3,1,1,0,92,2,234,3,0,0,101.59413528442383,138.7323341369629,4192
109.136,410.5,14,12.50035606763957,11.990407673861748,14.992503748126591,80.55000000000048,83.39999999999418,12,80.55000000000048,0.13333333283662796,1.675000000745058,15.516666667535901,,1812,62418,0,0,3976,2,13,9983,7718,801,3,1,1,0,93,0,236,0,0,0,75.52428817749023,139.0982322692871,4192
110.09809999999403,414.55,14,11.916355923116877,10,15.015015015013702,84.72499999999975,100,12,84.72499999999975,0.1583333338300387,1.724999999627471,15.641666668156782,,1838,66716,0,0,4007,2,13,10009,7732,806,3,1,1,0,94,1,237,5,0,0,80.42673873901367,139.8158950805664,4192
111.10939999999852,418.7,14,12.69330584601612,11.990407673859655,15.015015015016983,79.48461538461561,83.40000000000873,13,79.48461538461561,0.15384615384615385,1.3846153846153846,15.184615383927639,,1824,62612,0,0,4007,2,13,10007,7731,806,3,1,1,0,94,0,237,0,0,0,85.7409896850586,139.86905670166016,4192
112.14459999999404,422.55,15,15.071925323783294,10,20,69.04285714285652,100,14,69.04285714285652,0.1285714272941862,1.3928571428571428,12.664285714072841,,1111,49006,0,0,4342,2,13,10007,7790,747,3,1,3,0,35,0,237,0,0,0,97.9118766784668,139.99796295166016,4192
113.09709999999404,426.65,15,13.786062926426144,10,15.015015015013702,73.80714285714306,100,14,73.80714285714306,0.22142857313156128,4.6857142847563535,13.314285713647093,,1184,60570,0,0,4025,9,14,10491,8168,772,3,1,3,7,36,24,245,15,0,0,94.7503433227539,147.17405700683594,4192
114.12809999999403,430.6,15,14.357685558024174,11.990407673861748,15.015015015016983,70.2357142857145,83.39999999999418,14,70.2357142857145,0.1571428578879152,2.92142857078995,12.900000000106436,,1237,74668,0,0,3938,6,14,10808,8419,802,3,1,3,4,38,7,255,15,0,0,92.55440139770508,148.65496826171875,4192
115.1195,434.45,15,14.572705593256531,11.990407673859655,15.015015015016983,69.04285714285652,83.40000000000873,14,69.04285714285652,0.15714285735573089,1.935714284756354,12.43571428688509,,1157,50892,0,0,3891,3,14,10840,8439,809,3,1,3,1,38,1,257,1,0,0,107.86359405517578,149.83958435058594,4192
116.07579999999702,438.65,15,15.3125070347709,14.99250374812332,20,65.625,66.70000000001164,16,65.625,0.14374999981373549,1.5437500001862645,12.149999999441206,,1157,50892,0,0,3891,3,14,10827,8425,810,3,1,3,1,38,1,257,0,0,0,93.72775650024414,149.9817352294922,4192
117.11769999999552,442.5,15,15.666517571086255,14.97005988023887,20,64.44000000000038,66.80000000000291,15,64.44000000000038,0.14666666487852734,1.4400000010927518,11.94000000009934,,1154,50834,0,0,3891,2,13,10820,8420,810,3,1,3,0,38,0,257,0,0,0,107.0215950012207,149.96617126464844,4192
118.089,446.5,15,15.133504365804335,12.004801920767887,19.96007984032284,66.65999999999961,83.30000000000291,15,66.65999999999961,0.12666666557391484,1.4533333336313565,11.980000000695387,,1154,50834,0,0,3891,2,13,10820,8420,810,3,1,3,0,38,0,257,1,0,0,89.40821838378906,149.96617126464844,4192
119.09379999999702,450.65,15,15.62658203122786,14.97005988023887,20.04008016032298,64.58125000000018,66.80000000000291,16,64.58125000000018,0.1312499982304871,1.3625000016763806,11.91249999916181,,1154,50834,0,0,3891,2,13,10820,8420,810,3,1,3,0,38,0,257,0,0,0,105.67232131958008,149.96617126464844,4192
120.122,454.35,16,14.307942958705894,10.010010010010593,20,71.79230769230792,99.89999999999418,13,71.79230769230792,0.20769230677531317,4.369230769574642,13.16923077060626,,1334,61984,0,0,3895,8,14,11588,9085,811,3,1,3,6,41,24,267,6,0,3,96.70433044433594,156.3705177307129,4192
121.07979999999702,458.7,16,13.142891838371321,10.010010010009134,15.015015015013702,77.37857142857163,99.90000000000873,14,77.37857142857163,0.31428571471146177,3.650000000638621,15.107142856610674,,1823,76528,0,0,4802,7,14,11953,9284,914,3,1,4,2,78,19,280,20,0,1,110.60642623901367,160.15931701660156,4192
122.1633999999985,462.4,16,11.868815965563375,8.576329331045883,14.992503748126591,86.36363636363636,116.60000000000582,11,86.36363636363636,0.16363636336543344,2.727272727272727,15.927272727543658,,1672,63416,0,0,4768,2,13,12027,9315,940,3,1,4,0,79,1,287,1,0,0,125.75873184204102,164.35602188110352,4192
123.11139999999851,466.45,16,12.924241636583584,11.990407673859655,15.015015015016983,78.19999999999933,83.40000000000873,13,78.19999999999933,0.19999999954150274,2.600000000343873,14.784615385417755,,1672,63416,0,0,4768,2,13,12110,9382,946,3,1,4,0,79,0,289,0,0,0,71.73535060882568,157.75575923919678,4192
124.13059999999403,470.3,16,12.50170602084034,11.990407673859655,15.015015015016983,80.55000000000048,83.40000000000873,12,80.55000000000048,0.19166666517655054,1.5000000006208818,15.199999999254942,,1672,63416,0,0,4768,2,13,12095,9366,947,3,1,4,0,79,0,289,0,0,0,75.98624420166016,157.78671646118164,4192
125.09959999999404,474.35,16,12.922507339010856,11.990407673859655,15.015015015016983,78.20769230769208,83.40000000000873,13,78.20769230769208,0.1692307683137747,1.5,14.307692308265429,,1672,63416,0,0,4768,2,13,12095,9366,947,3,1,4,0,79,0,289,0,0,0,82.03776931762695,157.77963638305664,4192
126.096,478.35,16,13.15469177693157,11.976047904191617,15.037593984962406,76.92307692307692,83.5,13,76.92307692307692,0.1769230761207067,1.4615384621115832,14.23076923076923,,1672,63416,0,0,4768,2,13,12095,9366,947,3,1,4,0,79,0,289,0,0,0,88.7379379272461,157.77963638305664,4192
127.09709999999404,482.35,17,13.155791166670689,11.990407673859655,15.015015015016983,76.91538461538529,83.40000000000873,13,76.91538461538529,0.22307692410854194,2.7923076920784435,15.484615383813015,,2015,76730,0,0,5098,3,14,12441,9719,928,3,1,4,1,79,6,289,0,0,1,83.2202033996582,159.1160011291504,4192
128.177799999997,486.25,17,10.863810772698447,7.501875468867872,12.004801920769985,93.93636363636257,133.29999999998836,11,93.93636363636257,0.3272727280855179,6.281818181276321,18.136363636363637,,1851,71722,0,0,4877,6,14,13018,10093,995,3,1,4,4,84,22,307,6,0,1,88.51624298095703,163.2723617553711,4192
129.16469999999552,489.9,17,10.372354218837506,8.568980291344475,12.019230769233292,98.33000000000175,116.70000000001164,10,98.33000000000175,0.28999999910593033,3.480000000447035,17.669999999552964,,1818,74384,0,0,4939,2,13,13151,10187,1030,3,1,4,0,87,2,314,11,0,2,104.68721008300781,164.73003768920898,4192
130.12459999999405,493.85,17,12.085360410167004,9.990009990009408,15.015015015013702,83.32499999999952,100.10000000000582,12,83.32499999999952,0.17499999950329462,2.0250000009934106,16.391666666915018,,1806,69350,0,0,4959,2,13,13143,10171,1034,3,1,4,0,88,0,315,1,0,0,111.47136402130127,164.405987739563,4192
131.1388999999985,497.9,17,12.999219612237315,10,15.015015015013702,78.20769230769096,100,13,78.20769230769096,0.15384615384615385,1.6923076923076923,15.292307692078444,,1442,59374,0,0,5510,2,13,13143,10199,1006,3,1,5,0,60,0,315,0,0,0,120.71602821350098,164.71464729309082,4192
132.13669999999553,501.7,17,13.845127142792167,11.990407673861748,15.015015015013702,73.07692307692308,83.39999999999418,13,73.07692307692308,0.16923076888689628,1.6923076917345707,13.976923077152325,,1442,59374,0,0,5510,2,13,13143,10199,1006,3,1,5,0,60,0,315,0,0,0,97.60186195373535,164.71464729309082,4192
133.07759999999405,505.75,17,13.931002425048431,11.990407673861748,15.015015015020264,72.61428571428613,83.39999999999418,14,72.61428571428613,0.14285714072840555,1.6928571446665697,13.899999999042068,,1442,59374,0,0,5510,2,13,13143,10199,1006,3,1,5,0,60,0,315,0,0,0,107.99040031433105,164.71464729309082,4192
134.09459999999405,509.8,17,13.9292655351635,11.990407673857565,15.015015015020264,72.61428571428613,83.40000000002328,14,72.61428571428613,0.228571428252118,1.742857144347259,14.028571427400623,,1442,59374,0,0,5510,2,13,13143,10199,1006,3,1,5,0,60,0,315,0,0,0,117.64372825622559,164.71464729309082,4192
135.1178999999985,513.6,18,12.798321641313338,8.568980291346612,15.015015015013702,80.5583333333343,116.69999999998254,12,80.5583333333343,0.25000000062088173,4.941666667660077,15.116666665300727,,1660,67392,0,0,5274,6,14,13658,10653,993,3,1,5,4,63,14,323,2,0,3,104.6096248626709,167.63792991638184,4192
136.11269999999553,517.7,18,11.667903873081096,10,12.004801920769985,86.09999999999854,100,12,86.09999999999854,0.2749999997516473,5.066666667660077,16.441666667039197,,1568,65112,0,0,5223,2,13,14222,11054,1076,3,1,5,0,66,2,340,5,0,1,123.31814002990723,173.4467716217041,4192
137.128,521.5,18,12.585490285296638,10,15.015015015013702,80.55000000000048,100,12,80.55000000000048,0.17500000074505806,2.5083333322157464,15.216666668032607,,1541,63984,0,0,5250,2,13,14324,11113,1098,3,1,5,0,67,1,344,2,0,1,138.10413932800293,176.21518898010254,4192
138.08989999999852,525.55,18,13.001578295962373,10,15.015015015020264,78.20000000000044,100,13,78.20000000000044,0.18461538278139555,1.9230769236500447,14.892307692995438,,1527,61932,0,0,5250,2,13,14292,11080,1100,3,1,5,0,67,0,344,0,0,0,115.93415260314941,178.3165683746338,4192
139.09909999999405,529.5,18,13.383890594442361,11.990407673857565,15.015015015020264,75.6461538461534,83.40000000002328,13,75.6461538461534,0.18461538335451713,1.7538461559093916,14.638461537659168,,1527,61932,0,0,5250,2,13,14292,11080,1100,3,1,5,0,67,0,344,0,0,0,122.68081855773926,178.2953281402588,4192
140.0795,533.45,18,13.154545056023805,11.990407673861748,15.015015015013702,76.91538461538417,83.39999999999418,13,76.91538461538417,0.16923077060626104,2.407692307463059,14.607692308723927,,1527,61932,0,0,5250,2,13,14292,11080,1100,3,1,5,0,67,0,344,0,0,0,107.95606517791748,177.2873411178589,4192
141.1048999999985,537.4,18,10.908658282731487,9.990009990009408,12.004801920769985,92.42727272727379,100.10000000000582,11,92.42727272727379,0.19090909307653253,1.7454545450481502,19.35454545440999,,2205,76054,0,0,6317,2,13,14292,11025,1155,3,1,1,0,122,0,344,0,0,0,102.49174690246582,167.33999824523926,4192
142.11509999999404,541.2,18,11.09302366846306,9.990009990009408,12.019230769233292,90.89999999999947,100.10000000000582,11,90.89999999999947,0.20909090881997888,1.745454546402801,18.55454545264894,,2205,76054,0,0,6317,2,13,14292,11025,1155,3,1,1,0,122,0,344,0,0,0,103.54605293273926,167.33999824523926,4192
143.1293999999985,544.65,19,9.429187863808993,8.561643835617291,11.990407673861748,107.40000000000065,116.79999999998836,9,107.40000000000065,0.8999999985098839,7.9666666678256455,21.97777777744664,,2478,91278,0,0,6331,4,14,15249,11837,1192,3,1,1,2,125,13,358,6,0,5,106.83885383605957,171.5317211151123,4192
144.11319999999552,548.55,19,9.771883518753747,8.561643835617291,12.019230769229088,103.33999999999942,116.79999999998836,10,103.33999999999942,0.5599999986588955,4.470000001043081,22.38999999985099,,2366,81780,0,0,6416,2,13,15289,11792,1231,3,1,1,0,130,6,368,4,0,11,106.31717491149902,173.03106117248535,4192
145.12919999999554,552.25,19,10.401408268004849,9.990009990009408,12.019230769229088,96.66000000000058,100.10000000000582,10,96.66000000000058,0.27000000029802323,2.3099999994039537,20.190000000596047,,2316,80276,0,0,6402,2,13,15294,11786,1238,3,1,1,0,130,5,369,5,0,13,108.44793510437012,173.18375205993652,4192
146.0993999999985,556.35,19,10.3637159425255,9.990009990009408,11.990407673861748,96.9636363636369,100.10000000000582,11,96.9636363636369,0.23636363649910147,2.027272727001797,20.809090908955444,,2316,80276,0,0,6402,2,13,15279,11773,1238,3,1,1,0,130,3,369,0,0,8,108.63822364807129,173.18375205993652,4192
147.16379999999702,560.15,19,10.400521960464232,10,12.004801920769985,96.65999999999767,100,10,96.65999999999767,0.3,2.0399999991059303,19.999999999254943,,2316,80276,0,0,6402,2,13,15279,11773,1238,3,1,1,0,130,3,369,0,0,11,106.3091869354248,173.17667198181152,4192
148.12239999999852,564.2,19,10.545457410492503,9.990009990009408,12.004801920769985,95.45454545454545,100.10000000000582,11,95.45454545454545,0.23636363582177597,2.1363636363636362,19.845454546538267,,2316,80276,0,0,6402,2,13,15308,11799,1241,3,1,1,0,130,0,370,6,0,2,107.00375556945801,173.2644214630127,4192
149.18269999999552,567.95,19,10.400523960465813,9.990009990012314,12.004801920765791,96.66000000000058,100.09999999997672,10,96.66000000000058,0.23000000044703484,1.9900000013411046,19.579999998956918,,2316,80276,0,0,6402,2,13,15297,11788,1241,3,1,1,0,130,0,370,0,0,0,103.76751899719238,173.2644214630127,4192
150.14259999999405,571.7,19,10.400962384155578,9.990009990009408,12.004801920769985,96.66000000000058,100.10000000000582,10,96.66000000000058,0.19999999925494194,1.95,20.260000000149013,,1464,59930,0,0,6760,2,13,15297,11853,1176,3,1,3,0,65,0,370,0,0,0,102.0406322479248,173.2608814239502,4192
151.08859999999405,575.45,20,11.40964642256457,7.501875468867872,14.99250374812332,90.89999999999947,133.29999999998836,11,90.89999999999947,1.0818181823600421,8.345454545183616,17.71818181736903,,1653,70536,0,0,6838,9,14,16292,12662,1222,3,1,3,7,71,21,387,8,0,10,106.33505535125732,176.939040184021,4192
152.0938999999985,579.55,20,11.83293701173501,10,12.004801920769985,84.72500000000097,100,12,84.72500000000097,0.35833333370586234,3.7749999997516475,17.05833333420257,,1603,69270,0,0,6846,3,14,16442,12745,1262,3,1,3,1,73,3,397,4,0,9,134.70362377166748,179.00632762908936,4192
153.131,583.75,20,12.538473902908285,10,15.015015015013702,80.76923076923077,100,13,80.76923076923077,0.26153846085071564,2.5076923072338104,16.17692307726695,,1556,62040,0,0,6833,2,13,16502,12780,1272,3,1,3,0,73,1,400,0,0,2,119.15118026733398,178.71171951293945,4192
154.15119999999553,587.55,20,12.66823277834668,10,15.015015015020264,80.55000000000048,100,12,80.55000000000048,0.22500000024835268,2.4416666657974324,16.116666667163372,,1556,62040,0,0,6805,2,13,16508,12777,1277,3,1,3,0,73,0,401,0,0,0,127.88996887207031,179.2863311767578,4192
155.1298999999985,591.6,20,12.923619773311767,11.990407673857565,15.015015015020264,78.19999999999821,83.40000000002328,13,78.19999999999821,0.2384615374299196,2.046153846841592,15.784615384271511,,1556,62040,0,0,6805,2,13,16508,12777,1277,3,1,3,0,73,0,401,0,0,0,135.6351203918457,178.9933624267578,4192
156.13269999999554,595.6,20,13.155791166670713,11.990407673857565,15.015015015020264,76.9153846153864,83.40000000002328,13,76.9153846153864,0.1923076917345707,2.0846153841568875,16.00769230723381,,1556,62040,0,0,6805,2,13,16508,12777,1277,3,1,3,0,73,0,401,0,0,0,110.35803985595703,178.9827423095703,4192
157.14409999999404,599.7,20,12.923131725163396,11.990407673861748,15.015015015013702,78.20769230769096,83.39999999999418,13,78.20769230769096,0.2307692296229876,2.0153846150407424,15.692307692307692,,1556,62040,0,0,6805,2,13,16508,12777,1277,3,1,3,0,73,0,401,1,0,0,117.57951736450195,178.9827423095703,4192
158.15059999999403,603.3,21,12.14328426478868,8.568980291344475,14.992503748129861,84.8363636363647,116.70000000001164,11,84.8363636363647,0.3727272715080868,5.709090908819979,18.163636363365434,,1888,71544,0,0,6693,5,14,17214,13384,1274,3,1,3,3,78,15,413,0,0,11,131.43260955810547,182.5396842956543,4192
159.10759999999405,607.2,21,11.09091300280137,9.990009990009408,12.004801920769985,90.9090909090909,100.10000000000582,11,90.9090909090909,0.5,5.636363636363637,19.845454545183614,,1702,70696,0,0,6742,6,14,17746,13765,1345,3,1,3,4,81,17,426,9,0,11,109.97185516357422,180.2709846496582,4192
160.10469999999552,611.2,21,11.08960443490062,9.990009990009408,12.004801920769985,90.91818181818235,100.10000000000582,11,90.91818181818235,0.45454545454545453,4.0181818184527485,19.809090907600794,,2151,79396,0,0,7514,2,13,17902,13816,1422,3,1,4,0,118,0,436,0,0,0,109.47823238372803,183.43621349334717,4192
161.1095,615.1,21,10.910370381402627,9.990009990009408,12.019230769229088,92.4181818181797,100.10000000000582,11,92.4181818181797,0.29090909185734665,2.381818180734461,18.918181819671933,,2120,78356,0,0,7501,2,13,17919,13819,1430,3,1,4,0,118,0,437,0,0,0,115.12814331054688,183.58021926879883,4192
162.12669999999554,619,21,10.909568283641423,9.990009990009408,12.004801920769985,92.41818181818235,100.10000000000582,11,92.41818181818235,0.24545454437082465,2.2454545470801266,19.04545454342257,,2120,78356,0,0,7501,2,13,17909,13809,1430,3,1,4,0,118,0,437,0,0,0,115.06208419799805,183.58021926879883,4192
163.14789999999851,622.9,21,10.909568283641425,9.990009990009408,12.004801920769985,92.41818181818235,100.10000000000582,11,92.41818181818235,0.26363636417822406,2.20000000027093,18.88181818073446,,2120,78356,0,0,7501,2,13,17909,13809,1430,3,1,4,0,118,0,437,0,0,0,115.47143173217773,183.57313919067383,4192
164.16269999999554,626.9,21,10.728113843149112,9.990009990009408,12.019230769233292,93.93636363636257,100.10000000000582,11,93.93636363636257,0.24545454504815015,2.1545454554937105,19.418181816962633,,2120,78356,0,0,7501,2,13,17909,13809,1430,3,1,4,0,118,0,437,0,0,0,114.99062728881836,183.57313919067383,4192
165.18369999999553,630.4,21,11.000523112003695,10,12.004801920769985,91.66000000000058,100,10,91.66000000000058,0.23999999836087227,2.1900000013411045,19.369999999552967,,2120,78356,0,0,7501,2,13,17909,13809,1430,3,1,4,0,118,0,437,0,0,0,112.5034065246582,183.57313919067383,4192
166.09919999999553,634.05,22,10.063986756697485,7.501875468866234,12.004801920769985,101.67000000000117,133.30000000001746,10,101.67000000000117,0.4800000011920929,7.039999999850989,21.73999999910593,,2312,85636,0,0,7396,7,14,19091,14818,1463,3,1,4,5,121,23,453,2,0,11,135.28203582763672,187.72360610961914,4192
167.14789999999851,637.9,22,9.629103692865316,8.568980291344475,11.990407673857565,104.98999999999941,116.70000000001164,10,104.98999999999941,0.6100000016391277,4.799999999254942,22.35000000074506,,2334,96684,0,0,7411,3,14,19081,14728,1506,3,1,4,1,124,13,463,12,0,11,137.7199363708496,189.87933349609375,4192
168.20469999999554,641.75,22,10.057382221215445,8.568980291344475,12.004801920769985,100,116.70000000001164,10,100,0.3900000013411045,3.5799999997019767,21.03999999910593,,2249,82314,0,0,7479,2,13,19261,14852,1533,3,1,4,0,126,4,470,0,0,15,150.65382766723633,190.56975936889648,4192
169.190799999997,645.6,22,10.200041768387234,10,11.990407673861748,98.32999999999883,100,10,98.32999999999883,0.31000000014901163,2.7199999995529653,20.26000000089407,,2232,83264,0,0,7464,3,14,19301,14873,1541,3,1,4,1,126,5,472,3,0,11,153.64934921264648,190.77934646606445,4192
170.18109999999405,649.25,22,10.655800004653114,8.576329331045883,11.990407673861748,95,116.60000000000582,10,95,0.33000000193715096,2.3899999976158144,19.81000000163913,,1855,71298,0,0,7956,2,13,19291,14895,1512,3,1,5,0,95,2,472,0,0,6,154.65946578979492,191.81047439575195,4192
171.10689999999852,653.35,22,11.667906756543774,10,12.019230769233292,86.10000000000097,100,12,86.10000000000097,0.29166666604578495,2.375000001862645,17.958333332712453,,1855,71298,0,0,7956,2,13,19291,14895,1512,3,1,5,0,95,2,472,0,0,9,128.30596923828125,193.01091384887695,4192
172.13719999999552,657.45,22,11.666707235968332,10,12.019230769229088,86.10833333333237,100,12,86.10833333333237,0.2499999993791183,2.383333332836628,17.71666666616996,,1855,71298,0,0,7956,2,13,19327,14926,1515,3,1,5,0,95,0,473,0,0,0,133.65851974487305,193.1002197265625,4192
173.16319999999553,661.15,22,11.818621496996217,10,12.004801920769985,84.84545454545614,100,11,84.84545454545614,0.23636363446712494,2.45454545522278,17.80909090827812,,1855,71298,0,0,7956,2,13,19355,14945,1518,3,1,5,0,95,0,474,0,0,0,135.17536544799805,193.20212936401367,4192
174.10659999999405,664.85,23,10.314534113781002,8.568980291346612,12.004801920769985,98.32999999999883,116.69999999998254,10,98.32999999999883,0.5100000001490116,7.880000000447035,20.920000000298025,,2060,80718,0,0,8072,4,14,20527,15896,1575,3,1,5,2,99,20,495,3,0,16,143.24664688110352,205.62217712402344,4192
175.11009999999405,668.75,23,10.778833291288484,8.576329331045883,12.004801920769985,93.93636363636523,116.60000000000582,11,93.93636363636523,0.5363636382601478,4.845454543828964,19.28181818263097,,1965,74202,0,0,8049,3,14,20899,16161,1622,3,1,5,1,101,4,510,4,0,14,173.5493278503418,210.9420509338379,4192
176.12959999999404,672.6,23,11.092626428884643,9.990009990009408,12.019230769233292,90.89999999999947,100.10000000000582,11,90.89999999999947,0.3727272721854123,3.5454545440998944,19.345454545860942,,1937,73372,0,0,8076,3,14,21062,16251,1654,3,1,5,1,102,4,517,1,0,8,159.64392852783203,215.62895584106445,4192
177.12489999999852,676.55,23,11.090913002801368,9.990009990009408,12.004801920769985,90.9090909090909,100.10000000000582,11,90.9090909090909,0.30909090827811847,3.1090909100391646,19.727272727272727,,1936,73670,0,0,8078,2,13,21163,16329,1662,3,1,5,0,102,2,520,0,0,6,168.66046142578125,217.58472442626953,4192
178.118,680.35,23,11.453318068471505,10,12.019230769229088,87.8818181818166,100,11,87.8818181818166,0.3000000004063953,2.9181818176399577,18.909090909768235,,1936,73670,0,0,8078,2,13,21276,16426,1668,3,1,5,0,102,1,522,0,0,4,175.04874420166016,218.58777618408203,4192
179.0968999999985,684.6,23,11.167907463595649,9.990009990009408,12.019230769233292,90.26666666666763,100.10000000000582,12,90.26666666666763,0.2833333319673936,2.7500000012417636,19.158333333209157,,1936,73670,0,0,8078,2,13,21296,16429,1675,3,1,5,0,102,0,524,0,0,0,181.36256790161133,219.2237548828125,4192
180.1743999999985,688,23,9.91310166214182,7.4962518740632955,12.004801920769985,103.69999999999871,133.39999999999418,9,103.69999999999871,0.24444444560342365,2.4666666645142765,24.066666667660076,,2964,101658,0,0,9268,2,13,21296,16350,1754,3,1,1,0,181,0,524,0,0,0,180.09344863891602,220.0167236328125,4192
181.134299999997,691.6,23,8.571429971245657,8.568980291344475,8.576329331048024,116.66666666666667,116.70000000001164,9,116.66666666666667,0.29999999867545235,2.5111111112766795,26.133333332836628,,2964,101658,0,0,9268,2,13,21296,16350,1754,3,1,1,0,181,0,524,0,0,0,175.4179344177246,221.2313232421875,4192
182.18469999999553,694.4,24,7.549647894627144,5.452562704471275,8.576329331045883,135.7000000000033,183.39999999999418,7,135.7000000000033,0.6857142863529069,10.214285715350083,32.81428571258272,,3166,109264,0,0,9583,5,14,22555,17373,1822,3,1,1,3,189,12,548,0,0,26,186.59460067749023,236.68865203857422,4192
183.16279999999702,697.6,24,8.035859241330382,7.4962518740632955,8.576329331045883,125,133.39999999999418,8,125,0.5375000014901161,4.274999998509884,27.26250000204891,,3091,105796,0,0,9582,5,14,22619,17353,1860,3,1,1,3,191,11,556,0,0,40,193.25992965698242,240.7716293334961,4192
184.1438999999985,701.2,24,8.333862438483148,7.49625187406166,8.576329331048024,120.36666666666537,133.40000000002328,9,120.36666666666537,0.5444444451067183,3.0666666668322353,26.72222222222222,,3125,106598,0,0,9617,5,14,22716,17432,1866,3,1,1,3,192,8,559,0,0,17,193.7258758544922,243.9771614074707,4192
185.24229999999702,704.4,24,7.902039777296455,7.501875468866234,8.568980291346612,127.07500000000073,133.30000000001746,8,127.07500000000073,0.5124999992549419,3.8250000001862645,28.200000001117587,,3136,106362,0,0,9666,5,14,22978,17629,1891,3,1,1,3,194,7,566,0,0,18,196.0414276123047,246.72496795654297,4192
186.23869999999553,707.6,24,8.304041345651068,7.501875468866234,8.576329331045883,120.82500000000073,133.30000000001746,8,120.82500000000073,0.4500000001862645,3.0499999998137355,26.67500000167638,,3116,105850,0,0,9664,5,14,22963,17612,1893,3,1,1,3,194,7,566,0,0,24,188.93955612182617,247.7713851928711,4192
187.21679999999702,710.8,24,8.16881703839552,7.4962518740632955,8.568980291346612,122.92499999999927,133.39999999999418,8,122.92499999999927,0.4249999998137355,3.537499999627471,27.162500001490116,,3215,109158,0,0,9768,4,14,23127,17756,1901,3,1,1,2,196,4,569,0,0,15,187.00288009643555,248.96271133422852,4192
188.1985,714,24,8.170653242841368,7.501875468867872,8.576329331048024,122.89999999999782,133.29999999998836,8,122.89999999999782,0.4375000009313226,3.074999999254942,27.1875,,3138,106358,0,0,9727,4,14,23073,17699,1904,3,1,1,2,196,4,569,0,0,12,211.0596046447754,249.13793563842773,4192
189.173,717.2,24,8.304257026263109,7.4962518740632955,8.576329331045883,120.82500000000073,133.39999999999418,8,120.82500000000073,0.43749999813735485,2.800000003539026,26.924999998882413,,3132,106242,0,0,9727,2,13,23049,17679,1904,3,1,1,0,196,2,569,0,0,10,202.9295196533203,250.32934188842773,4192
190.15489999999852,720.4,24,8.169031663528182,7.4962518740632955,8.576329331045883,122.92499999999927,133.39999999999418,8,122.92499999999927,0.2999999998137355,2.650000000372529,26.90000000037253,,3132,106242,0,0,9727,2,13,23035,17669,1904,3,1,1,0,196,0,569,0,0,0,193.1924591064453,250.10961532592773,4192
191.13269999999554,723.9,25,9.190942755654326,7.501875468867872,12.004801920769985,111.10000000000258,133.29999999998836,9,111.10000000000258,0.544444444278876,8.077777777281073,24.344444445437855,,2170,82748,0,0,10133,7,14,24000,18580,1826,3,1,3,5,119,18,585,0,0,23,199.77748489379883,263.50357818603516,4192
192.11389999999852,727.75,25,9.628809212587143,8.568980291344475,12.004801920769985,105,116.70000000001164,10,105,0.6899999983608722,6.590000002086162,24.33999999910593,,2197,82602,0,0,10254,5,14,24432,18830,1924,3,1,3,3,123,6,603,2,0,16,214.89633178710938,272.5951843261719,4192
193.15929999999702,731.65,25,9.914306633595363,8.576329331048024,11.990407673857565,101.65999999999767,116.59999999997672,10,101.65999999999767,0.4900000005960464,4.779999999701976,23.000000001490115,,2210,81102,0,0,10347,2,13,24952,19227,1969,3,1,3,0,126,3,617,0,0,10,237.59473037719727,277.33374404907227,4192
194.177,735.45,25,10.057944798526446,8.568980291344475,11.990407673861748,99.99000000000233,116.70000000001164,10,99.99000000000233,0.31000000089406965,3.3800000004470347,21.61000000014901,,2190,80142,0,0,10327,2,13,25055,19292,1989,3,1,3,0,126,0,621,0,0,0,243.2366943359375,279.7466621398926,4192
195.15969999999552,739.25,25,10.256864872446762,8.568980291344475,12.019230769229088,98.33999999999942,116.70000000001164,10,98.33999999999942,0.2700000010430813,2.9099999986588956,21.520000000298023,,2190,80142,0,0,10327,2,13,25023,19259,1990,3,1,3,0,126,0,621,0,0,0,243.3656463623047,281.71025466918945,4192
196.14979999999701,743.05,25,10.201046769392294,9.990009990009408,11.990407673861748,98.31999999999826,100.10000000000582,10,98.31999999999826,0.31000000089406965,2.849999997764826,21.840000001341103,,2190,80142,0,0,10327,2,13,25023,19259,1990,3,1,3,0,126,0,621,0,0,0,240.9163055419922,282.46025466918945,4192
197.13529999999702,746.9,25,10.200482192078578,9.990009990009408,12.004801920765791,98.33000000000175,100.10000000000582,10,98.33000000000175,0.30000000149011613,2.9099999994039534,21.569999999552966,,2190,80142,0,0,10327,2,13,25023,19259,1990,3,1,3,0,126,0,621,0,0,0,238.68856811523438,282.45317459106445,4192
198.1125,751.1,25,10.363606221193013,9.990009990009408,12.019230769229088,96.97272727272569,100.10000000000582,11,96.97272727272569,0.36363636228171264,2.836363638666543,21.30909090827812,,2190,80142,0,0,10327,2,13,25023,19259,1990,3,1,3,0,126,0,621,0,0,0,238.3509521484375,282.45317459106445,4192
199.1878999999985,754.2,26,8.914566591031724,6.666666666666667,10.010010010007678,114.57500000000073,150,8,114.57500000000073,0.724999999627471,10.237499998882413,25.062500001862645,,2441,91970,0,0,10409,5,14,26314,20371,2032,3,1,3,3,130,19,638,5,0,13,244.32787704467773,294.7352294921875,4192
200.11889999999852,758.1,26,9.179690112887725,7.49625187406166,10.010010010010593,109.98999999999941,133.40000000002328,10,109.98999999999941,0.7799999989569187,6.150000000745058,27.18999999985099,,2323,84404,0,0,10391,7,14,26583,20457,2102,3,1,3,5,133,14,658,0,0,24,143.79572296142578,267.5555076599121,4192
201.2108999999985,761.3,26,8.616522592654563,7.4962518740632955,10,116.66250000000218,133.39999999999418,8,116.66250000000218,0.6250000018626451,4.98749999795109,27.487500000745058,,2787,97210,0,0,11196,5,14,27064,20812,2170,3,1,4,2,170,7,670,0,0,17,158.97330474853516,269.9100799560547,4192
202.1653999999985,764.85,26,8.651154205485296,7.4962518740632955,10.010010010010593,116.66666666666667,133.39999999999418,9,116.66666666666667,0.8333333341611756,4.444444443616602,27.200000000496704,,2777,96848,0,0,11283,2,13,27162,20860,2196,3,1,4,0,171,4,675,0,0,15,143.76021194458008,272.6472587585449,4192
203.21509999999404,768.05,26,8.616522592654832,7.4962518740632955,10,116.66249999999854,133.39999999999418,8,116.66249999999854,0.46250000037252903,3.7625000001862645,25.84999999962747,,2778,96514,0,0,11303,2,13,27251,20927,2202,3,1,4,0,172,3,678,0,0,11,173.1029167175293,273.0624008178711,4192
204.14,771.65,26,8.731248721062856,8.568980291344475,10,114.80000000000129,116.70000000001164,9,114.80000000000129,0.40000000099341076,3.788888889054457,25.888888889716732,,2758,96002,0,0,11301,2,13,27537,21155,2224,3,1,4,0,172,0,685,0,0,1,146.59361267089844,273.7056694030762,4192
205.16669999999553,775.25,26,8.730138719953027,8.568980291344475,9.990009990009408,114.81111111110982,116.70000000001164,9,114.81111111110982,0.3111111107799742,3.188888887564341,25.400000000993412,,2758,96002,0,0,11301,2,13,27532,21137,2231,3,1,4,0,172,0,686,0,0,0,174.28025817871094,273.82054901123047,4192
206.199,778.8,26,8.888913454347511,8.568980291344475,10.010010010010593,112.96666666666796,116.70000000001164,9,112.96666666666796,0.3333333333333333,3.0666666660043926,26.322222222884495,,2758,96002,0,0,11301,2,13,27532,21137,2231,3,1,4,0,172,0,686,0,0,0,168.68615341186523,273.82054901123047,4192
207.2188999999985,782,27,8.750613644814978,8.568980291344475,10,114.57500000000073,116.70000000001164,8,114.57500000000073,0.36250000074505806,3.099999999627471,25.637500000186265,,2758,96002,0,0,11301,2,13,27532,21137,2231,3,1,4,0,172,0,686,0,0,0,160.2469825744629,273.77806854248047,4192
208.13559999999404,785.2,27,7.572447663330028,5.452562704471275,8.576329331045883,135.41249999999854,183.39999999999418,8,135.41249999999854,0.9624999994412065,14.112500000745058,30.737499999813735,,2961,104794,0,0,11374,7,14,28902,22229,2304,3,1,4,5,180,22,713,3,0,13,176.7954502105713,281.30579566955566,4192
209.24659999999403,788.4,27,7.901552508558114,7.49625187406166,8.576329331048024,127.08750000000146,133.40000000002328,8,127.08750000000146,0.7625000020489097,6.0249999994412065,29.28749999869615,,2949,102146,0,0,11481,4,14,29113,22356,2348,3,1,4,2,184,9,724,1,0,13,199.72902488708496,283.330602645874,4192
210.2493999999985,791.6,27,8.170653242841492,7.501875468866234,8.576329331048024,122.89999999999782,133.30000000001746,8,122.89999999999782,0.48749999795109034,4.6375000001862645,29.312500001862645,,2959,101718,0,0,11591,2,13,29416,22573,2389,3,1,4,0,188,1,734,0,0,2,180.87055015563965,284.3436908721924,4192
211.23,794.8,27,8.482000179270209,7.501875468867872,10,118.75,133.29999999998836,8,118.75,0.40000000037252903,3.662499999627471,27.40000000130385,,2460,88560,0,0,12494,2,13,29534,22694,2364,3,1,5,0,150,0,738,0,0,0,209.33246326446533,284.6505174636841,4192
212.16029999999702,798.8,27,9.57116489434478,8.568980291344475,10,105,116.70000000001164,10,105,0.31999999806284907,3.2400000013411043,23.500000000745057,,2460,88560,0,0,12494,2,13,29521,22680,2365,3,1,5,0,150,0,738,0,0,0,210.65849018096924,284.6109972000122,4192
213.20769999999553,802.35,27,9.52492221374973,8.568980291344475,10.010010010010593,105.5444444444438,116.70000000001164,9,105.5444444444438,0.3888888872332043,3.36666666633553,23.700000000496704,,2460,88560,0,0,12494,2,13,29521,22680,2365,3,1,5,0,150,0,738,0,0,0,206.5982789993286,284.6109972000122,4192
214.16589999999852,805.9,27,9.523518771496422,8.568980291346612,10.010010010010593,105.55555555555556,116.69999999998254,9,105.55555555555556,0.32222222205665374,3.177777777943346,23.66666666749451,,2460,88560,0,0,12494,2,13,29521,22680,2365,3,1,5,0,150,0,738,0,0,0,201.27677631378174,284.6109972000122,4192
215.121299999997,809.9,27,9.428797827449444,8.568980291344475,10,106.66000000000058,116.70000000001164,10,106.66000000000058,0.3299999997019768,3.2099999986588954,23.710000000149012,,2460,88560,0,0,12494,2,13,29521,22680,2365,3,1,5,0,150,0,738,0,0,0,197.7177972793579,284.6109972000122,4192
216.181,813.05,28,8.914233969743014,6.666666666666667,10.010010010007678,114.57500000000073,150,8,114.57500000000073,0.4874999988824129,7.562500000931323,27.112500000745058,,2979,103946,0,0,12581,4,14,30405,23481,2358,3,1,5,2,157,12,749,0,0,8,205.89038944244385,288.04162311553955,4192
217.15029999999703,816.65,28,8.122244507892411,6.662225183210934,8.576329331048024,124.06666666666732,150.10000000000582,9,124.06666666666732,0.9666666669978036,8.911111110614407,28.311111109952133,,2693,99810,0,0,12509,9,14,30980,23816,2456,3,1,5,7,161,26,769,7,0,12,216.9898920059204,292.42775440216064,4192
218.23789999999852,819.85,28,8.303338396300639,7.4962518740632955,8.576329331048024,120.83749999999782,133.39999999999418,8,120.83749999999782,0.6749999979510903,6.812500001862645,27.625,,2671,94836,0,0,12576,2,13,31555,24257,2516,3,1,5,0,164,3,788,0,0,5,242.85875034332275,295.191632270813,4192
219.184,823.45,28,8.88914231162309,8.568980291344475,10,112.9555555555562,116.70000000001164,9,112.9555555555562,0.3777777776122093,4.455555556548966,25.933333333167766,,2621,92950,0,0,12581,2,13,31600,24250,2544,3,1,5,0,165,0,793,0,0,0,221.39869022369385,295.32400608062744,4192
220.1998999999985,827.05,28,9.047619980830437,8.568980291344475,10,111.11111111111111,116.70000000001164,9,111.11111111111111,0.36666666633552975,3.4333333339956074,25.144444443285465,,2621,92950,0,0,12581,2,13,31587,24236,2545,3,1,5,0,165,0,793,0,0,0,246.8765344619751,295.34976291656494,4192
221.19509999999403,830.6,28,8.701684100730963,5.455537370431334,10.010010010010593,118.51111111111176,183.29999999998836,9,118.51111111111176,0.333333332505491,3.388888889716731,28.97777777744664,,3904,128668,0,0,13767,2,13,31587,24137,2644,3,1,1,0,264,0,793,0,0,0,244.08464908599854,295.59976291656494,4192
222.3043999999985,833,28,6.8058681337002005,6.666666666666667,7.501875468867872,147.21666666666474,150,6,147.21666666666474,0.5666666651765505,3.4500000004967055,33.75,,3904,128668,0,0,13767,2,13,31587,24137,2644,3,1,1,0,264,0,793,0,0,0,230.9784631729126,295.58914279937744,4192
223.19259999999403,835.8,28,6.809599281425734,6.002400960383944,7.501875468866234,147.6142857142882,166.60000000000582,7,147.6142857142882,0.35714285714285715,3.514285714498588,33.92857142857143,,3904,128668,0,0,13767,2,13,31587,24137,2644,3,1,1,0,264,0,793,0,0,0,249.09419345855713,295.58914279937744,4192
224.2325,838.6,28,6.666667513227888,6.662225183210934,6.6711140760509595,150,150.10000000000582,7,150,0.32857143027441843,3.400000000638621,34.29999999808414,,3904,128668,0,0,13767,2,13,31587,24137,2644,3,1,1,0,264,0,793,0,0,0,238.60823154449463,295.58914279937744,4192
225.27059999999403,841,28,6.944677538926702,6.666666666666667,7.4962518740632955,144.4333333333343,150,6,144.4333333333343,0.2999999982615312,3.483333334326744,35.266666665673256,,3904,128668,0,0,13767,2,13,31587,24137,2644,3,1,1,0,264,0,793,0,0,0,222.34181308746338,295.83914279937744,4192
226.18169999999552,843.4,29,5.853700912897696,5,6.666666666666667,172.21666666666474,200,6,172.21666666666474,3.366666667163372,14.966666667411724,37.40000000099341,,4249,141830,0,0,13563,6,14,33264,25619,2691,3,1,1,4,270,17,812,0,0,16,196.90343952178955,275.3334970474243,4192
227.225799999997,845.8,29,6.020767739628353,5.455537370431334,6.666666666666667,166.64999999999904,183.29999999998836,6,166.64999999999904,0.883333332836628,9.399999998509884,37.08333333581686,,4147,136942,0,0,13475,6,14,33068,25303,2733,3,1,1,4,273,17,825,0,0,13,198.04110050201416,278.49273014068604,4192
228.19219999999552,848.6,29,6.380832477704495,5.99880023995159,6.666666666666667,157.14285714285714,166.70000000001164,7,157.14285714285714,0.8000000012772424,7.028571428997176,36.77142857015133,,4105,134104,0,0,13560,6,14,33750,25821,2803,3,1,1,4,278,7,844,0,0,9,217.50122928619385,281.28167819976807,4192
229.2993999999985,851,29,6.3333335733813625,5.99880023995159,6.666666666666667,158.33333333333334,166.70000000001164,6,158.33333333333334,0.5833333320915699,6.116666665921609,37.150000002235174,,4140,134446,0,0,13656,6,14,34156,26132,2838,3,1,1,4,281,4,855,0,0,9,222.63338565826416,282.6007966995239,4192
230.24459999999405,853.4,29,6.444645632155127,5.99880023995159,6.6711140760509595,155.5500000000029,166.70000000001164,6,155.5500000000029,0.866666667163372,4.283333331346512,36.166666665424906,,4112,133168,0,0,13665,6,14,34112,26060,2854,3,1,1,4,282,4,857,0,0,13,215.2652072906494,282.85100746154785,4192
231.17569999999552,856.2,29,6.286057485810452,5.99880023995159,6.666666666666667,159.51428571428238,166.70000000001164,7,159.51428571428238,0.5571428590587207,5.071428570364203,38.300000000212876,,4272,139034,0,0,13822,2,13,34295,26217,2864,3,1,1,0,285,0,861,0,0,0,217.73473167419434,284.2967472076416,4192
232.30019999999553,858.6,29,6.222482495163678,5.998800239952638,6.666666666666667,161.10000000000096,166.69999999998254,6,161.10000000000096,0.4166666641831398,4.733333334326744,38.266666665673256,,4155,134958,0,0,13796,2,13,34314,26212,2876,3,1,1,0,286,0,863,0,0,0,208.93543338775635,284.0162019729614,4192
233.261,861.8,29,8.140728505873007,6.666666666666667,10,124.98749999999927,150,8,124.98749999999927,0.36250000074505806,3.687499998137355,29.637500001117587,,2785,97102,0,0,14818,2,13,34314,26321,2767,3,1,3,0,177,0,863,0,0,0,206.86692333221436,283.97376918792725,4192
234.205299999997,865,29,8.571736181233039,8.568980291344475,8.576329331048024,116.66250000000218,116.70000000001164,8,116.66250000000218,0.3624999998137355,3.862500000745058,28.03749999869615,,2785,97102,0,0,14818,2,13,34314,26321,2767,3,1,3,0,177,0,863,0,0,0,229.1912145614624,283.97376918792725,4192
235.1398999999985,868.2,29,8.16995029349092,7.4962518740632955,8.576329331045883,122.91249999999854,133.39999999999418,8,122.91249999999854,0.7250000005587935,5.875,28.825000001117587,,2785,97102,0,0,14818,2,13,34314,26321,2767,3,1,3,0,177,0,863,0,0,0,195.9019021987915,271.086895942688,4192
236.1218999999985,871.8,29,8.571431369464777,8.561643835617291,8.576329331045883,116.66666666666667,116.79999999998836,9,116.66666666666667,0.3888888888888889,3.7333333326710596,28.044444444278877,,2785,97102,0,0,14818,2,13,34314,26321,2767,3,1,3,0,177,0,863,0,0,0,178.79367923736572,260.79673862457275,4192
237.175,874.6,30,7.221356959419504,4,8.576329331045883,147.6142857142882,250,7,147.6142857142882,1.6571428584200996,16.699999999787128,36.300000000212876,,2886,101378,0,0,14521,7,14,35299,27118,2803,3,1,3,5,179,22,881,0,0,17,201.0370454788208,268.6728525161743,4192
238.2225,877.4,30,7.807010259394365,7.49625187406166,8.576329331048024,128.55714285714203,133.40000000002328,7,128.55714285714203,1.0285714279328073,9.58571428486279,31.55714285905872,,2965,104138,0,0,14644,4,14,36033,27695,2874,3,1,3,2,184,11,899,0,0,18,212.6681718826294,272.065598487854,4192
239.13009999999403,880.6,30,7.902255457908559,7.4962518740632955,8.576329331045883,127.07500000000073,133.39999999999418,8,127.07500000000073,0.662499999627471,6.500000000931323,30.5625,,2904,102136,0,0,14642,2,13,36471,28002,2925,3,1,3,0,185,3,915,0,0,6,231.70183658599854,273.9244546890259,4192
240.13919999999553,884.2,30,8.2136621160521,7.4962518740632955,8.576329331045883,122.23333333333075,133.39999999999418,9,122.23333333333075,0.41111111144224805,4.666666666666667,30,,2900,101848,0,0,14640,2,13,36593,28072,2947,3,1,3,0,185,0,921,0,0,0,235.90308094024658,276.43221378326416,4192
241.24059999999403,887.4,30,8.035643560718464,7.4962518740632955,8.576329331045883,125,133.39999999999418,8,125,0.3999999985098839,3.9375000009313226,30.124999998137355,,2900,101848,0,0,14640,2,13,36589,28066,2949,3,1,3,0,185,0,921,0,0,0,229.3233242034912,278.72360038757324,4192
242.22509999999403,890.6,30,8.304748500524742,7.501875468867872,8.583690987124463,120.8125,133.29999999998836,8,120.8125,0.4500000001862645,3.862500000745058,29.82499999832362,,2900,101848,0,0,14640,2,13,36589,28066,2949,3,1,3,0,185,0,921,0,0,0,220.36153507232666,278.65281772613525,4192
243.197,893.8,30,7.848677787066481,5.99880023995159,8.576329331045883,129.16250000000218,166.70000000001164,8,129.16250000000218,0.32500000204890966,3.8749999990686774,33,,3511,117502,0,0,15724,2,13,36589,28013,3002,3,1,4,0,238,0,921,0,0,0,215.90099239349365,278.6528654098511,4192
244.26189999999852,896.6,30,7.142957442177854,6.666666666666667,7.501875468867872,140.4714285714269,150,7,140.4714285714269,0.3857142850756645,4.042857142431395,33,,3511,117502,0,0,15724,2,13,36589,28013,3002,3,1,4,0,238,0,921,0,0,0,234.50084972381592,278.6528654098511,4192
245.235,899.4,30,7.143295547978361,6.662225183210934,7.507507507508492,140.47142857143106,150.10000000000582,7,140.47142857143106,0.3428571437086378,3.9714285720671927,33.471428571002825,,3511,117502,0,0,15724,2,13,36589,28013,3002,3,1,4,0,238,0,921,0,0,0,223.13209056854248,281.1528654098511,4192
246.21819999999553,902.2,31,7.262444627914243,6.666666666666667,7.507507507508492,138.08571428571096,150,7,138.08571428571096,0.5142857134342194,5.928571429635797,33.199999999787124,,3514,117676,0,0,15410,3,14,36925,28362,2983,3,1,4,1,238,3,921,0,0,6,226.65839290618896,282.5369291305542,4192
247.2433999999985,904.6,31,5.96447479578266,5.002501250625459,6.6711140760509595,169.45000000000195,199.89999999999418,6,169.45000000000195,1.08333333209157,15.40000000099341,40.51666666691502,,3703,123354,0,0,15352,6,14,37469,28715,3042,3,1,4,4,243,18,938,0,0,27,249.42820262908936,301.280348777771,4192
248.22109999999404,907.4,31,6.9051305730822445,6.662225183210934,7.501875468866234,145.22857142857225,150.10000000000582,7,145.22857142857225,0.9571428586329732,5.114285712795598,34.899999999574256,,3584,120460,0,0,15341,6,14,37496,28715,3063,3,1,4,4,243,15,940,0,0,27,251.68937587738037,304.6425619125366,4192
249.22689999999852,910.2,31,6.9051297265210225,6.666666666666667,7.501875468866234,145.22857142857225,150,7,145.22857142857225,0.9285714296357972,6.699999999787126,34.75714285778148,,3689,123884,0,0,15445,7,14,38124,29233,3099,3,1,4,5,245,13,953,0,0,28,263.0168867111206,309.2074308395386,4192
250.25019999999552,913,31,6.785814183349656,6.666666666666667,7.4962518740632955,147.61428571428405,150,7,147.61428571428405,0.9571428575686046,6.557142859058721,36.31428571258272,,3699,123510,0,0,15460,6,14,38442,29452,3132,3,1,4,4,247,13,964,0,0,31,274.29130840301514,313.753867149353,4192
251.2903999999985,915.4,31,6.8056721027968194,6.666666666666667,7.4962518740632955,147.21666666666474,150,6,147.21666666666474,0.8000000019868215,5.333333334575097,35.5,,3628,121598,0,0,15483,5,14,38547,29535,3146,3,1,4,3,248,8,967,0,0,18,271.31008434295654,316.84148693084717,4192
252.166799999997,918.2,31,6.66666751322789,6.662225183212226,6.6711140760496646,150,150.09999999997672,7,150,0.6857142874172756,5.228571426655565,36.57142857142857,,3727,124078,0,0,15662,4,14,38722,29656,3170,3,1,4,2,253,5,973,0,0,15,271.16543102264404,319.3057165145874,4192
253.20719999999554,921,31,6.690743646180807,5.998800239952638,7.507507507506851,150,166.69999999998254,7,150,0.6428571428571429,6.57142857249294,37.28571428358555,,3832,129154,0,0,15830,2,13,39027,29907,3192,3,1,4,0,256,3,979,0,0,10,277.8547430038452,323.4044828414917,4192
254.2705,923.8,31,6.9640170165594375,5.998800239952638,8.576329331045883,145.21428571428572,166.69999999998254,7,145.21428571428572,0.5857142859271595,4.8428571415799,36.15714285735573,,3198,110550,0,0,17072,2,13,38980,29900,3148,3,1,5,0,210,2,980,0,0,7,277.81732082366943,325.97020626068115,4192
255.265299999997,926.6,31,7.499465356808067,7.49625187406166,7.501875468867872,133.34285714286048,133.40000000002328,7,133.34285714286048,0.5142857134342194,4.957142858632973,32.27142857015133,,3267,112268,0,0,17149,2,13,39143,30017,3168,3,1,5,0,213,0,985,0,0,0,277.5688772201538,329.014536857605,4192
256.2026999999955,929.8,31,7.5308645823608975,6.666666666666667,8.568980291344475,133.3125,150,8,133.3125,0.39999999944120646,4.462500000372529,31.762499999254942,,3234,111132,0,0,17134,2,13,39156,30020,3172,3,1,5,0,213,0,986,0,0,0,272.782977104187,332.6320104598999,4192
257.2608999999985,932.6,32,7.285544898344081,5.998800239952638,7.501875468867872,138.0999999999975,166.69999999998254,7,138.0999999999975,0.6857142863529069,10.099999999361378,34.800000000212876,,4163,144194,0,0,17485,4,14,40113,30958,3137,3,1,5,2,216,9,992,0,0,15,288.0301923751831,338.8326406478882,4192
258.32209999999407,935,32,6.214587256368379,5,7.49625187406166,163.88333333333625,200,6,163.88333333333625,1.183333336065213,14.666666665424904,36.16666666790843,,3452,119152,0,0,16841,7,14,40249,30897,3227,3,1,5,5,221,21,1006,2,0,15,297.4381284713745,358.9433240890503,4192
259.22159999999405,937.8,32,7.023809925494867,6.666666666666667,7.501875468867872,142.85714285714286,150,7,142.85714285714286,0.9857142876301493,7.699999998722758,34.92857142750706,,3475,119606,0,0,16937,3,14,40598,31143,3273,3,1,5,1,225,10,1019,0,0,17,317.4905881881714,364.02259349823,4192
260.22159999999405,940.6,32,7.143762019126233,6.666666666666667,7.507507507506851,140.45714285714453,150,7,140.45714285714453,0.8857142872044018,6.642857143921511,34.09999999829701,,3533,121176,0,0,16985,2,13,41010,31489,3295,3,1,5,0,227,8,1027,0,0,8,327.1537733078003,368.1589117050171,4192
261.21709999999405,943.4,32,7.023980004806943,6.662225183212226,7.507507507506851,142.85714285714286,150.09999999997672,7,142.85714285714286,0.6428571417927742,5.628571430487292,33.84285714264427,,3419,117562,0,0,16980,2,13,41105,31514,3329,3,1,5,0,228,5,1034,0,0,7,330.7243604660034,371.9511365890503,4192
262.201599999994,946.2,32,7.142957442177808,6.666666666666667,7.501875468867872,140.4714285714269,150,7,140.4714285714269,0.6428571449858802,5.642857141792774,33.51428571343422,,3483,118974,0,0,17001,2,13,41236,31624,3338,3,1,5,0,230,2,1037,0,0,5,329.65842723846436,375.6330099105835,4192
263.191299999997,949,32,7.143127521490082,6.662225183209642,7.507507507510132,140.4714285714269,150.10000000003492,7,140.4714285714269,0.4285714307001659,4.6857142842241695,33.75714285778148,,3443,117950,0,0,16997,2,13,41221,31600,3345,3,1,5,0,230,0,1038,0,0,0,321.0587224960327,376.4677381515503,4192
264.173299999997,951.8,32,7.143126674928759,6.666666666666667,7.507507507506851,140.4714285714269,150,7,140.4714285714269,0.5142857144985881,4.657142857355731,33.59999999936138,,3455,118144,0,0,17028,2,13,41299,31659,3352,3,1,5,0,231,0,1040,0,0,0,312.26946926116943,378.40117168426514,4192
265.15259999999404,954.6,32,6.75538196507338,5.455537370431334,7.501875468867872,150,183.29999999998836,7,150,0.4571428575686046,4.542857141367027,38.17142857185432,,4549,148382,0,0,18082,2,13,41329,31595,3440,3,1,1,0,317,0,1041,0,0,0,333.990797996521,378.45098781585693,4192
266.24909999999403,957,32,5.81891285692229,5.455537370431334,6.002400960384993,172.20000000000195,183.29999999998836,6,172.20000000000195,0.43333333482344943,4.5,40.749999998758234,,4549,148382,0,0,18082,2,13,41327,31592,3441,3,1,1,0,317,0,1041,0,0,0,321.078875541687,379.2165517807007,4192
267.2725,959.4,32,5.9088565484371145,5.455537370431334,6.002400960384993,169.45000000000195,183.29999999998836,6,169.45000000000195,0.4166666666666667,4.400000000993411,41.083333333333336,,4549,148382,0,0,18082,2,13,41327,31592,3441,3,1,1,0,317,0,1041,0,0,0,336.3605909347534,379.2165517807007,4192
268.3035,961.8,32,5.7273774900156225,5.4525627044704095,6.002400960384993,175,183.40000000002328,6,175,0.3999999997516473,4.283333333830039,40.583333333333336,,4549,148382,0,0,18082,2,13,41327,31592,3441,3,1,1,0,317,0,1041,0,0,0,322.90322399139404,381.2094717025757,4192
269.36019999999553,963.8,33,5.091673361170214,3.9984006397444745,6.002400960384993,199.97999999999303,250.09999999997672,5,199.95999999999768,1.4,22.35999999791384,47,,4587,150018,0,0,17097,6,14,42344,32457,3473,3,1,1,4,317,15,1056,0,0,18,364.15205669403076,401.385027885437,4192
270.36359999999405,965.8,33,5.5635950111432,5.45256270447214,5.99880023995159,180,183.39999999996508,5,180,1.300000001490116,8.86000000089407,42.33999999761581,,4595,150242,0,0,17116,8,14,42653,32633,3520,3,1,1,6,317,19,1069,0,0,24,349.73151302337646,412.4194860458374,4192
271.2498999999985,968.2,33,5.727769466505394,5.4525627044704095,6.002400960384993,174.9833333333372,183.40000000002328,6,174.9833333333372,1.0666666676600773,7.316666665176551,41.33333333581686,,4598,150300,0,0,17084,9,14,42960,32879,3539,3,1,1,7,317,16,1077,0,0,25,355.0860204696655,416.9549398422241,4192
272.3068999999985,970.2,33,5.672968378624317,5.4525627044704095,6.002400960384993,176.65999999999767,183.40000000002328,5,176.65999999999767,0.919999997317791,6.940000002086163,41.79999999850988,,4598,150300,0,0,17084,9,14,43420,33247,3575,3,1,1,7,317,14,1087,0,0,43,356.4910726547241,421.10368251800537,4192
273.194099999994,972.6,33,5.636833678428501,5.4525627044704095,6.002400960382896,177.76666666667248,183.40000000002328,6,177.76666666667248,0.8666666659216086,6.633333334078391,42.76666666443149,,4594,150292,0,0,17103,7,14,43473,33277,3584,3,1,1,5,317,9,1091,0,0,22,383.0072546005249,422.03079891204834,4192
274.259799999997,975,33,5.636233558356906,5.45256270447214,6.002400960382896,177.78333333332557,183.39999999996508,6,177.78333333332557,0.8000000007450581,5.683333332339923,42.93333333233992,,4593,150342,0,0,17122,6,14,43655,33405,3608,3,1,1,4,317,6,1097,0,0,16,378.689040184021,424.89799404144287,4192
275.31479999999704,977,33,5.673092940028081,5.4525627044704095,6.002400960384993,176.66000000000932,183.40000000002328,5,176.66000000000932,0.780000002682209,6.659999999403953,41.459999999403955,,4593,150342,0,0,17122,6,14,43900,33599,3625,3,1,1,4,317,5,1103,0,0,17,374.2268590927124,428.5846281051636,4192
276.1921999999955,979.4,33,5.727768925263696,5.455537370431334,6.002400960384993,174.98333333332752,183.29999999998836,6,174.98333333332752,0.6666666691501936,5.466666666169961,42.01666666691502,,4647,151884,0,0,17182,3,14,43899,33599,3626,3,1,1,1,317,1,1104,0,0,3,365.6357488632202,431.17851161956787,4192
277.259099999994,981.8,33,6.492702179875134,5.455537370431334,7.501875468867872,155.54999999999805,183.29999999998836,6,155.54999999999805,0.6166666684051355,7.016666666915019,40.666666666666664,,3566,121334,0,0,18768,3,14,44433,34114,3579,3,1,3,0,236,1,1115,0,0,3,376.1458806991577,434.365122795105,4192
278.1505,984.6,33,6.785982209837798,6.666666666666667,7.501875468864596,147.61428571429238,150,7,147.61428571429238,0.5142857134342194,6.1857142852885385,36.14285714392151,,3567,121000,0,0,18743,2,13,44477,34132,3589,3,1,3,0,237,0,1118,0,0,0,377.3994207382202,440.7262029647827,4192
279.1775,987.4,33,6.90466325537352,6.662225183212226,7.501875468867872,145.24285714285048,150.09999999997672,7,145.24285714285048,0.3571428582072258,4.699999998722758,35.62857143048729,,3556,120472,0,0,18732,2,13,44427,34079,3592,3,1,3,0,237,0,1118,0,0,0,398.2653570175171,440.77799129486084,4192
280.1865,990.2,33,7.024446475954633,6.666666666666667,7.507507507506851,142.84285714286048,150,7,142.84285714286048,0.48571428443704334,4.857142857142857,36.20000000191586,,3556,120472,0,0,18732,2,13,44466,34109,3595,3,1,3,0,237,0,1119,0,0,0,388.01135540008545,441.59846782684326,4192
281.19859999999403,993,34,6.61165702577407,4.616805170822287,7.501875468867872,154.7571428571412,216.59999999997672,7,154.7571428571412,1.07142857249294,16.08571428592716,38.97142856887409,,4322,142214,0,0,18308,5,14,45000,34683,3503,3,1,3,3,240,11,1124,0,0,12,420.11984157562256,457.71177196502686,4192
282.36809999999406,995,34,5.505096941799497,4.6168051708210465,6.002400960382896,183.32000000000698,216.60000000003492,5,183.32000000000698,1.2399999991059303,14.640000000596046,44.1,,3829,133330,0,0,18378,6,14,45395,34899,3630,3,1,3,4,243,19,1130,0,0,22,414.84742641448975,477.29448223114014,4192
283.2093999999985,997.8,34,6.381466975341176,5.99880023995159,6.666666666666667,157.12857142856643,166.70000000001164,7,157.12857142856643,1.0428571424313955,8.599999999361378,39.771428572280065,,4023,137630,0,0,18564,4,14,45885,35251,3684,3,1,3,2,253,10,1147,0,0,15,438.346941947937,483.857497215271,4192
284.324099999994,1000.2,34,6.222165777089362,5.995203836928782,6.6711140760522545,161.1166666666686,166.80000000004657,6,161.1166666666686,0.8000000007450581,8.600000001490116,39.31666666393479,,3840,131138,0,0,18410,2,13,46221,35490,3723,3,1,3,0,256,6,1158,0,0,9,451.40377712249756,489.35227489471436,4192
285.280299999997,1002.6,34,6.444644644500541,5.99880023995159,6.666666666666667,155.54999999999805,166.70000000001164,6,155.54999999999805,0.6666666679084301,6.766666668156783,39.54999999701977,,3882,131626,0,0,18528,2,13,46457,35653,3756,3,1,3,0,260,2,1166,0,0,6,453.9220304489136,493.54244899749756,4192
286.214299999997,1005,34,6.243035219031603,5.45256270447214,6.6711140760496646,161.10000000000582,183.39999999996508,6,161.10000000000582,0.6833333348234495,7.116666664679845,38.95000000049671,,3870,130668,0,0,18424,2,13,46544,35717,3763,3,1,3,0,261,1,1169,0,0,3,452.71385860443115,497.92932415008545,4192
287.179,1007.8,34,6.381347712899095,6.002400960382896,6.6711140760496646,157.12857142856643,166.60000000003492,7,157.12857142856643,0.8000000002128738,5.314285713647093,38.542857143495766,,3851,130334,0,0,18423,2,13,46538,35699,3771,3,1,3,0,261,0,1170,0,0,0,446.28442668914795,499.7226552963257,4192
288.294299999997,1010.2,34,5.852960665654858,5,6.662225183209642,172.2333333333372,200,6,172.2333333333372,0.4666666661699613,4.850000001490116,44.466666666169964,,4429,145598,0,0,19982,2,13,46536,35640,3828,3,1,4,0,317,0,1170,0,0,0,439.22656536102295,501.73821926116943,4192
289.32309999999404,1012.2,34,5.891587954220901,5.455537370431334,6.002400960384993,169.97999999999303,183.29999999998836,5,169.97999999999303,0.47999999970197677,4.9,41.499999998509885,,4429,145598,0,0,19982,2,13,46590,35686,3830,3,1,4,0,317,0,1171,0,0,0,452.55375957489014,501.79001903533936,4192
290.175799999997,1014.6,34,5.909561010921077,5.4525627044704095,6.002400960384993,169.43333333333916,183.40000000002328,6,169.43333333333916,0.4166666666666667,4.833333333333333,41.133333334078394,,4429,145598,0,0,19982,2,13,46575,35670,3831,3,1,4,0,317,0,1171,0,0,0,440.43241024017334,504.56067943573,4192
291.19709999999407,1017,34,5.908856548437114,5.455537370431334,6.002400960382896,169.45000000000195,183.29999999998836,6,169.45000000000195,0.433333333581686,4.816666667660077,40.64999999975165,,4429,145598,0,0,19982,2,13,46575,35670,3831,3,1,4,0,317,0,1171,0,0,0,455.611590385437,504.56067943573,4192
292.20929999999703,1019,34,5.397073169838953,3.52982703847526,6.002400960382896,193.31999999999533,283.29999999998836,5,186.65999999999767,0.6599999979138375,4.759999999403954,64.5199999988079,,4429,145598,0,0,19982,2,13,46575,35670,3831,3,1,4,0,317,0,1171,0,0,0,222.600811958313,278.6640291213989,4192
293.20519999999556,1021.4,34,5.636233558356679,5.4525627044704095,6.002400960384993,177.78333333333526,183.40000000002328,6,177.78333333333526,0.5499999995032946,4.633333334078391,44.23333333184322,,4429,145598,0,0,19982,2,13,46575,35670,3831,3,1,4,0,317,0,1171,0,0,0,223.31707096099854,278.8007478713989,4192
294.2453999999985,1023.4,35,4.83690145119663,2.727768685215234,6.002400960384993,226.64000000000232,366.6000000000349,5,203.31999999999533,2.0799999997019767,34.76000000089407,61.68000000119209,,4702,158824,0,0,18926,5,14,48027,37086,3837,3,1,4,3,317,9,1173,0,0,8,247.17847156524658,316.6902017593384,4192
295.44679999999704,1025,35,5.0175530089666704,4.614674665437079,5.455537370429601,200,216.69999999995343,4,200,2.024999998509884,17.925000000745058,46.94999999925494,,4583,151158,0,0,18633,8,14,47447,36408,3851,3,1,4,6,317,21,1183,0,0,17,248.24260807037354,347.83673191070557,4192
296.198,1027.4,35,5.545585945599876,5.4525627044704095,5.99880023995159,180.54999999999805,183.40000000002328,6,180.54999999999805,1.1833333323399227,8.983333335568508,43.16666666790843,,4519,149774,0,0,18568,8,14,47736,36622,3886,3,1,4,6,317,14,1192,0,0,24,265.2005319595337,350.6891145706177,4192
297.2713999999985,1029.8,35,5.636729336016832,5.4525627044704095,6.002400960384993,177.7666666666628,183.40000000002328,6,177.7666666666628,1.050000000745058,7.116666664679845,42.383333334078394,,4521,149882,0,0,18572,8,14,47839,36697,3898,3,1,4,6,317,13,1195,0,0,21,266.83361625671387,353.2517261505127,4192
298.33709999999405,1031.8,35,5.672967729134005,5.4525627044704095,6.002400960384993,176.65999999999767,183.40000000002328,5,176.65999999999767,1.2,6.83999999910593,42.939999997615814,,4543,150588,0,0,18581,7,14,48132,36921,3921,3,1,4,5,317,15,1202,0,0,29,261.6308374404907,355.14416217803955,4192
299.223099999994,1034.2,35,5.4057967044228405,4.6168051708210465,5.99880023995159,186.10000000000582,216.60000000003492,6,186.10000000000582,1.050000000745058,7.549999998261531,48.133333334078394,,4319,146294,0,0,20784,5,14,48253,37042,3907,3,1,5,1,292,10,1206,0,0,21,266.31841945648193,356.61639308929443,4192
300.3335,1036.2,35,5.782215236230168,5.455537370431334,6.002400960384993,173.31999999999533,183.29999999998836,5,173.31999999999533,0.7600000023841857,7.819999998807907,40.980000001192096,,4360,147266,0,0,20820,2,13,48412,37165,3925,3,1,5,0,294,4,1211,0,0,11,268.1501226425171,360.99858379364014,4192
301.1905,1038.6,35,5.909456668509059,5.455537370429601,6.002400960384993,169.43333333333916,183.30000000004657,6,169.43333333333916,0.6833333348234495,5.683333332339923,40.61666666840514,,4333,146036,0,0,20830,2,13,48446,37183,3935,3,1,5,0,295,1,1213,0,0,3,286.87026500701904,361.22361278533936,4192
302.19419999999553,1041,35,6.000000480096056,5.99880023995159,6.002400960384993,166.66666666666666,166.70000000001164,6,166.66666666666666,0.48333333308498067,4.983333333084981,40.066666666418314,,4333,146036,0,0,20830,2,13,48439,37178,3935,3,1,5,0,295,0,1213,0,0,0,275.2374601364136,361.95408153533936,4192
303.1985,1043.4,35,6.000000480096058,5.99880023995159,6.002400960382896,166.66666666666666,166.70000000001164,6,166.66666666666666,0.48333333308498067,4.983333333084981,39.96666666741172,,4333,146036,0,0,20830,2,13,48439,37178,3935,3,1,5,0,295,0,1213,0,0,0,291.02622509002686,361.95408153533936,4192
304.205299999997,1045.8,35,6.000000480096059,5.99880023995159,6.002400960384993,166.66666666666666,166.70000000001164,6,166.66666666666666,0.48333333308498067,5.300000001986821,40.666666662941374,,4345,146230,0,0,20861,2,13,48478,37207,3939,3,1,5,0,296,0,1214,0,0,0,278.7700262069702,362.6541967391968,4192
305.212,1048.2,35,6.020908854453892,5.455537370431334,6.6711140760522545,166.64999999999418,183.29999999998836,6,166.64999999999418,0.4666666661699613,5.283333332588275,40.21666666741172,,4345,146230,0,0,20861,2,13,48478,37207,3939,3,1,5,0,296,0,1214,0,0,0,262.8628034591675,362.6854467391968,4192
306.2125,1050.6,35,5.909456668508998,5.455537370431334,6.002400960384993,169.43333333333916,183.29999999998836,6,169.43333333333916,0.45000000049670535,4.899999999751647,40.250000001241766,,4345,146230,0,0,20861,2,13,48478,37207,3939,3,1,5,0,296,0,1214,0,0,0,280.0857229232788,362.6854467391968,4192
307.2136999999955,1053,36,5.714588209785544,4.286326618088512,6.002400960382896,177.7666666666628,233.29999999998836,6,177.7666666666628,1.4666666674117248,20.94999999801318,44.06666666890184,,5225,170360,0,0,19994,5,14,49118,37893,3833,3,1,5,3,300,12,1220,0,0,12,300.43683910369873,378.1878614425659,4192
308.3915,1055,36,4.904481299019737,4,5.455537370431334,206.68000000000467,250,5,206.68000000000467,1.419999998807907,17.159999999403954,50.060000002384186,,4635,155950,0,0,19639,7,14,49452,38010,3975,3,1,5,5,305,23,1229,1,0,15,313.45709133148193,393.6228017807007,4192
309.36279999999704,1057,36,5.382005523990399,5,6.002400960384993,186.65999999999767,200,5,186.65999999999767,1.4399999991059302,10.879999998211861,43.8,,4557,154042,0,0,19387,7,14,49635,38139,4004,3,1,5,5,307,20,1234,0,0,13,332.7048063278198,397.9432134628296,4192
310.2771999999955,1059.4,36,5.546185524429834,5.4525627044704095,6.002400960384993,180.53333333333526,183.40000000002328,6,180.53333333333526,1.116666667163372,7.116666667163372,43.899999998509884,,4561,154220,0,0,19497,4,14,49931,38360,4039,3,1,5,2,311,13,1243,0,0,19,337.3905248641968,401.2083692550659,4192
311.39629999999704,1061.4,36,5.164110024293615,3.9984006397444745,5.455537370431334,196.65999999999767,250.09999999997672,5,196.64000000000232,1,7.780000001192093,50.67999999970198,,4817,162022,0,0,21145,10,14,50153,38526,4061,3,1,1,8,317,12,1249,0,0,18,340.485857963562,403.70295238494873,4192
312.3461999999955,1063.4,36,5.363834963152882,5,5.455537370431334,186.65999999999767,200,5,186.65999999999767,0.9199999988079071,5.719999998807907,44.85999999940395,,4817,162022,0,0,21145,10,14,50181,38543,4068,3,1,1,8,317,11,1250,0,0,34,329.66265392303467,406.483115196228,4192
313.26819999999555,1065.4,36,5.454347504046964,5.4525627044704095,5.455537370431334,183.34000000000233,183.40000000002328,5,183.34000000000233,0.9,6.020000000298023,44.959999999403955,,4835,162536,0,0,21150,9,14,50259,38608,4071,3,1,1,7,317,10,1252,0,0,27,348.4382047653198,406.7386312484741,4192
314.2001999999955,1067.8,36,5.37911869769929,5,5.455537370431334,186.09999999999613,200,6,186.09999999999613,0.7500000012417635,5.533333332588275,45.04999999950329,,4810,161956,0,0,21149,7,14,50260,38607,4077,3,1,1,5,317,5,1253,0,0,15,336.44739818573,407.49480724334717,4192
315.31359999999404,1069.8,36,5.454347504046964,5.4525627044704095,5.455537370431334,183.34000000000233,183.40000000002328,5,183.34000000000233,0.6200000002980233,5.5,44.979999999701974,,4806,161948,0,0,21151,5,14,50248,38599,4077,3,1,1,3,317,3,1253,0,0,9,352.8549566268921,407.5909376144409,4192
316.238799999997,1072.2,36,5.303612677731524,5,5.455537370431334,188.8666666666686,200,6,188.8666666666686,0.45000000049670535,5.5,44.86666666716337,,4797,161774,0,0,21151,2,13,50227,38584,4077,3,1,1,0,317,0,1253,0,0,0,339.5790319442749,408.3018751144409,4192
317.349299999997,1074.2,36,5.454348153537348,5.4525627044704095,5.4585152838424476,183.34000000000233,183.40000000002328,5,183.34000000000233,0.4400000020861626,5.1199999958276745,44.100000001490116,,4797,161774,0,0,21151,2,13,50227,38584,4077,3,1,1,0,317,0,1253,0,0,0,354.5877904891968,408.3018751144409,4192
318.26619999999554,1076.2,36,5.305410828865599,4.614674665437079,5.99880023995159,189.97999999999303,216.69999999995343,5,189.97999999999303,5.620000000298023,5.480000002682209,44.97999999821186,,4797,161774,0,0,21151,2,13,50227,38584,4077,3,1,1,0,317,0,1253,0,0,0,271.3413848876953,399.9816703796387,4192
319.2331999999955,1078.6,36,5.379118697699002,5,5.455537370431334,186.10000000000582,200,6,186.10000000000582,0.433333333581686,5.066666663934787,43.916666669150196,,4797,161774,0,0,21151,2,13,50227,38584,4077,3,1,1,0,317,0,1253,0,0,0,287.6581687927246,399.9816703796387,4192
320.335799999997,1080.6,36,5.45434750404731,5.45256270447214,5.455537370431334,183.33999999999068,183.39999999996508,5,183.33999999999068,0.5799999997019768,5.320000000298023,44.12000000029802,,4797,161774,0,0,21151,2,13,50227,38584,4077,3,1,1,0,317,0,1253,0,0,0,242.8353509902954,373.42084217071533,4192
321.24919999999554,1082.6,37,5.179047877943824,3.52982703847526,5.99880023995159,199.98000000000465,283.29999999998836,5,193.32000000000698,1.3200000017881393,18.099999998509883,44.7,,4800,161948,0,0,20106,3,14,50453,38876,4005,3,1,1,1,317,3,1253,0,0,3,269.26906967163086,380.25975799560547,4192
322.336099999994,1084.6,37,4.7644489190159245,3.749531308586263,5.455537370431334,213.31999999999533,266.70000000001164,5,209.97999999999303,1.8999999985098839,27.020000000298023,58.22000000029802,,4579,156390,0,0,21384,13,14,50933,39226,4063,3,1,3,6,306,27,1257,0,0,13,290.3081531524658,390.3132915496826,4192
323.3735,1086.6,37,5.129992812684104,4.286326618087442,5.455537370431334,196.66000000000932,233.30000000004657,5,196.66000000000932,1.499999998509884,11.580000001192094,45.82000000178814,,4590,156454,0,0,21038,9,14,51016,39287,4081,3,1,3,4,308,23,1259,0,0,12,312.7968587875366,393.05409145355225,4192
324.3108999999985,1088.6,37,5.2205053535788775,4.286326618087442,5.455537370431334,193.33999999999068,233.30000000004657,5,193.33999999999068,1.3399999991059304,6.959999999403953,54.73999999910593,,4639,157194,0,0,21138,7,14,51113,39336,4103,3,1,3,2,313,21,1264,0,0,22,252.04766845703125,366.44772720336914,4192
325.282,1090.6,37,5.363834963152536,5,5.455537370431334,186.66000000000932,200,5,186.66000000000932,1.9800000011920929,6.63999999910593,46.22000000178814,,4671,158016,0,0,21233,5,14,51232,39425,4115,3,1,3,0,316,21,1267,0,0,35,245.52599811553955,366.86508655548096,4192
326.21019999999555,1093,37,5.545585945599876,5.4525627044704095,5.99880023995159,180.54999999999805,183.40000000002328,6,180.54999999999805,1.2333333330849807,6.183333332339923,44.116666665921606,,4614,156624,0,0,21200,5,14,51214,39412,4116,3,1,3,0,316,18,1267,0,0,49,264.8477907180786,367.06271839141846,4192
327.2918999999985,1095,37,5.455538669411756,5.4525627044704095,5.4585152838424476,183.3,183.40000000002328,5,183.3,1.0200000002980232,5.720000000298024,45.20000000149012,,4636,157298,0,0,21241,4,14,51219,39417,4122,3,1,3,0,317,12,1268,0,0,40,252.74463748931885,369.60655307769775,4192
328.20929999999703,1097.4,37,5.454545815111025,5.4525627044704095,5.455537370431334,183.33333333333334,183.40000000002328,6,183.33333333333334,0.866666667163372,5.566666666418314,44.883333334078394,,4626,156818,0,0,21216,3,14,51191,39396,4121,3,1,3,0,317,9,1268,0,0,30,269.9833345413208,369.68711948394775,4192
329.303299999997,1099.4,37,5.454942437239149,5.45256270447214,5.455537370431334,183.31999999999533,183.39999999996508,5,183.31999999999533,0.8599999994039536,6.020000000298023,45,,4626,156818,0,0,21201,2,13,51185,39391,4122,3,1,3,0,317,8,1268,0,0,26,255.59066104888916,369.78465366363525,4192
330.2178999999985,1101.8,37,5.545794810046939,5.4525627044704095,6.006006006006006,180.54999999999805,183.40000000002328,6,180.54999999999805,0.7333333330849806,5.716666666169961,44.16666666790843,,4626,156818,0,0,21171,2,13,51176,39387,4121,3,1,3,0,317,6,1268,0,0,15,273.70160388946533,369.95625400543213,4192
331.30359999999405,1103.8,37,5.5635950111432,5.4525627044704095,5.99880023995159,180,183.40000000002328,5,180,0.5599999994039535,5.620000000298023,44.920000000298025,,4626,156818,0,0,21156,2,13,51143,39364,4121,3,1,3,0,317,1,1268,0,0,2,256.9924020767212,370.0382242202759,4192
332.20909999999407,1106.2,37,5.545585945599587,5.4525627044704095,5.99880023995159,180.55000000000777,183.40000000002328,6,180.55000000000777,0.5,5.216666666169961,44.38333333283663,,4626,156818,0,0,21156,2,13,51135,39357,4122,3,1,3,0,317,0,1268,0,0,0,272.9519290924072,370.05895042419434,4192
333.292,1108.2,37,5.454942437239149,5.4525627044704095,5.455537370431334,183.31999999999533,183.40000000002328,5,183.31999999999533,0.5,5.439999999105931,45.22000000178814,,4626,156818,0,0,21156,2,13,51135,39357,4122,3,1,3,0,317,0,1268,0,0,0,254.80037021636963,370.05896854400635,4192
334.2025,1110.6,37,5.405797245665035,4.616805170822287,5.99880023995159,186.09999999999613,216.59999999997672,6,186.09999999999613,0.5166666669150194,5.333333333333333,49.416666666666664,,4689,159638,0,0,22805,2,13,51135,39357,4122,3,1,4,0,317,0,1268,0,0,0,276.50306224823,372.06292247772217,4192
335.3235,1112.6,38,5.454347504046964,5.45256270447214,5.455537370431334,183.34000000000233,183.39999999996508,5,183.34000000000233,0.7800000011920929,9.779999999701976,45.78000000268221,,4692,159812,0,0,22469,3,14,51217,39462,4093,3,1,4,1,317,3,1268,0,0,7,259.32255268096924,373.9771318435669,4192
336.36729999999704,1114.2,38,4.330438624548734,3.750937734433117,5,233.3249999999971,266.6000000000349,4,229.17499999998836,2.025000002235174,32.625,56.125,,4791,164296,0,0,21603,7,14,51798,39998,4106,3,1,4,5,317,19,1268,0,0,28,301.62426471710205,384.5704698562622,4192
337.270799999997,1116.2,38,4.805638621321583,4.286326618087442,5.455537370431334,209.98000000000465,233.30000000004657,5,209.98000000000465,8.3,7.800000001490116,46.999999998509885,,4776,163816,0,0,21651,7,14,51520,39700,4122,3,1,4,5,317,21,1268,0,0,36,268.4646883010864,360.1995630264282,4192
338.228,1118.6,38,5.303116900071612,5,5.455537370431334,188.8833333333314,200,6,188.8833333333314,1.300000000745058,5.75,46.18333333233992,,4779,163874,0,0,21645,8,14,51499,39685,4122,3,1,4,6,317,18,1268,0,0,36,256.82892322540283,360.24898624420166,4192
339.356,1120.6,38,5.363834963152882,5,5.455537370431334,186.65999999999767,200,5,186.65999999999767,1.1200000002980233,5.940000000596046,45.84000000059605,,4782,163932,0,0,21633,9,14,51505,39695,4122,3,1,4,7,317,16,1268,0,0,28,274.63025760650635,360.40447330474854,4192
340.2858999999985,1122.6,38,5.3637402800856435,5.00250125062473,5.455537370431334,186.66000000000932,199.90000000002328,5,186.66000000000932,1.1399999991059304,6.279999999701976,46.76000000089407,,4792,164222,0,0,21630,6,14,51467,39664,4121,3,1,4,4,317,13,1268,0,0,26,262.018536567688,360.6228265762329,4192
341.2388999999985,1125,38,5.3031958026274015,5,5.455537370431334,188.8833333333314,200,6,188.8833333333314,0.9666666674117247,5.449999999254942,45.750000001241766,,4773,163758,0,0,21629,6,14,51459,39657,4122,3,1,4,4,317,12,1268,0,0,31,249.76762866973877,360.63839054107666,4192
342.3701999999955,1127,38,5.273323071749185,5,5.458515283844182,189.97999999999303,200,5,189.97999999999303,1,6.540000000596047,46.25999999940395,,4843,165498,0,0,21671,4,14,51477,39679,4118,3,1,4,2,317,12,1268,0,0,42,269.3313570022583,361.0448236465454,4192
343.314599999994,1129,38,5.363930146219609,4.99750124937444,5.455537370431334,186.66000000000932,200.10000000003492,5,186.66000000000932,0.8400000020861625,6.139999997615814,46.3,,4767,163642,0,0,21652,4,14,51430,39638,4122,3,1,4,2,317,7,1268,0,0,21,255.70042991638184,361.1882610321045,4192
344.2508999999985,1131.4,38,5.302858663412565,4.997501249375894,5.455537370431334,188.89999999999418,200.09999999997672,6,188.89999999999418,0.7500000012417635,5.566666667660077,45.76666666691502,,4761,163526,0,0,21652,2,13,51409,39623,4122,3,1,4,0,317,4,1268,0,0,13,273.970911026001,362.1765422821045,4192
345.3733999999985,1133.4,38,5.364430545835105,5,5.4585152838424476,186.64000000000232,200,5,186.64000000000232,0.5799999997019768,5.3799999982118605,46.0600000038743,,4761,163526,0,0,21652,2,13,51409,39623,4122,3,1,4,0,317,4,1268,0,0,10,256.4338045120239,361.1882791519165,4192
346.3051999999955,1135.4,38,5.272727489066615,5,5.455537370431334,190,200,5,190,0.6199999988079071,6.079999998211861,48.10000000298023,,4750,163086,0,0,22769,2,13,51411,39630,4119,3,1,5,0,317,3,1268,0,0,8,275.6940221786499,361.4147367477417,4192
347.26769999999556,1137.4,38,5.022915685443787,3.750937734433936,5.458515283844182,203.31999999999533,266.5999999999767,5,200,0.7999999985098839,6.079999999701977,63.020000000298026,,4750,163086,0,0,22769,2,13,51401,39619,4122,3,1,5,0,317,2,1268,0,0,1,247.20195770263672,262.8786811828613,4192
348.3011999999955,1139.4,38,5.181620514980474,4.99750124937444,5.455537370429601,193.34000000000233,200.10000000003492,5,193.34000000000233,0.6599999994039536,5.440000002086163,47.69999999850988,,4750,163086,0,0,22769,2,13,51401,39619,4122,3,1,5,0,317,2,1268,0,0,7,246.09991455078125,263.6208686828613,4192
349.23809999999406,1141.8,38,5.379118697699002,5,5.455537370431334,186.10000000000582,200,6,186.10000000000582,0.6166666684051355,5.349999999006589,45.45000000049671,,4750,163086,0,0,22769,2,13,51401,39619,4122,3,1,5,0,317,2,1268,0,0,5,247.00532627105713,263.7342538833618,4192
350.411299999997,1143.4,39,4.7054684624599705,3.749531308586263,5.455537370431334,216.64999999999418,266.70000000001164,4,212.47499999999127,2.400000000372529,31.050000000745058,51.625,,5215,174512,0,0,22138,5,14,51583,39838,4063,3,1,5,3,317,13,1268,0,0,19,272.52499866485596,303.05237674713135,4192
351.27819999999554,1145.4,39,4.748373297704094,4,5.455537370431334,213.31999999999533,250,5,213.31999999999533,1.2200000002980231,11.179999999701977,57.459999999403955,,4815,165586,0,0,22073,4,14,51607,39806,4119,3,1,5,2,317,13,1268,0,0,23,258.4255561828613,299.2945976257324,4192
352.3085,1147.4,39,5.105076881702014,4.6168051708210465,5.4585152838424476,196.66000000000932,216.60000000003492,5,196.66000000000932,1.1599999994039536,6.740000002086163,46.3,,4756,163202,0,0,22020,4,14,51526,39724,4120,3,1,5,2,317,13,1268,0,0,27,276.6236972808838,312.49657249450684,4192
353.27259999999404,1149.4,39,5.286602362044086,4.616805170822287,5.4585152838424476,190,216.59999999997672,5,190,1.0599999994039535,6.560000002384186,45.959999999403955,,4750,163086,0,0,22020,2,13,51552,39740,4122,3,1,5,0,317,17,1268,0,0,28,264.286696434021,317.5160856246948,4192
354.23359999999406,1151.4,39,5.196257355345968,4.614674665435839,5.455537370431334,193.31999999999533,216.70000000001164,5,193.31999999999533,1.2599999994039535,6.9,46.5,,4753,163144,0,0,21945,3,14,51565,39756,4119,3,1,5,1,317,17,1268,0,0,31,282.91565227508545,334.4480619430542,4192
355.227299999997,1153.8,39,5.238974913533375,4.614674665435839,5.455537370431334,191.66666666666666,216.70000000001164,6,191.66666666666666,0.9666666674117247,6.033333332588275,45.11666666716337,,4750,163086,0,0,21939,2,13,51496,39700,4122,3,1,5,0,317,9,1268,0,0,16,269.5501708984375,333.58296966552734,4192
356.34079999999705,1155.8,39,5.364430545835105,5,5.4585152838424476,186.64000000000232,200,5,186.64000000000232,0.7400000005960464,5.459999999403953,45.440000000596044,,4750,163086,0,0,21939,2,13,51475,39685,4122,3,1,5,0,317,6,1268,0,0,19,283.30832290649414,333.58296966552734,4192
357.27319999999554,1157.8,39,5.454347504046963,5.4525627044704095,5.455537370431334,183.34000000000233,183.40000000002328,5,183.34000000000233,0.619999997317791,5.479999999701977,45.340000002086164,,4750,163086,0,0,21939,2,13,51447,39665,4122,3,1,5,0,317,2,1268,0,0,9,264.8374433517456,332.60251903533936,4192
358.1976999999955,1159.8,39,4.982214948172533,4,5.455537370431334,203.31999999999533,250,5,203.31999999999533,0.5599999994039535,5.840000000596047,54.81999999880791,,5031,174202,0,0,23520,4,14,51447,39665,4122,3,1,1,2,317,2,1268,0,0,10,257.64254093170166,332.75487995147705,4192
359.22779999999705,1161.8,39,5,5,5,200,200,5,200,0.5999999985098838,6.300000001490116,48.25999999791384,,5025,174086,0,0,23588,2,13,51433,39655,4122,3,1,1,0,317,0,1268,0,0,0,279.0309839248657,334.0399751663208,4192
360.221,1164.2,39,5.151846206810549,4.997501249375894,5.455537370431334,194.43333333332944,200.09999999997672,6,194.43333333332944,0.4666666661699613,5.799999999503295,47.983333334326744,,5025,174086,0,0,23588,2,13,51433,39655,4122,3,1,1,0,317,0,1268,0,0,0,267.6708879470825,333.1610689163208,4192
361.38739999999854,1166.2,39,5.091107474085921,5,5.455537370429601,196.66000000000932,200,5,196.66000000000932,0.46000000089406967,5.439999999105931,47.840000002086164,,5025,174086,0,0,23588,2,13,51433,39655,4122,3,1,1,0,317,0,1268,0,0,0,283.2701807022095,333.1610689163208,4192
362.36279999999704,1168.2,39,5.1822149481725335,5,5.455537370431334,193.31999999999533,200,5,193.31999999999533,0.7199999988079071,5.360000002384186,48.039999997615816,,5025,174086,0,0,23588,2,13,51433,39655,4122,3,1,1,0,317,0,1268,0,0,0,266.29314517974854,333.1469087600708,4192
363.338599999994,1170.2,39,5.090512540894082,5,5.4525627044704095,196.68000000000467,200,5,196.68000000000467,0.4200000002980232,5.279999998211861,47.72000000029802,,5025,174086,0,0,23588,2,13,51433,39655,4122,3,1,1,0,317,0,1268,0,0,0,281.8824586868286,333.1469087600708,4192
364.31169999999554,1172.2,40,5.182406613287393,4.99750124937444,5.458515283844182,193.31999999999533,200.10000000003492,5,193.31999999999533,0.5999999985098838,7.940000002086163,47.86000000238418,,5028,174144,0,0,23360,3,14,51475,39712,4101,3,1,1,1,317,3,1268,0,0,13,278.291916847229,334.34565448760986,4192
365.339799999997,1173.8,40,4.450960153620783,4.286326618088512,4.614674665435839,224.97500000000582,233.29999999998836,4,224.97500000000582,2.049999998882413,23.325000001117587,52.399999998509884,,5362,186596,0,0,23079,7,14,52034,40235,4107,3,1,1,5,317,18,1268,0,0,36,294.0235719680786,341.4970979690552,4192
366.224299999997,1175.8,40,4.857265323617702,4.286326618088512,5,206.65999999999767,233.29999999998836,5,206.65999999999767,1.3600000008940696,9.6,49.12000000029802,,5060,175336,0,0,22807,7,14,51653,39854,4115,3,1,1,5,317,14,1268,0,0,29,301.2836503982544,347.89056873321533,4192
367.236799999997,1177.8,40,5.01404290717356,4.614674665435839,5.455537370431334,200,216.70000000001164,5,200,1.1,7.079999999701977,48.17999999970198,,5040,174376,0,0,22770,7,14,51590,39791,4119,3,1,1,5,317,12,1268,0,0,17,295.9089136123657,352.11706256866455,4192
368.22659999999405,1179.8,40,5.000500250125238,5,5.002501250626187,199.97999999999303,200,5,199.97999999999303,0.9599999994039535,6.720000001788139,48.81999999880791,,5057,175646,0,0,22858,6,14,51558,39770,4122,3,1,1,4,317,5,1268,0,0,12,317.5677766799927,352.67097187042236,4192
369.2188999999985,1181.8,40,5.090607723961099,4.997501249375894,5.455537370429601,196.68000000000467,200.09999999997672,5,196.68000000000467,1.0600000008940698,6.279999998211861,48.6,,5050,175746,0,0,22880,2,13,51528,39750,4122,3,1,1,0,317,0,1268,0,0,0,306.6269769668579,356.22414112091064,4192
370.200799999997,1184.2,40,5.15226308191467,4.997501249375894,5.455537370431334,194.41666666666666,200.09999999997672,6,194.41666666666666,0.44999999925494194,5.383333335320155,49.5,,4694,161110,0,0,23785,2,13,51528,39750,4122,3,1,3,0,317,0,1268,0,0,0,296.5477533340454,356.23585987091064,4192
371.3613999999985,1186.2,40,5.363834963152882,5,5.455537370431334,186.65999999999767,200,5,186.65999999999767,0.4600000023841858,6.120000000298023,45.79999999701977,,4694,161110,0,0,23785,2,13,51528,39750,4122,3,1,3,0,317,0,1268,0,0,0,311.33403491973877,356.23585987091064,4192
372.29029999999705,1188.2,40,5.454347504046964,5.4525627044704095,5.455537370431334,183.34000000000233,183.40000000002328,5,183.34000000000233,1.2599999994039535,5.560000000894069,45.17999999970198,,4694,161110,0,0,23785,2,13,51528,39750,4122,3,1,3,0,317,0,1268,0,0,0,294.92131900787354,358.73231983184814,4192
373.2155,1190.6,40,5.379039795143547,5.00250125062473,5.455537370431334,186.09999999999613,199.90000000002328,6,186.09999999999613,0.48333333308498067,5.433333333581686,45.500000002483524,,4694,161110,0,0,23785,2,13,51528,39750,4122,3,1,3,0,317,0,1268,0,0,0,312.39473819732666,358.73231983184814,4192
374.32759999999405,1192.6,40,5.472487537056933,5,5.99880023995159,183.34000000000233,200,5,183.34000000000233,0.3999999985098839,5.419999998807907,45.7,,4694,161110,0,0,23785,2,13,51528,39750,4122,3,1,3,0,317,0,1268,0,0,0,293.74076557159424,358.73231983184814,4192
375.24869999999555,1195,40,5.379040336385245,5.00250125062473,5.4585152838424476,186.10000000000582,199.90000000002328,6,186.10000000000582,0.3999999997516473,5.366666667163372,45.316666666418314,,4694,161110,0,0,23785,2,13,51528,39750,4122,3,1,3,0,317,0,1268,0,0,0,311.1537752151489,358.73231983184814,4192
376.3688999999985,1197,40,5.364335213278119,5.002501250626187,5.455537370431334,186.6399999999907,199.89999999996508,5,186.6399999999907,0.46000000089406967,5.440000002086163,46.17999999821186,,4694,161110,0,0,23785,2,13,51528,39750,4122,3,1,3,0,317,0,1268,0,0,0,292.59149646759033,358.98231983184814,4192
377.348099999994,1199,40,5.119023456317992,4.614674665435839,5.455537370431334,196.66000000000932,216.70000000001164,5,196.66000000000932,0.6199999988079071,9.579999999701977,47.13999999910593,,4694,161110,0,0,23785,2,13,51528,39750,4122,3,1,3,0,317,0,1268,0,0,0,274.0549364089966,357.7321786880493,4192
378.2868999999985,1201,40,5.363834963152882,5,5.455537370431334,186.65999999999767,200,5,186.65999999999767,0.6399999991059303,5.340000000596047,45.32000000029802,,4694,161110,0,0,23785,2,13,51528,39750,4122,3,1,3,0,317,0,1268,0,0,0,287.28828144073486,357.7321786880493,4192
379.211799999997,1203,41,5.273227739191853,5,5.455537370431334,189.97999999999303,200,5,189.97999999999303,1.5,20.659999999403954,49.93999999910593,,5276,180562,0,0,23232,4,14,52035,40323,4038,3,1,3,2,317,9,1268,0,0,18,286.48615074157715,352.8519115447998,4192
380.29019999999554,1205,41,4.51266683669756,3.332222592468789,5,226.68000000000467,300.1000000000349,5,216.65999999999767,1.2600000008940697,16.86000000089407,51.45999999791384,,4925,174398,0,0,22881,6,14,52309,40511,4104,3,1,3,4,317,19,1268,0,0,25,287.0338878631592,357.27393913269043,4192
381.3201999999955,1207,41,5.014373825183486,4.616805170822287,5.4525627044704095,199.98000000000465,216.59999999997672,5,199.98000000000465,0.9600000008940697,9.759999997913837,47.78000000119209,,4859,171882,0,0,22692,2,13,52190,40405,4117,3,1,3,0,317,6,1268,0,0,11,292.3525171279907,358.60323429107666,4192
382.3025,1209,41,5.014042407173434,4.614674665435839,5.455537370431334,200,216.70000000001164,5,200,0.7399999991059303,6.540000000596047,49.959999999403955,,4856,169834,0,0,23460,2,13,52131,40345,4122,3,1,4,0,317,4,1268,0,0,16,311.5787000656128,359.6948652267456,4192
383.295099999994,1211,41,5.272632805999722,5,5.455537370429601,190,200,5,190,0.5000000014901161,5.4999999985098835,47.67999999821186,,4856,169834,0,0,23460,2,13,52103,40325,4122,3,1,4,0,317,0,1268,0,0,0,299.0003728866577,358.7065839767456,4192
384.249299999997,1213,41,5.2733224222588,5,5.455537370431334,189.97999999999303,200,5,189.97999999999303,0.45999999940395353,5.400000001490116,47.059999999403956,,4856,169834,0,0,23460,2,13,52103,40325,4122,3,1,4,0,317,0,1268,0,0,0,312.7196569442749,358.7065839767456,4192
385.20209999999406,1215.4,41,5.227273324222329,4.99750124937444,5.455537370431334,191.66666666666666,200.10000000003492,6,191.66666666666666,0.44999999925494194,5.383333334078391,48.08333333209157,,4856,169834,0,0,23460,2,13,52103,40325,4122,3,1,4,0,317,0,1268,0,0,0,301.47791957855225,358.6782636642456,4192
386.3545,1217.4,41,5.182025582038402,5,5.45256270447214,193.32000000000698,200,5,193.32000000000698,0.4000000014901161,5.4999999985098835,47.24000000059605,,4856,169834,0,0,23460,2,13,52103,40325,4122,3,1,4,0,317,0,1268,0,0,0,315.2756643295288,358.6782636642456,4192
387.3098999999985,1219.4,41,5.382195390124291,4.997501249375894,6.002400960382896,186.65999999999767,200.09999999997672,5,186.65999999999767,0.5599999994039535,5.560000002384186,50.33999999910593,,4856,169834,0,0,23460,2,13,52103,40325,4122,3,1,4,0,317,0,1268,0,0,0,298.617693901062,358.6782636642456,4192
388.256299999997,1221.4,41,5.182120265105587,5,5.455537370431334,193.31999999999533,200,5,193.31999999999533,0.4400000020861626,5.579999998211861,47.7,,4856,169834,0,0,23460,2,13,52103,40325,4122,3,1,4,0,317,0,1268,0,0,0,312.33793926239014,358.6782636642456,4192
389.21259999999404,1223.8,41,5.227272907555513,5,5.455537370431334,191.66666666666666,200,6,191.66666666666666,0.5166666669150194,5.483333333084981,47.433333333581686,,4856,169834,0,0,23460,2,13,52103,40325,4122,3,1,4,0,317,0,1268,0,0,0,298.5551862716675,358.6782636642456,4192
390.357299999997,1225.8,41,5.273227739191562,5,5.455537370431334,189.98000000000465,200,5,189.98000000000465,0.47999999970197677,5.399999998509884,47.520000000298026,,4856,169834,0,0,23460,2,13,52103,40325,4122,3,1,4,0,317,0,1268,0,0,0,312.2882261276245,358.6782636642456,4192
391.30969999999553,1227.8,41,5.272727489066615,5,5.455537370431334,190,200,5,190,0.5399999976158142,5.420000000298023,47.08000000119209,,4856,169834,0,0,23460,2,13,52103,40325,4122,3,1,4,0,317,0,1268,0,0,0,294.1800374984741,358.6782636642456,4192
392.26259999999405,1229.8,41,5.272823321624072,4.99750124937444,5.4585152838424476,190,200.10000000003492,5,190,0.4800000011920929,5.539999997615814,47.380000001192094,,4856,169834,0,0,23460,2,13,52103,40325,4122,3,1,4,0,317,0,1268,0,0,0,307.84417247772217,358.6782636642456,4192
393.2165,1232.2,42,5.3035343155328105,5.002501250626187,5.455537370431334,188.8666666666686,199.89999999996508,6,188.8666666666686,0.9999999987582365,21.799999999503296,50.10000000024835,,5387,187520,0,0,23405,3,14,52445,40705,4072,3,1,4,1,317,6,1268,0,0,18,297.4291305541992,365.90405654907227,4192
394.5151999999955,1233.4,42,3.543897210460725,2.8563267637819667,4.616805170822287,294.4333333333295,350.0999999999767,3,238.86666666665892,2,29.600000001490116,70.93333333233993,,5193,190058,0,0,23971,4,14,52717,40968,4073,3,1,5,2,317,10,1268,0,0,12,311.7651014328003,380.4352750778198,4192
395.28569999999553,1235.4,42,4.4833942530909425,4.284490145672238,4.616805170822287,223.34000000000233,233.40000000002328,5,223.34000000000233,1.1799999982118607,16.02000000178814,50.8,,5193,191624,0,0,23314,3,14,52928,41149,4115,3,1,5,1,317,4,1268,0,0,12,334.2687072753906,387.0803909301758,4192
396.37979999999703,1237,42,4.629451613586703,4.286326618087442,5,216.64999999999418,233.30000000004657,4,216.64999999999418,1.025000000372529,10.900000000372529,50.92500000074506,,5184,191106,0,0,23205,2,13,52843,41059,4120,3,1,5,0,317,4,1268,0,0,8,336.2630195617676,391.32422637939453,4192
397.24759999999407,1239,42,4.846295967251625,4.614674665435839,5,206.65999999999767,216.70000000001164,5,206.65999999999767,0.5799999982118607,6.040000000596047,49.899999998509884,,5168,190700,0,0,23187,3,14,52839,41055,4122,3,1,5,1,317,3,1268,0,0,10,324.9598617553711,386.96559143066406,4192
398.285,1241,42,4.8573982792596855,4.284490145672238,5.002501250626187,206.65999999999767,233.40000000002328,5,206.65999999999767,0.6000000014901161,6.079999999701977,48.83999999910593,,5165,190642,0,0,23187,2,13,52818,41040,4122,3,1,5,0,317,0,1268,0,0,0,341.5010986328125,388.45387268066406,4192
399.29529999999704,1243,42,4.9234351832121135,4.614674665435839,5.00250125062473,203.32000000000698,216.70000000001164,5,203.32000000000698,0.3799999997019768,5.719999998807907,49.16000000089407,,5165,190642,0,0,23187,2,13,52818,41040,4122,3,1,5,0,317,0,1268,0,0,0,326.8665428161621,386.96559143066406,4192
400.306,1245,42,5,5,5,200,200,5,200,0.5400000005960465,6.359999997913837,49.36000000089407,,5165,190642,0,0,23187,2,13,52818,41040,4122,3,1,5,0,317,0,1268,0,0,0,341.4560012817383,386.96559143066406,4192
401.3173999999985,1247,42,4.923435183212405,4.614674665435839,5.002501250626187,203.31999999999533,216.70000000001164,5,203.31999999999533,0.4600000023841858,5.539999997615814,49.300000002980234,,5165,190642,0,0,23187,2,13,52818,41040,4122,3,1,5,0,317,0,1268,0,0,0,325.9302406311035,386.96205139160156,4192
402.3335,1249,42,5.013948224106667,4.614674665435839,5.45256270447214,200,216.70000000001164,5,200,0.3800000011920929,5.599999997019768,49.04000000208616,,5165,190642,0,0,23187,2,13,52818,41040,4122,3,1,5,0,317,0,1268,0,0,0,340.43154525756836,386.96205139160156,4192
403.3348999999985,1251,42,4.923361534164334,4.6168051708210465,5.00250125062473,203.32000000000698,216.60000000003492,5,203.32000000000698,0.4199999988079071,5.5,49.020000000298026,,5165,190642,0,0,23187,2,13,52818,41040,4122,3,1,5,0,317,0,1268,0,0,0,323.02868270874023,386.96205139160156,4192
404.3425,1253,42,5.000500250125238,5,5.002501250626187,199.97999999999303,200,5,199.97999999999303,0.4200000002980232,5.959999999403953,48.96000000089407,,5165,190642,0,0,23187,2,13,52818,41040,4122,3,1,5,0,317,0,1268,0,0,0,337.6776313781738,386.96205139160156,4192
405.3525,1255,42,4.922935433087292,4.614674665435839,5.00250125062473,203.34000000000233,216.70000000001164,5,203.34000000000233,0.3799999997019768,5.520000000298023,49.06000000089407,,5165,190642,0,0,23187,2,13,52818,41040,4122,3,1,5,0,317,0,1268,0,0,0,320.33245372772217,386.9620695114136,4192
406.36019999999553,1256.6,42,4.750625312656183,4,5.00250125062473,212.47500000000582,250,4,212.47500000000582,0.5,5.600000001490116,55.024999998509884,,5385,197990,0,0,24661,2,13,52818,41040,4122,3,1,1,0,317,0,1268,0,0,0,335.250563621521,386.9620695114136,4192
407.21769999999555,1258.6,42,4.845722568079024,4.6168051708210465,5,206.67999999999302,216.60000000003492,5,206.67999999999302,0.4800000011920929,5.979999998211861,50.72000000029802,,5385,197990,0,0,24661,2,13,52818,41040,4122,3,1,1,0,317,0,1268,0,0,0,322.3394956588745,386.9620695114136,4192
408.259,1260.6,42,4.769657001415835,4.614674665435839,5,209.98000000000465,216.70000000001164,5,209.98000000000465,0.5,5.67999999821186,50.600000001490116,,5385,197990,0,0,24661,2,13,52818,41040,4122,3,1,1,0,317,0,1268,0,0,0,337.42782497406006,386.9620695114136,4192
409.29859999999405,1262.6,43,4.646295967251625,4,5,216.65999999999767,250,5,216.65999999999767,7.699999998509884,16.880000001192094,55.57999999821186,,5868,214084,0,0,24458,3,14,53178,41441,4069,3,1,1,1,317,6,1268,0,0,9,290.5303649902344,379.0330696105957,4192
410.61159999999404,1263.8,43,3.3387085712661744,2.857959416976089,4.001600640256662,305.5333333333256,349.9000000000233,3,249.96666666665502,2.0999999990065894,35.83333333581686,57.833333333333336,,5537,208070,0,0,23244,6,14,53557,41774,4105,3,1,1,4,317,11,1268,0,0,17,302.849422454834,387.0559272766113,4192
411.33129999999704,1265.4,43,4.451033268108521,4.286326618087442,4.616805170822287,224.97500000000582,233.30000000004657,4,224.97500000000582,1.150000000372529,14.974999997764826,56.82500000111759,,5788,215552,0,0,22953,5,14,53767,41996,4099,3,1,1,3,317,8,1268,0,0,18,310.30480670928955,390.7560205459595,4192
412.24859999999404,1267.4,43,4.360400513409741,4,4.614674665435839,230,250,5,230,0.7999999985098839,8.32000000178814,56.399999998509884,,5591,211386,0,0,22872,4,14,53698,41917,4121,3,1,1,2,317,2,1268,0,0,6,314.43482303619385,391.7852792739868,4192
413.373,1269,43,4.533120279945619,4.286326618088512,4.616805170822287,220.8249999999971,233.29999999998836,4,220.8249999999971,0.5500000007450581,6.574999999254942,54.30000000074506,,5600,212082,0,0,22904,2,13,53698,41920,4122,3,1,1,0,317,0,1268,0,0,0,332.15744495391846,393.35047245025635,4192
414.2558999999985,1271,43,4.483820354167984,4.284490145672238,4.616805170822287,223.32000000000698,233.40000000002328,5,223.32000000000698,0.5400000020861626,6.13999999910593,53.76000000089407,,5590,211602,0,0,22894,2,13,53688,41910,4122,3,1,1,0,317,0,1268,0,0,0,318.16701221466064,391.86219120025635,4192
415.362,1272.6,43,4.6152072917827605,4.614674665435839,4.6168051708210465,216.67499999998836,216.70000000001164,4,216.67499999998836,0.44999999925494194,5.599999999627471,54.42500000074506,,5590,211602,0,0,22894,2,13,53688,41910,4122,3,1,1,0,317,0,1268,0,0,0,330.67279624938965,391.8622570037842,4192
416.236,1274.6,43,4.549857258120738,4.286326618087442,4.616805170822287,219.98000000000465,233.30000000004657,5,219.98000000000465,0.480000002682209,5.939999997615814,54.559999999403956,,5590,211602,0,0,22894,2,13,53688,41910,4122,3,1,1,0,317,0,1268,0,0,0,314.9272708892822,391.8587169647217,4192
417.3308999999985,1276.6,43,4.549431157043663,4.286326618088512,4.616805170822287,220,233.29999999998836,5,220,0.37999999821186065,5.700000001490116,54.520000000298026,,5590,211602,0,0,22894,2,13,53688,41910,4122,3,1,1,0,317,0,1268,0,0,0,330.4673204421997,391.8587350845337,4192
418.428,1278.2,43,4.615207783135169,4.6125461254615026,4.616805170822287,216.6750000000029,216.79999999998836,4,216.6750000000029,0.37499999813735485,5.650000002235174,58.97499999962747,,5244,197630,0,0,24632,2,13,53688,41910,4122,3,1,3,0,317,0,1268,0,0,0,316.87377071380615,391.8587827682495,4192
419.369,1280.2,43,4.446616095302709,4,5,226.64000000000232,250,5,226.64000000000232,0.5800000011920929,6.159999997913838,59.82000000178814,,5244,197630,0,0,24632,2,13,53688,41910,4122,3,1,3,0,317,0,1268,0,0,0,291.2491044998169,382.36253452301025,4192
420.41079999999704,1281.8,43,4.904201917705728,4.616805170822287,5.00250125062473,204.14999999999418,216.59999999997672,4,204.14999999999418,0.4500000011175871,5.724999999627471,50.32499999925494,,5244,197630,0,0,24632,2,13,53688,41910,4122,3,1,3,0,317,0,1268,0,0,0,303.11542224884033,382.36253452301025,4192
421.2401999999955,1283.8,43,4.846370116299573,4.614674665435839,5.002501250626187,206.65999999999767,216.70000000001164,5,206.65999999999767,0.3600000023841858,5.679999999701977,50.619999998807906,,5244,197630,0,0,24632,2,13,53688,41910,4122,3,1,3,0,317,0,1268,0,0,0,272.0971574783325,366.96775913238525,4192
422.2691999999955,1285.8,43,4.846295967251625,4.614674665435839,5,206.65999999999767,216.70000000001164,5,206.65999999999767,0.4199999988079071,5.600000001490116,50.040000000596045,,5244,197630,0,0,24632,2,13,53688,41910,4122,3,1,3,0,317,0,1268,0,0,0,286.8256616592407,366.96775913238525,4192
423.2998999999985,1287.8,43,4.846295967251377,4.614674665435839,5,206.66000000000932,216.70000000001164,5,206.66000000000932,0.3799999997019768,5.740000003576279,50.19999999850988,,5244,197630,0,0,24632,2,13,53688,41910,4122,3,1,3,0,317,0,1268,0,0,0,271.37338733673096,369.96775913238525,4192
424.329099999994,1289.8,43,4.846295967251625,4.614674665437079,5,206.65999999999767,216.69999999995343,5,206.65999999999767,0.4,5.740000000596046,50.21999999880791,,5244,197630,0,0,24632,2,13,53688,41910,4122,3,1,3,0,317,0,1268,0,0,0,286.13162326812744,369.96775913238525,4192
425.3595,1291.8,43,4.846296467251751,4.614674665435839,5.002501250626187,206.65999999999767,216.70000000001164,5,206.65999999999767,0.5000000014901161,5.579999999701977,50.46000000089407,,5244,197630,0,0,24632,2,13,53688,41910,4122,3,1,3,0,317,0,1268,0,0,0,270.5508623123169,369.96775913238525,4192
426.39379999999704,1293,44,4.075015738561297,2.608242044861605,5,266.6666666666667,383.4000000000233,3,222.19999999999223,3.0333333363135657,48.09999999900659,61.233333334326744,,5565,220344,0,0,23302,5,14,54538,42870,3992,3,1,3,3,317,10,1268,0,0,13,314.7769441604614,381.5766839981079,4192
427.27439999999854,1295,44,4.143430988017625,3.52982703847526,4.614674665435839,243.31999999999533,283.29999999998836,5,236.65999999999767,1.4,19.8,57.37999999970198,,5503,214030,0,0,22816,2,13,54676,42872,4116,3,1,3,0,317,16,1268,0,0,16,334.89155292510986,388.6516046524048,4192
428.4331999999955,1296.6,44,4.245471926390336,3.750937734433936,4.614674665435839,237.47500000000582,266.5999999999767,4,233.32500000001164,1.049999998882413,10.225000001490116,64.47499999962747,,5484,213566,0,0,22747,2,13,54706,42894,4120,3,1,3,0,317,18,1268,0,0,8,267.47887420654297,370.97063064575195,4192
429.392,1298.2,44,4.5331937881881625,4.284490145672238,4.616805170822287,220.8249999999971,233.40000000002328,4,220.8249999999971,1.0249999985098839,7.050000000745058,53.5500000026077,,5484,213566,0,0,22747,2,13,54726,42900,4122,3,1,3,0,317,24,1268,0,0,13,283.26970386505127,371.0018243789673,4192
430.2778999999985,1300.2,44,4.417724643621478,4.284490145672238,4.616805170822287,226.65999999999767,233.40000000002328,5,226.65999999999767,1.1800000011920928,7.859999997913837,53.500000001490115,,5484,213566,0,0,22747,2,13,54803,42955,4122,3,1,3,0,317,35,1268,0,0,11,272.91112518310547,371.0018653869629,4192
431.39959999999405,1301.8,44,4.261596991144679,3.5285815102333213,4.6168051708210465,237.5,283.3999999999651,4,229.15000000000873,1.0500000026077032,7.400000000372529,65.92499999888241,,5495,211588,0,0,24903,15,14,54803,42955,4122,3,1,4,13,317,35,1268,0,0,12,268.8143711090088,371.7519130706787,4192
432.355,1303.4,44,4.533120279945352,4.286326618087442,4.6168051708210465,220.82500000001164,233.30000000004657,4,220.82500000001164,0.8999999985098839,7.325000002980232,54.57499999925494,,5498,211878,0,0,24903,16,14,54831,42975,4122,3,1,4,14,317,39,1268,0,0,17,287.28441524505615,371.7520170211792,4192
433.23589999999854,1305.4,44,4.560400513409741,4.286326618088512,5,220,233.29999999998836,5,220,1.4399999991059302,10.780000001192093,54.7,,5606,214798,0,0,24786,4,14,54702,42929,4105,3,1,4,2,317,6,1268,0,0,9,299.3925886154175,374.71433544158936,4192
434.3796999999955,1307,44,4.1630582627321155,3.750937734433936,4.616805170822287,241.64999999999418,266.5999999999767,4,237.5,0.5500000026077032,8.625000001862645,55.274999994784594,,5494,212238,0,0,24752,2,13,54684,42904,4120,3,1,4,0,317,2,1268,0,0,7,293.6092710494995,375.2574186325073,4192
435.294799999997,1309,44,4.549857258120705,4.286326618088512,4.616805170822287,219.98000000000465,233.29999999998836,5,219.98000000000465,0.5200000002980232,6.900000001490116,54.479999999701974,,5491,211998,0,0,24751,2,13,54658,42880,4122,3,1,4,0,317,0,1268,0,0,0,281.57258129119873,373.8002653121948,4192
436.41459999999404,1310.6,44,4.546905483645716,4.284490145673306,5,220.8249999999971,233.39999999996508,4,220.8249999999971,0.44999999925494194,5.649999998509884,56.80000000074506,,5491,211998,0,0,24751,2,13,54658,42880,4122,3,1,4,0,317,0,1268,0,0,0,295.95757579803467,373.8002653121948,4192
437.279299999997,1312.6,44,4.615526867590417,4.614674665435839,4.616805170822287,216.65999999999767,216.70000000001164,5,216.65999999999767,0.4799999982118607,5.980000001192093,54.32000000029802,,5491,211998,0,0,24751,2,13,54658,42880,4122,3,1,4,0,317,0,1268,0,0,0,281.22806453704834,373.7825651168823,4192
438.364,1314.2,44,4.615739918129063,4.614674665435839,4.616805170822287,216.64999999999418,216.70000000001164,4,216.64999999999418,0.375,5.724999999627471,54.20000000111759,,5491,211998,0,0,24751,2,13,54658,42880,4122,3,1,4,0,317,0,1268,0,0,0,295.5818281173706,373.7825651168823,4192
439.236799999997,1316.2,44,4.626128929473241,4.284490145672238,5,216.68000000000467,233.40000000002328,5,216.68000000000467,0.5600000008940696,5.559999999403954,53.479999999701974,,5491,211998,0,0,24751,2,13,54658,42880,4122,3,1,4,0,317,0,1268,0,0,0,279.5675992965698,373.7825651168823,4192
440.32,1318.2,44,4.626996474081442,4.286326618088512,5.00250125062473,216.64000000000232,233.29999999998836,5,216.64000000000232,0.5200000002980232,5.920000000298023,53.67999999970198,,5491,211998,0,0,24751,2,13,54658,42880,4122,3,1,4,0,317,0,1268,0,0,0,295.44123363494873,373.7825651168823,4192
441.4035,1319.8,44,4.628919478592765,4.286326618088512,5,216.6750000000029,233.29999999998836,4,216.6750000000029,0.4749999977648258,5.625,53.32500000111759,,5491,211998,0,0,24751,2,13,54658,42880,4122,3,1,4,0,317,0,1268,0,0,0,308.0974187850952,373.7825651168823,4192
442.27119999999553,1321.8,44,4.549857651203126,4.286326618088512,4.616805170822287,219.97999999999303,233.29999999998836,5,219.97999999999303,0.6,5.740000002086163,53.67999999821186,,5491,211998,0,0,24751,2,13,54658,42880,4122,3,1,4,0,317,0,1268,0,0,0,292.17538356781006,373.7825651168823,4192
443.399799999997,1323,45,3.7149289336767217,2.999400119975795,4.6168051708210465,277.80000000000774,333.4000000000233,3,238.8666666666783,3.2000000029802322,42.266666665673256,76.40000000099342,,6022,240650,0,0,24035,4,14,56311,44515,4122,3,1,4,2,317,9,1268,0,0,20,328.48313426971436,384.4723997116089,4192
444.336099999994,1324.6,45,3.521142774442594,3.000300030003105,4,287.47499999999127,333.29999999998836,4,250,1.8500000014901161,28.499999998137355,75.52500000037253,,5912,239774,0,0,25729,7,14,55673,43859,4120,3,1,5,4,317,19,1268,0,0,19,296.90158557891846,379.96160221099854,4192
445.37679999999705,1326.2,45,4.214744963566117,4,4.286326618088512,237.47500000000582,250,4,237.47500000000582,1.1999999973922968,7.700000001117587,54.27500000037253,,5910,239568,0,0,25741,8,14,55709,43875,4122,3,1,5,5,317,28,1268,0,0,30,285.8917284011841,380.0753183364868,4192
446.31259999999406,1327.8,45,4.285408381880375,4.284490145672238,4.286326618088512,233.35000000000582,233.40000000002328,4,233.35000000000582,1.2000000029802322,7.549999997019768,53.875000001862645,,5900,239204,0,0,25731,8,14,55748,43900,4122,3,1,5,5,317,35,1268,0,0,19,303.70300006866455,380.5479745864868,4192
447.25679999999704,1329.8,45,4.228741737423364,3.998400639743544,4.288164665524012,236.65999999999767,250.10000000003492,5,236.6399999999907,1.3200000002980232,8.080000001192094,54.65999999940395,,5897,239030,0,0,25731,7,14,55720,43880,4122,3,1,5,4,317,31,1268,0,0,21,297.9293222427368,386.0479745864868,4192
448.426,1331.4,45,4.2863266180882444,4.286326618087442,4.286326618088512,233.3000000000029,233.30000000004657,4,233.3000000000029,0.974999999627471,7.599999999627471,53.82500000111759,,5903,239494,0,0,25731,9,14,55734,43890,4122,3,1,5,6,317,33,1268,0,0,20,284.3917589187622,386.0479745864868,4192
449.3656999999955,1333,45,4.285409168884359,4.282655246252677,4.288164665522942,233.34999999999127,233.5,4,233.34999999999127,0.9749999977648258,8.300000002607703,54.624999998137355,,5918,240364,0,0,25731,14,14,55780,43922,4122,3,1,5,11,317,41,1268,2,0,17,304.06560611724854,386.0479745864868,4192
450.3011999999955,1335,45,4.286326933092143,4.284490145673306,4.288164665522942,233.3,233.39999999996508,5,233.3,0.8199999988079071,8.320000000298023,54.22000000178814,,5888,238624,0,0,25680,3,14,55570,43781,4119,3,1,5,1,317,7,1268,0,0,13,298.4300298690796,387.79638957977295,4192
451.511599999994,1336.6,45,3.94634730881526,3.749531308586263,4.286326618088512,254.1750000000029,266.70000000001164,4,245.8249999999971,0.9499999992549419,15.900000000372529,58.04999999888241,,5933,241882,0,0,25393,2,13,55718,43949,4105,3,1,5,0,317,4,1268,0,0,7,297.4627332687378,390.6795301437378,4192
452.51429999999704,1337.8,45,4.000533973418645,3.9984006397444745,4.00160064025573,249.96666666667443,250.09999999997672,3,249.93333333334886,1.9333333348234494,13.700000000496706,55.333333333333336,,5939,241428,0,0,25130,5,14,55973,44177,4116,3,1,5,3,317,12,1268,0,0,15,305.16803646087646,391.1860456466675,4192
453.248799999997,1339.8,45,4.228693999987555,4,4.286326618088512,236.65999999999767,250,5,236.65999999999767,0.8599999979138374,7.3599999994039536,54.24000000208616,,5920,240774,0,0,25086,2,13,55821,44035,4122,3,1,5,0,317,4,1268,0,0,4,328.08983612060547,393.00799560546875,4192
454.42059999999407,1341.4,45,4.142704190940187,4,4.286326618088512,241.6750000000029,250,4,241.6750000000029,0.650000000372529,7.849999999627471,54.30000000074506,,5920,240774,0,0,25069,2,13,55799,44015,4122,3,1,5,0,317,3,1268,0,0,2,316.0531539916992,393.06226348876953,4192
455.381599999994,1343,45,4.285867893739249,4.284490145672238,4.288164665522942,233.3249999999971,233.40000000002328,4,233.3249999999971,0.5750000011175871,6.124999998137355,55.44999999925494,,5920,240774,0,0,25069,2,13,55778,44000,4122,3,1,5,0,317,0,1268,0,0,0,329.86145305633545,393.06228160858154,4192
456.31509999999406,1344.6,45,4.2863266180882444,4.286326618087442,4.286326618088512,233.3000000000029,233.30000000004657,4,233.3000000000029,0.44999999925494194,5.775000004097819,54.224999997764826,,5920,240774,0,0,25069,2,13,55778,44000,4122,3,1,5,0,317,0,1268,0,0,0,311.8267011642456,391.57400035858154,4192
457.275299999997,1346.2,45,4.096890341124447,3.5285815102333213,4.286326618088512,245.8249999999971,283.3999999999651,4,237.47500000000582,0.37499999813735485,5.800000002607703,65.44999999925494,,6115,246462,0,0,27379,2,13,55778,44000,4122,3,1,1,0,317,0,1268,0,0,0,332.2867441177368,391.57404804229736,4192
458.2456999999955,1348.2,45,4.171523836237597,3.998400639743544,4.288164665522942,240,250.10000000003492,5,239.95999999999768,0.8799999997019767,5.759999999403954,58.12000000029802,,6115,246462,0,0,27379,2,13,55778,44000,4122,3,1,1,0,317,0,1268,0,0,0,321.7756586074829,391.56696796417236,4192
459.435299999997,1349.8,45,4.2142858454623155,4,4.286326618088512,237.5,250,4,237.5,0.40000000037252903,5.974999999627471,57.82499999925494,,6115,246462,0,0,27379,2,13,55778,44000,4122,3,1,1,0,317,0,1268,0,0,0,309.52874851226807,391.56696796417236,4192
460.39709999999405,1351.4,45,4.071581974522145,3.9984006397444745,4.286326618087442,245.8249999999971,250.09999999997672,4,245.8000000000029,0.44999999925494194,5.900000000372529,60.09999999962747,,6115,246462,0,0,27379,2,13,55778,44000,4122,3,1,1,0,317,0,1268,0,0,0,323.5890130996704,391.56696796417236,4192
461.40569999999553,1352.6,46,3.251216633651071,2.2222222222222223,4.00160064025573,327.7333333333372,450,3,249.96666666667443,4.266666665673256,62.500000002483524,79.1333333303531,,6586,271982,0,0,25822,4,14,57754,46004,4080,3,1,1,2,317,7,1268,0,0,11,356.8149423599243,410.72943592071533,4192
462.445299999997,1354.2,46,3.7271735776748356,3.1575623618565305,4.00160064025573,270.8249999999971,316.70000000001164,4,249.97500000000582,2.000000001862645,12.699999999254942,60.97499999962747,,6355,260702,0,0,25478,6,14,56657,44853,4118,3,1,1,4,317,15,1268,0,0,18,377.85701847076416,418.05436420440674,4192
463.461099999994,1355.8,46,3.937382827146566,3.749531308586263,4,254.1750000000029,266.70000000001164,4,250,1.849999999627471,8.875000001862645,60.64999999664724,,6350,261224,0,0,25500,7,14,56652,44840,4122,3,1,1,5,317,17,1268,0,0,12,375.04872608184814,422.942982673645,4192
464.48159999999405,1357.4,46,3.938134593672417,3.750937734433936,4.00160064025573,254.125,266.5999999999767,4,249.97500000000582,1.175000000745058,7.499999998137355,60.15000000037253,,6339,260786,0,0,25480,10,14,56716,44880,4122,3,1,1,8,317,29,1268,0,0,23,366.7591714859009,425.192982673645,4192
465.4868999999985,1359,46,3.99960047993617,3.9984006397444745,4.00160064025573,250.02499999999418,250.09999999997672,4,249.97500000000582,1.174999998882413,7.699999999254942,59.125,,6351,261366,0,0,25480,14,14,56786,44930,4122,3,1,1,12,317,39,1268,0,0,7,386.167275428772,425.192982673645,4192
466.498,1360.6,46,3.9377344336082793,3.750937734433117,4,254.15000000000873,266.6000000000349,4,250,1.075000001117587,7.75,59.47499999962747,,6360,261772,0,0,25480,17,14,56821,44955,4122,3,1,1,15,317,44,1268,0,0,14,374.83525943756104,425.9323625564575,4192
467.503,1361.8,46,3.916979244811312,3.750937734433936,4,255.53333333332557,266.5999999999767,3,250,1.133333335320155,7.699999998013179,59.966666666169964,,6360,261656,0,0,25480,17,14,56772,44920,4122,3,1,1,15,317,37,1268,0,0,11,389.4667673110962,425.9323625564575,4192
468.268,1363.4,46,4.000400160063933,4,4.00160064025573,249.97500000000582,250,4,249.97500000000582,0.9499999992549419,8.875,60.77500000037253,,6354,261540,0,0,25310,15,14,56788,44945,4117,3,1,1,13,317,35,1268,0,0,11,381.1420030593872,426.3659029006958,4192
469.30729999999704,1365,46,3.590555747245508,3.3333333333333335,3.7495313085870814,279.17499999998836,300,4,250,0.9750000014901161,15.050000000745058,64.94999999925494,,6437,266904,0,0,25703,3,14,56727,44942,4121,3,1,1,1,317,4,1268,0,0,6,374.69154834747314,433.4457368850708,4192
470.4203999999985,1366.6,46,3.8840817424234757,3.749531308586263,4.286326618087442,258.32500000001164,266.70000000001164,4,245.82500000001164,0.6999999992549419,7.174999998882413,64.22500000335276,,5940,243562,0,0,27773,4,14,56686,44897,4121,3,1,3,2,317,6,1268,0,0,10,400.58026599884033,435.18158435821533,4192
471.42219999999554,1368.2,46,4.143163309044256,4,4.286326618088512,241.64999999999418,250,4,241.64999999999418,0.5249999985098839,7.075000001117587,57.79999999701977,,5934,243446,0,0,27756,2,13,56656,44877,4121,3,1,3,0,317,1,1268,0,0,4,391.6446657180786,439.2916078567505,4192
472.363,1369.8,46,4.285867499984444,4.284490145672238,4.286326618088512,233.3249999999971,233.40000000002328,4,233.3249999999971,0.5499999988824129,6.075000001117587,57.375,,5934,243446,0,0,27756,2,13,56655,44875,4122,3,1,3,0,317,1,1268,0,0,1,379.25175952911377,444.30717182159424,4192
473.30659999999403,1371.4,46,4.2142858454623155,4,4.286326618088512,237.5,250,4,237.5,0.4249999988824129,5.800000000745058,56.399999998509884,,5934,243446,0,0,27756,2,13,56648,44870,4122,3,1,3,0,317,0,1268,0,0,0,394.58112049102783,444.30717182159424,4192
474.241,1373.4,46,4.352055034151763,4.284490145673306,4.6168051708210465,229.98000000000465,233.39999999996508,5,229.98000000000465,0.3799999997019768,5.919999998807907,56.340000002086164,,5934,243446,0,0,27756,2,13,56648,44870,4122,3,1,3,0,317,0,1268,0,0,0,380.0494318008423,444.30009174346924,4192
475.4078999999985,1375,46,4.2142858454623155,4,4.286326618088512,237.5,250,4,237.5,0.42500000074505806,5.925000002607703,57.625000001862645,,5934,243446,0,0,27756,2,13,56648,44870,4122,3,1,3,0,317,0,1268,0,0,0,395.43836307525635,444.30009174346924,4192
476.3448999999985,1376.6,46,4.285867893739249,4.284490145672238,4.288164665524012,233.3249999999971,233.40000000002328,4,233.3249999999971,0.3999999985098839,6.025000000372529,56.57500000111759,,5934,243446,0,0,27756,2,13,56648,44870,4122,3,1,3,0,317,0,1268,0,0,0,409.09312915802,444.30009174346924,4192
477.27819999999554,1378.6,46,4.285959323605257,4.284490145672238,4.286326618088512,233.31999999999533,233.40000000002328,5,233.31999999999533,0.44000000059604644,5.8799999982118605,56.86000000089407,,5934,243446,0,0,27756,2,13,56648,44870,4122,3,1,3,0,317,0,1268,0,0,0,395.93770694732666,444.30009174346924,4192
478.4513999999985,1380.2,46,4.2858674999841755,4.284490145673306,4.286326618088512,233.32500000001164,233.39999999996508,4,233.32500000001164,0.47499999962747097,6.099999999627471,57.02500000037253,,5934,243446,0,0,27756,2,13,56648,44870,4122,3,1,3,0,317,0,1268,0,0,0,377.8544397354126,444.30009174346924,4192
479.38509999999405,1381.8,46,4.297291487262133,4,4.614674665437079,233.29999999998836,250,4,233.29999999998836,0.42500000074505806,6.024999998509884,56.97499999962747,,5934,243446,0,0,27756,2,13,56648,44870,4122,3,1,3,0,317,0,1268,0,0,0,391.5457696914673,444.30009174346924,4192
480.3341999999955,1383.4,47,3.8911695310216037,3.5285815102325966,4.288164665524012,258.3500000000058,283.4000000000233,4,245.79999999998836,1.824999999254942,20.00000000372529,60.374999998137355,,6012,249306,0,0,27255,6,14,56906,45152,4076,3,1,3,4,317,11,1268,0,0,18,410.21453952789307,452.37209033966064,4192
481.38509999999405,1385,47,4.009257130090476,3.750937734433936,4.284490145672238,249.97500000000582,266.5999999999767,4,245.82500000001164,1.0000000037252903,11.47499999590218,58.90000000037253,,5985,245566,0,0,27257,6,14,56762,44965,4117,3,1,3,4,317,12,1268,0,0,11,420.2623529434204,459.94830799102783,4192
482.358,1386.6,47,4.142704190940455,4,4.286326618088512,241.67499999998836,250,4,241.67499999998836,1.174999998882413,8.374999998137355,57.20000000111759,,5958,244838,0,0,27178,10,14,56800,44987,4121,3,1,3,8,317,18,1268,0,0,11,414.6317949295044,464.0148973464966,4192
483.351799999997,1388.2,47,4.009364641732626,3.749531308586263,4.286326618088512,249.97500000000582,266.70000000001164,4,245.8000000000029,1.1000000014901161,7.324999997392297,65.00000000186265,,6064,249894,0,0,29006,15,14,56814,44990,4122,3,1,4,6,317,23,1268,0,0,15,411.9208879470825,466.2855577468872,4192
484.33559999999403,1389.8,47,4.0715819745221795,3.9984006397444745,4.286326618088512,245.8249999999971,250.09999999997672,4,245.8000000000029,0.9250000007450581,7.374999998137355,57.52500000037253,,6076,250358,0,0,29006,17,14,56870,45030,4122,3,1,4,10,317,31,1268,0,0,10,430.1948289871216,466.2855577468872,4192
485.3075,1391.4,47,4.1432229808387495,3.998400639743544,4.288164665522942,241.65000000000873,250.10000000003492,4,241.625,1.050000000745058,8.125,57.97499999962747,,6085,250416,0,0,29006,16,14,56877,45035,4122,3,1,4,13,317,32,1268,0,0,17,420.2230234146118,470.0107774734497,4192
486.2875,1393,47,4.071522696482259,4,4.284490145673306,245.8249999999971,250,4,245.8249999999971,1.025000000372529,7.075000001117587,57.32500000111759,,6073,249952,0,0,29006,12,14,56793,44975,4122,3,1,4,9,317,20,1268,0,0,6,407.493935585022,470.0107774734497,4192
487.264099999994,1394.6,47,3.875165814357297,3.749531308586263,4.001600640256662,258.3249999999971,266.70000000001164,4,249.97499999999127,1,8.949999997392297,61.750000001862645,,6082,250406,0,0,29012,4,14,56715,44933,4118,3,1,4,2,317,4,1268,0,0,13,434.42488956451416,473.46928882598877,4192
488.301799999997,1396.2,47,4.142704190940187,4,4.286326618088512,241.6750000000029,250,4,241.6750000000029,0.8500000033527613,7.149999996647239,57.525000002235174,,6046,248850,0,0,28959,2,13,56653,44875,4122,3,1,4,0,317,0,1268,0,0,0,423.0143213272095,473.33514881134033,4192
489.25729999999703,1398.2,47,4.171796285856952,4,4.288164665522942,239.97999999999303,250,5,239.97999999999303,0.6200000017881393,6.33999999910593,57.15999999940395,,6046,248850,0,0,28959,2,13,56653,44875,4122,3,1,4,0,317,0,1268,0,0,0,411.76806354522705,475.58514881134033,4192
490.45929999999703,1399.8,47,4.008964481668631,3.7495313085870814,4.286326618087442,250,266.69999999995343,4,245.82500000001164,0.5749999992549419,6.425000000745058,57.22499999962747,,6046,248850,0,0,28959,2,13,56653,44875,4122,3,1,4,0,317,0,1268,0,0,0,430.0182809829712,477.07343006134033,4192
491.44859999999403,1401.4,47,4.143163309043989,4,4.286326618088512,241.65000000000873,250,4,241.65000000000873,0.6000000014901161,6.174999998882413,62.67500000074506,,6046,248850,0,0,28959,2,13,56653,44875,4122,3,1,4,0,317,0,1268,0,0,0,410.7967805862427,475.83514881134033,4192
492.494599999994,1403,47,3.9137719578820045,3.3333333333333335,4.286326618088512,258.3249999999971,300,4,241.6750000000029,1.6250000037252903,15.524999998509884,59.32499999925494,,6046,248850,0,0,28959,2,13,56653,44875,4122,3,1,4,0,317,0,1268,0,0,0,330.6898469924927,474.58496952056885,4192
493.46709999999405,1404.6,47,4.143163309044256,4,4.286326618088512,241.64999999999418,250,4,241.64999999999418,0.6249999981373549,5.425000002607703,56.9499999973923,,6046,248850,0,0,28959,2,13,56653,44875,4122,3,1,4,0,317,0,1268,0,0,0,344.66926288604736,474.58496952056885,4192
494.4285,1406.2,47,4.143164022798846,3.998400639743544,4.288164665522942,241.65000000000873,250.10000000003492,4,241.625,0.7000000011175871,5.775000000372529,57.29999999888241,,6046,248850,0,0,28959,2,13,56653,44875,4122,3,1,4,0,317,0,1268,0,0,0,294.39603424072266,442.13193130493164,4192
495.3905,1407.8,47,4.214345517257041,3.9984006397444745,4.288164665522942,237.5,250.09999999997672,4,237.47500000000582,0.6250000018626451,5.824999997392297,57.0500000026077,,6046,248850,0,0,28959,2,13,56653,44875,4122,3,1,4,0,317,0,1268,0,0,0,308.39934158325195,442.13193130493164,4192
496.37289999999854,1409.4,47,3.95397945610104,3.52982703847526,4.284490145672238,254.14999999999418,283.29999999998836,4,245.8249999999971,0.5,5.574999997392297,62.125000001862645,,6030,248078,0,0,29755,2,13,56653,44875,4122,3,1,5,0,317,0,1268,0,0,0,295.6592969894409,443.88208293914795,4192
497.34319999999553,1411,47,4.2142858454623155,4,4.286326618088512,237.5,250,4,237.5,0.599999999627471,5.949999999254942,54.32500000111759,,6030,248078,0,0,29755,2,13,56653,44875,4122,3,1,5,0,317,0,1268,0,0,0,309.4915533065796,443.88208293914795,4192
498.294799999997,1412.6,48,4.214226887422447,4.00160064025573,4.286326618088512,237.5,249.90000000002328,4,237.5,0.525000000372529,6.150000002235174,54.89999999664724,,6030,248078,0,0,29755,2,13,56653,44875,4122,3,1,5,0,317,0,1268,0,0,0,292.9168691635132,443.88208293914795,4192
499.29969999999554,1414.2,48,3.8309727501533852,3.000300030002581,4.286326618088512,266.625,333.30000000004657,4,241.64999999999418,1.974999999627471,21.450000001117587,60.25,,6069,249426,0,0,29374,6,14,56806,45007,4115,3,1,5,4,317,14,1268,0,0,10,323.89909648895264,449.1057081222534,4192
500.32759999999405,1415.8,48,4.142763468980142,3.998400639743544,4.286326618088512,241.6750000000029,250.10000000003492,4,241.64999999999418,1.275000000372529,7.574999997392297,55.649999998509884,,6066,249368,0,0,29362,5,14,56791,44993,4122,3,1,5,3,317,10,1268,0,0,20,318.8452482223511,449.33474254608154,4192
501.29839999999854,1417.4,48,4.143163702799062,4,4.288164665524012,241.64999999999418,250,4,241.64999999999418,0.8499999977648258,6.950000002980232,55.124999998137355,,6063,249194,0,0,29362,4,14,56778,44978,4122,3,1,5,2,317,11,1268,0,0,17,308.4184865951538,449.33474254608154,4192
502.25369999999555,1419.4,48,4.171428676369852,4,4.286326618088512,240,250,5,240,1.119999998807907,7.1200000017881395,54.959999999403955,,6078,250064,0,0,29362,9,14,56869,45043,4122,3,1,5,7,317,24,1268,0,0,17,330.1077184677124,449.33474254608154,4192
503.4578999999985,1421,48,4.143163309043989,4,4.286326618088512,241.65000000000873,250,4,241.65000000000873,1.125,7.224999997764826,55.625000001862645,,6084,250528,0,0,29362,11,14,56918,45078,4122,3,1,5,9,317,31,1268,0,0,9,319.2775716781616,449.32058238983154,4192
504.421799999997,1422.6,48,4.142704190940187,4,4.286326618088512,241.6750000000029,250,4,241.6750000000029,1.2500000018626451,7.399999998509884,55.25,,6081,250354,0,0,29362,10,14,56911,45073,4122,3,1,5,8,317,30,1268,0,0,12,306.5795888900757,449.32058238983154,4192
505.3821999999955,1424.2,48,4.143163309044256,4,4.286326618088512,241.64999999999418,250,4,241.64999999999418,1.200000001117587,7.650000000372529,56.32500000111759,,6084,250412,0,0,29362,11,14,56960,45108,4122,3,1,5,9,317,37,1268,0,0,8,324.78815746307373,449.32058238983154,4192
506.35019999999554,1425.8,48,4.143222980838982,3.9984006397444745,4.288164665522942,241.64999999999418,250.09999999997672,4,241.625,0.8999999985098839,7.125000001862645,55.624999998137355,,6078,250180,0,0,29323,9,14,56757,44966,4121,3,1,5,7,317,7,1268,0,0,3,310.84696102142334,449.4180860519409,4192
507.329099999994,1427.4,48,3.8751658143570644,3.749531308586263,4.00160064025573,258.32500000001164,266.70000000001164,4,249.97500000000582,1.0249999985098839,10.175000000745058,55.97499999962747,,6066,249254,0,0,29316,4,14,56749,44962,4121,3,1,5,2,317,5,1268,0,0,13,339.58293437957764,455.8459577560425,4192
508.38059999999405,1429,48,3.875069027152882,3.750937734433117,4,258.3249999999971,266.6000000000349,4,250,0.9499999992549419,8.150000000372529,55.47499999962747,,6060,249138,0,0,29316,2,13,56734,44950,4122,3,1,5,0,317,3,1268,0,0,7,322.84077739715576,452.88495922088623,4192
509.4035,1430.6,48,3.882456759618815,3.52982703847526,4,258.3249999999971,283.29999999998836,4,250,0.849999999627471,6.974999997764826,63.025000002235174,,6448,268014,0,0,29682,2,13,56720,44940,4122,3,1,1,0,317,1,1268,0,0,2,343.37047481536865,454.37324047088623,4192
510.44569999999555,1432.2,48,3.9377829872107313,3.749531308586263,4.001600640256662,254.14999999999418,266.70000000001164,4,249.97499999999127,0.599999999627471,5.925000000745058,60.42499999888241,,6451,268072,0,0,29682,3,14,56720,44940,4122,3,1,1,1,317,1,1268,0,0,6,324.47906398773193,449.88361644744873,4192
511.4755,1433.8,48,3.8824567596186337,3.5298270384745347,4,258.32500000001164,283.30000000004657,4,250,0.5749999992549419,6.300000000745058,60.07500000111759,,6448,268014,0,0,29682,2,13,56713,44935,4122,3,1,1,0,317,0,1268,0,0,0,343.12725353240967,451.37189769744873,4192
512.492299999997,1435.4,48,3.937734433608484,3.750937734433936,4,254.14999999999418,266.5999999999767,4,250,0.5,5.800000002607703,60.34999999962747,,6448,268014,0,0,29682,2,13,56713,44935,4122,3,1,1,0,317,0,1268,0,0,0,325.7999601364136,449.88361644744873,4192
513.506299999997,1436.6,48,3.9170439829476416,3.749531308586263,4.001600640256662,255.53333333332557,266.70000000001164,3,249.96666666665502,0.5999999990065893,5.766666668156783,59.699999998013176,,6448,268014,0,0,29682,2,13,56713,44935,4122,3,1,1,0,317,0,1268,0,0,0,336.8781843185425,449.88361644744873,4192
514.2636999999955,1438.2,48,4,4,4,250,250,4,250,0.525000000372529,5.800000000745058,60.42500000074506,,6448,268014,0,0,29682,2,13,56713,44935,4122,3,1,1,0,317,0,1268,0,0,0,321.5048589706421,449.88361644744873,4192
515.2847999999971,1439.8,48,3.937382827146566,3.749531308586263,4,254.1750000000029,266.70000000001164,4,250,0.5499999970197678,5.750000001862645,60.32500000111759,,6448,268014,0,0,29682,2,13,56713,44935,4122,3,1,1,0,317,0,1268,0,0,0,336.2657423019409,449.88361644744873,4192
516.296299999997,1441.4,48,3.9377347536083307,3.750937734433117,4.001600640256662,254.15000000000873,266.6000000000349,4,249.97499999999127,0.6749999988824129,5.824999999254942,60.275000002235174,,6448,268014,0,0,29682,2,13,56713,44935,4122,3,1,1,0,317,0,1268,0,0,0,320.8963575363159,449.88361644744873,4192
517.3116999999955,1443,49,3.7026965064483326,3.52982703847526,4.00160064025573,270.79999999998836,283.29999999998836,4,249.97500000000582,1.0999999977648258,17.87500000372529,64.14999999850988,,6582,273644,0,0,29135,3,14,57223,45446,4111,3,1,1,1,317,5,1268,0,0,18,328.2315855026245,453.73574352264404,4192
518.4495,1444.6,49,3.6662670117877583,3.332222592468789,4,275.02500000000873,300.1000000000349,4,250,0.8749999962747097,10.075000002980232,62.20000000111759,,6533,270810,0,0,28993,2,13,56982,45205,4121,3,1,1,0,317,0,1268,0,0,0,332.3666639328003,454.7640027999878,4192
519.505,1445.8,49,3.7602549243030654,3.52982703847526,4,266.6333333333217,283.29999999998836,3,250,0.7999999995032946,6.466666666169961,61.233333334326744,,6532,270650,0,0,28992,6,14,57034,45238,4122,3,1,1,4,317,9,1268,0,0,17,344.50248622894287,454.74770641326904,4192
520.296,1447.4,49,3.8755174208190106,3.749531308586263,4.001600640256662,258.3000000000029,266.70000000001164,4,249.97499999999127,0.7999999988824129,7.075000001117587,60.67500000074506,,6514,270346,0,0,28992,2,13,56992,45208,4122,3,1,1,0,317,3,1268,0,0,9,361.7608060836792,456.23598766326904,4192
521.324299999997,1449,49,3.8125489050766896,3.7481259370316478,4.00160064025573,262.50000000001455,266.79999999998836,4,249.97500000000582,1.200000001117587,6.200000001117587,60.34999999962747,,6523,270498,0,0,28992,4,14,57006,45218,4122,3,1,1,2,317,5,1268,0,0,14,346.6800146102905,454.74770641326904,4192
522.378,1450.6,49,3.8422978150019644,3.3333333333333335,4.286326618087442,262.5,300,4,245.82500000001164,0.7000000029802322,9.474999999627471,71.92499999888241,,6012,246202,0,0,29488,2,13,56971,45193,4122,3,1,3,0,317,0,1268,0,0,0,307.868577003479,431.9975519180298,4192
523.4016999999956,1452.2,49,4.214804635361378,3.9984006397444745,4.2881646655218715,237.47499999997672,250.09999999997672,4,237.44999999998254,0.625,5.875,56.02500000037253,,6012,246202,0,0,29488,2,13,56971,45193,4122,3,1,3,0,317,0,1268,0,0,0,321.78901767730713,431.9975519180298,4192
524.346299999997,1453.8,49,4.213886005397969,3.9984006397426133,4.286326618089582,237.52500000002328,250.10000000009313,4,237.5,0.5999999977648258,5.825000001117587,56.774999998509884,,6012,246202,0,0,29488,2,13,56971,45193,4122,3,1,3,0,317,0,1268,0,0,0,293.6714792251587,421.6216287612915,4192
525.297,1455.4,49,4.2147453573214575,4,4.288164665524012,237.47499999997672,250,4,237.47499999997672,0.5499999988824129,5.600000001490116,56.42500000074506,,6012,246202,0,0,29488,2,13,56971,45193,4122,3,1,3,0,317,0,1268,0,0,0,309.2388620376587,421.6216287612915,4192
526.2412999999971,1457.4,49,4.285959323604829,4.284490145674375,4.286326618087442,233.32000000001864,233.39999999990687,5,233.32000000001864,0.5200000017881393,5.779999998211861,56.2,,6012,246202,0,0,29488,2,13,56971,45193,4122,3,1,3,0,317,0,1268,0,0,0,295.0288667678833,422.6216287612915,4192
527.4213999999985,1459,49,4.2142858454623155,4,4.286326618089582,237.5,250,4,237.5,0.625,6.050000000745058,57.29999999888241,,6012,246202,0,0,29488,2,13,56971,45193,4122,3,1,3,0,317,0,1268,0,0,0,310.65123462677,422.6216287612915,4192
528.376099999994,1460.6,49,4.214744963566652,4,4.286326618089582,237.47499999997672,250,4,237.47499999997672,0.5500000007450581,5.75,56.399999998509884,,6012,246202,0,0,29488,2,13,56971,45193,4122,3,1,3,0,317,0,1268,0,0,0,292.5911989212036,422.6216287612915,4192
529.323099999994,1462.2,49,4.2142858454623155,4,4.286326618089582,237.5,250,4,237.5,0.599999999627471,5.674999998882413,56.97499999962747,,6012,246202,0,0,29488,2,13,56971,45193,4122,3,1,3,0,317,0,1268,0,0,0,308.1937417984009,422.6216287612915,4192
530.270599999994,1464.2,49,4.228693999987341,4,4.286326618089582,236.66000000000932,250,5,236.66000000000932,0.619999997317791,5.900000001490116,56.34000000059605,,6012,246202,0,0,29488,2,13,56971,45193,4122,3,1,3,0,317,0,1268,0,0,0,293.53535175323486,422.6216287612915,4192
531.453799999997,1465.8,49,4.214744963566117,4,4.286326618089582,237.47500000000582,250,4,237.47500000000582,0.47499999962747097,5.749999998137355,56.225000001490116,,6012,246202,0,0,29488,2,13,56971,45193,4122,3,1,3,0,317,0,1268,0,0,0,307.3571834564209,422.62169456481934,4192
532.4018999999985,1467.4,49,4.2142858454623155,4,4.286326618089582,237.5,250,4,237.5,0.5750000011175871,5.699999999254942,57.02500000037253,,6012,246202,0,0,29488,2,13,56971,45193,4122,3,1,3,0,317,0,1268,0,0,0,289.33482551574707,422.62169456481934,4192
533.3508999999985,1469,49,4.214226887422446,4.00160064025573,4.286326618087442,237.5,249.90000000002328,4,237.5,0.5499999988824129,5.724999999627471,56.02500000037253,,6012,246202,0,0,29488,2,13,56971,45193,4122,3,1,3,0,317,0,1268,0,0,0,303.22011280059814,422.62171268463135,4192
534.292299999997,1471,49,4.285959323605257,4.284490145672238,4.286326618089582,233.31999999999533,233.40000000002328,5,233.31999999999533,0.46000000089406967,5.740000000596046,58.579999999701975,,6106,250970,0,0,29954,2,13,56971,45193,4122,3,1,4,0,317,0,1268,0,0,0,290.0944662094116,422.62176036834717,4192
535.4873999999985,1472.6,50,3.946747468879334,3.7495313085870814,4.286326618087442,254.14999999999418,266.69999999995343,4,245.80000000001746,1.175000000745058,17.40000000037253,61.774999998509884,,6196,255306,0,0,29306,4,14,57307,45550,4083,3,1,4,2,317,9,1268,0,0,29,301.16299533843994,426.38861560821533,4192
536.560299999997,1473.8,50,3.8145510492619272,3.15756236185595,4.284490145672238,266.6666666666667,316.70000000006985,3,244.43333333331006,1.1666666691501935,9.733333331843218,60.90000000099341,,6169,253262,0,0,29236,4,14,57296,45498,4120,3,1,4,2,317,11,1268,0,0,29,322.48223972320557,427.08640003204346,4192
537.3206999999956,1475.4,50,4.008916248066533,3.750937734433936,4.286326618089582,250,266.5999999999767,4,245.82499999998254,1.1250000018626451,8.825000001117587,59.54999999888241,,6181,253570,0,0,29182,4,14,57352,45544,4122,3,1,4,2,317,15,1268,0,0,27,323.2716646194458,427.6554002761841,4192
538.3108999999985,1477,50,4.009316088130345,3.750937734433936,4.286326618087442,249.97500000000582,266.5999999999767,4,245.82500000001164,1.2000000029802322,7.774999998509884,60.125,,6187,253686,0,0,29160,6,14,57421,45595,4122,3,1,4,4,317,24,1268,0,0,15,314.03925037384033,427.76691150665283,4192
539.3015,1478.6,50,4.000400160063933,4,4.00160064025573,249.97500000000582,250,4,249.97500000000582,0.974999999627471,7.299999998882413,59.975000001490116,,6193,253802,0,0,29160,8,14,57386,45570,4122,3,1,4,6,317,19,1268,0,0,14,331.20223331451416,427.76691150665283,4192
540.2988999999985,1480.2,50,4.071641326317121,3.9984006397444745,4.288164665524012,245.82499999998254,250.09999999997672,4,245.79999999998836,1.075000001117587,7.550000000745058,60.099999997764826,,6199,254382,0,0,29160,10,14,57442,45610,4122,3,1,4,8,317,27,1268,0,0,28,320.59493350982666,427.75629138946533,4192
541.2895,1481.8,50,4.008964481668757,3.7495313085854445,4.286326618089582,250,266.70000000006985,4,245.82499999998254,1.150000000372529,7.974999999627471,59.70000000111759,,6205,254962,0,0,29160,12,14,57414,45590,4122,3,1,4,10,317,23,1268,0,0,15,307.65931034088135,427.75629138946533,4192
542.2856999999956,1483.4,50,4,4,4,250,250,4,250,0.9250000007450581,7.199999999254942,59.374999998137355,,6184,253766,0,0,29160,6,14,57386,45570,4122,3,1,4,4,317,19,1268,0,0,9,327.08599185943604,427.75629138946533,4192
543.275799999997,1485,50,4.071981814585794,4,4.286326618087442,245.80000000001746,250,4,245.80000000001746,0.8250000011175871,8.374999998137355,59.80000000074506,,6178,253514,0,0,29061,2,13,57294,45517,4121,3,1,4,0,317,0,1268,0,0,0,318.83382511138916,428.29742908477783,4192
544.261599999994,1486.6,50,3.8747656542931312,3.7495313085854445,4,258.3500000000058,266.70000000006985,4,250,0.8499999977648258,6.725000001490116,59.474999997764826,,6187,253666,0,0,29061,4,14,57332,45540,4122,3,1,4,2,317,7,1268,0,0,11,336.12635135650635,429.8012742996216,4192
545.2920999999941,1488.2,50,4.071581974522447,3.9984006397444745,4.286326618089582,245.82499999998254,250.09999999997672,4,245.79999999998836,1.2249999959021807,6.775000002235174,58.774999998509884,,6178,253514,0,0,29061,2,13,57297,45515,4122,3,1,4,0,317,2,1268,0,0,4,321.10077381134033,429.8012742996216,4192
546.271799999997,1489.8,50,4.071981814585794,4,4.286326618087442,245.80000000001746,250,4,245.80000000001746,0.5999999977648258,5.900000000372529,58.125,,6178,253514,0,0,29061,2,13,57290,45510,4122,3,1,4,0,317,1,1268,0,0,0,335.59101963043213,429.8012742996216,4192
547.2506999999955,1491.8,50,4.11448348080351,4,4.286326618089582,243.31999999999533,250,5,243.31999999999533,0.6399999976158142,5.800000002980232,58.520000000298026,,6178,253514,0,0,29061,2,13,57283,45505,4122,3,1,4,0,317,0,1268,0,0,0,320.7642946243286,428.3059129714966,4192
548.4751999999955,1493.4,50,4.080379666509001,3.750937734433936,4.284490145672238,245.82499999998254,266.5999999999767,4,241.67499999998836,0.599999999627471,6.199999999254942,58.94999999925494,,6204,254226,0,0,29733,2,13,57283,45505,4122,3,1,5,0,317,0,1268,0,0,0,338.17813205718994,428.3059129714966,4192
549.4541999999956,1495,50,4.143163629043842,3.9984006397426133,4.286326618089582,241.65000000002328,250.10000000009313,4,241.625,0.625,5.775000000372529,56.92499999888241,,6204,254226,0,0,29733,2,13,57283,45505,4122,3,1,5,0,317,0,1268,0,0,0,321.70018100738525,428.3059129714966,4192
550.429299999997,1496.6,50,4.071181814458514,3.9984006397444745,4.286326618089582,245.84999999997672,250.09999999997672,4,245.82499999998254,0.6000000014901161,5.900000000372529,56.624999998137355,,6204,254226,0,0,29733,2,13,57283,45505,4122,3,1,5,0,317,0,1268,0,0,0,335.9318323135376,428.3059129714966,4192
551.4038999999985,1498.2,50,4.143104351003853,4,4.286326618087442,241.65000000002328,250,4,241.65000000002328,0.5,5.750000001862645,56.42499999888241,,6204,254226,0,0,29733,2,13,57283,45505,4122,3,1,5,0,317,0,1268,0,0,0,321.3054094314575,428.3059129714966,4192
552.371099999994,1499.8,50,4.142645232900586,4,4.284490145674375,241.67499999998836,250,4,241.67499999998836,0.5499999988824129,5.899999998509884,56.95000000111759,,6204,254226,0,0,29733,2,13,57283,45505,4122,3,1,5,0,317,0,1268,0,0,0,335.5326318740845,428.3059129714966,4192
553.3435,1501.4,50,4.071522696481992,4,4.284490145672238,245.82500000001164,250,4,245.82500000001164,0.5249999985098839,5.725000001490116,56.524999998509884,,6204,254226,0,0,29733,2,13,57283,45505,4122,3,1,5,0,317,0,1268,0,0,0,319.67309284210205,428.3059129714966,4192
554.314,1503,51,3.891920977547636,3.5285815102325966,4.288164665524012,258.29999999998836,283.4000000000233,4,245.79999999998836,1.349999999627471,19.175000000745058,60.32499999925494,,6424,263780,0,0,29208,5,14,57775,45996,4101,3,1,5,3,317,11,1268,0,0,17,333.27288913726807,432.77582263946533,4192
555.3923999999985,1504.6,51,3.7646909151805934,3.5285815102325966,4.00160064025573,266.67499999998836,283.4000000000233,4,249.97500000000582,1.224999999627471,10.774999998509884,67.62500000372529,,6313,258268,0,0,28884,5,14,57724,45928,4122,3,1,5,3,317,9,1268,0,0,25,342.5138635635376,434.0589647293091,4192
556.430099999994,1506.2,51,3.9377829872102934,3.7495313085854445,4.00160064025573,254.15000000002328,266.70000000006985,4,249.97500000000582,1.2250000014901161,8.224999999627471,57.44999999925494,,6309,257904,0,0,28813,7,14,57753,45935,4122,3,1,5,5,317,20,1268,0,0,19,335.516224861145,434.28708362579346,4192
557.4520999999941,1507.8,51,4.009257130090941,3.750937734433936,4.284490145672238,249.97499999997672,266.5999999999767,4,245.82499999998254,1.150000000372529,7.5,56.59999999962747,,6306,257730,0,0,28813,6,14,57760,45940,4122,3,1,5,4,317,21,1268,0,0,14,353.50797748565674,434.28708362579346,4192
558.439099999994,1509.4,51,3.953579296036693,3.5298270384745347,4.284490145672238,254.17500000001746,283.30000000004657,4,245.85000000000582,9.024999998509884,9.150000002235174,56.274999998509884,,6303,257788,0,0,28813,5,14,57795,45965,4122,3,1,5,3,317,26,1268,0,0,29,301.6080665588379,428.25851821899414,4192
559.4973999999985,1511,51,3.9539794561009884,3.529827038475985,4.284490145672238,254.14999999999418,283.29999999993015,4,245.82500000001164,1.099999999627471,7.525000000372529,56.59999999962747,,6315,258622,0,0,28791,10,14,57816,45983,4121,3,1,5,8,317,28,1268,0,0,16,310.35564041137695,417.70615005493164,4192
560.489799999997,1512.6,51,4.009257130090476,3.750937734433936,4.284490145672238,249.97500000000582,266.5999999999767,4,245.82500000001164,1.300000000745058,7.399999998509884,57.25,,6327,259202,0,0,28791,14,14,57871,46021,4122,3,1,5,12,317,36,1268,0,0,11,298.31817626953125,417.72681045532227,4192
561.4985,1513.8,51,3.843276106158868,3.5298270384745347,4.001600640257593,261.0999999999767,283.30000000004657,3,249.96666666663563,1.399999996026357,7.566666667660077,65.33333333581686,,6709,277286,0,0,29519,21,14,57850,46006,4122,3,1,1,12,317,33,1268,0,0,11,314.50716972351074,417.7268581390381,4192
562.2943999999985,1515.4,51,3.7571741803095975,3.5298270384745347,3.9984006397444745,266.67500000001746,283.30000000004657,4,250,1.0000000018626451,8.674999998882413,62.67500000074506,,6766,278386,0,0,29513,8,14,57731,45936,4117,3,1,1,6,317,11,1268,0,0,18,311.2019376754761,418.1996183395386,4192
563.3585,1517,51,3.702647952846114,3.5298270384745347,4,270.79999999998836,283.30000000004657,4,250,0.6999999992549419,8.150000000372529,63.59999999962747,,6704,277186,0,0,29521,2,13,57678,45898,4122,3,1,1,0,317,1,1268,0,0,1,305.02363681793213,419.967511177063,4192
564.4341999999955,1518.6,51,3.7575342794482576,3.5310734463282643,4,266.6499999999942,283.19999999995343,4,250,0.7499999981373549,6.025000002235174,62.649999998509884,,6703,276858,0,0,29511,4,14,57689,45903,4122,3,1,1,2,317,4,1268,0,0,15,322.9750337600708,419.967511177063,4192
565.5,1519.8,51,3.6763501844173256,3.5285815102325966,3.750937734433936,272.2333333333566,283.4000000000233,3,250,0.7999999995032946,7.100000001490116,63.766666665673256,,6700,276800,0,0,29511,3,14,57668,45888,4122,3,1,1,1,317,1,1268,0,0,4,304.351487159729,418.479229927063,4192
566.3070999999941,1521.4,51,3.6531729200986907,3.3333333333333335,4,275,300,4,250,0.7250000014901161,6.900000000372529,62.474999997764826,,6694,276706,0,0,29511,2,13,57661,45883,4122,3,1,1,0,317,0,1268,0,0,0,326.22041034698486,421.455792427063,4192
567.4066999999956,1523,51,3.8128034607611614,3.750937734432298,3.9984006397444745,262.4750000000058,266.60000000009313,4,250,0.6750000007450581,6.049999997019768,62.750000001862645,,6694,276706,0,0,29511,2,13,57661,45883,4122,3,1,1,0,317,0,1268,0,0,0,307.65115451812744,418.4756898880005,4192
568.4515999999941,1524.6,51,3.8125000879016153,3.7495313085854445,4,262.5,266.70000000006985,4,250,0.6500000022351742,6.324999999254942,62.54999999888241,,6694,276706,0,0,29512,2,13,57661,45883,4122,3,1,1,0,317,0,1268,0,0,0,327.2951250076294,419.9639711380005,4192
569.5181999999955,1525.8,51,3.8334896810070056,3.7495313085870814,4,261.0999999999767,266.69999999995343,3,250,0.633333332836628,5.833333333333333,62.73333333184322,,6694,276706,0,0,29512,2,13,57661,45883,4122,3,1,1,0,317,0,1268,0,0,0,305.72404193878174,418.4756898880005,4192
570.3015999999941,1527.4,51,3.8128516943633293,3.7495313085854445,4,262.4750000000058,266.70000000006985,4,250,0.7000000011175871,6.149999998509884,62.55000000074506,,6694,276706,0,0,29512,2,13,57661,45883,4122,3,1,1,0,317,0,1268,0,0,0,321.1785821914673,418.4756898880005,4192
571.3425,1529,51,3.8751658143570644,3.7495313085854445,4.00160064025573,258.32500000001164,266.70000000006985,4,249.97500000000582,0.5500000007450581,5.799999997019768,62.19999999925494,,6694,276706,0,0,29512,2,13,57661,45883,4122,3,1,1,0,317,0,1268,0,0,0,304.86476612091064,418.4756898880005,4192
572.377,1530.6,51,3.874717420691373,3.7495313085870814,4,258.3499999999767,266.69999999995343,4,250,0.5499999988824129,5.825000001117587,62.77500000037253,,6694,276706,0,0,29512,2,13,57661,45883,4122,3,1,1,0,317,0,1268,0,0,0,320.3262529373169,418.4756898880005,4192
573.419,1532.2,52,3.812851694363329,3.7495313085870814,4,262.4750000000058,266.69999999995343,4,250,1.099999999627471,14.150000002235174,63.25,,6703,277090,0,0,28845,4,14,57899,46137,4094,3,1,1,2,317,6,1268,0,0,6,308.72913455963135,421.1197328567505,4192
574.5548999999985,1533.4,52,3.3401581801148104,3.1585596967785015,3.5285815102325966,300,316.5999999999767,3,250,1.5999999990065892,18.700000000496704,67.93333333482344,,6294,256322,0,0,29961,9,14,58097,46290,4121,3,1,3,4,317,15,1268,0,0,30,338.4679536819458,424.458722114563,4192
575.3643999999985,1535,52,3.938134593672417,3.750937734433936,4.00160064025573,254.125,266.5999999999767,4,249.97500000000582,2.524999998509884,8.325000001117587,59.65000000037253,,6309,256784,0,0,30008,8,14,58085,46287,4122,3,1,3,3,317,10,1268,0,0,32,340.7425317764282,424.86015033721924,4192
576.3707999999971,1536.6,52,4.000000320000051,3.9984006397444745,4.00160064025573,250,250.09999999997672,4,249.97500000000582,1.099999999627471,7.900000000372529,60.32499999925494,,6321,257596,0,0,29986,12,14,58182,46358,4122,3,1,3,7,317,23,1268,0,0,34,334.8011178970337,424.9539613723755,4192
577.3675,1538.2,52,4,4,4,250,250,4,250,1.25,7.550000000745058,59.09999999962747,,6321,257596,0,0,29986,12,14,58217,46383,4122,3,1,3,7,317,28,1268,0,0,34,325.87333393096924,424.9539613723755,4192
578.366,1539.8,52,4.000400480063984,3.9984006397444745,4.00160064025573,249.97500000000582,250.09999999997672,4,249.95000000001164,1.3500000014901161,7.800000000745058,58.649999998509884,,6315,257248,0,0,29986,10,14,58238,46398,4122,3,1,3,5,317,31,1268,0,0,23,345.1228151321411,424.9539613723755,4192
579.3598999999986,1541.4,52,4.071122856418111,3.9984006397444745,4.284490145672238,245.85000000000582,250.09999999997672,4,245.82500000001164,1.2500000018626451,8.049999998882413,58.599999997764826,,6321,257480,0,0,29964,11,14,58315,46456,4121,3,1,3,7,317,41,1268,0,0,29,336.51385974884033,425.0499086380005,4192
580.3528999999985,1543,52,4.0808977426527395,3.750937734433936,4.286326618089582,245.79999999998836,266.5999999999767,4,241.64999999999418,1.175000000745058,7.824999997392297,58.750000001862645,,6300,256378,0,0,29964,4,14,58286,46434,4122,3,1,3,0,317,37,1268,0,0,26,324.7313241958618,425.0705690383911,4192
581.346599999994,1544.6,52,3.937382827146361,3.7495313085854445,4,254.17500000001746,266.70000000006985,4,250,1.125,10.975000001490116,59.32499999925494,,6306,256590,0,0,29745,2,13,58214,46433,4121,3,1,3,0,317,2,1268,0,0,4,328.1770944595337,426.34711933135986,4192
582.3513999999985,1546.2,52,4.000000640000104,3.9984006397426133,4.001600640257593,250,250.10000000009313,4,249.94999999995343,0.6750000007450581,7.425000000745058,59.55000000074506,,6312,256706,0,0,29657,4,14,58154,46370,4122,3,1,3,2,317,3,1268,0,0,4,350.2257966995239,426.834210395813,4192
583.3618999999985,1547.8,52,3.812852221806563,3.7481259370324653,4,262.4749999999767,266.79999999993015,4,250,0.6750000026077032,7.800000000745058,59,,6306,256590,0,0,29657,2,13,58123,46345,4122,3,1,3,0,317,0,1268,0,0,0,341.7447862625122,429.810772895813,4192
584.3866999999956,1549.4,52,4.143163309043722,4,4.286326618087442,241.65000000002328,250,4,241.65000000002328,0.6999999992549419,5.875000001862645,58.67499999888241,,6306,256590,0,0,29657,2,13,58123,46345,4122,3,1,3,0,317,0,1268,0,0,0,356.6699686050415,429.810772895813,4192
585.362599999994,1551,52,4.0715816545223955,4,4.286326618089582,245.82499999998254,250,4,245.82499999998254,0.6749999970197678,6.100000001490116,59.19999999925494,,6306,256590,0,0,29657,2,13,58123,46345,4122,3,1,3,0,317,0,1268,0,0,0,337.64581394195557,426.798810005188,4192
586.342,1552.6,52,4.071522696481992,4,4.284490145672238,245.82500000001164,250,4,245.82500000001164,0.6249999981373549,5.800000000745058,59.32499999925494,,6306,256590,0,0,29657,2,13,58123,46345,4122,3,1,3,0,317,0,1268,0,0,0,352.2698755264282,426.798810005188,4192
587.3186999999955,1554.2,52,4.0715816545223955,4,4.286326618089582,245.82499999998254,250,4,245.82499999998254,0.599999999627471,5.699999997392297,63.025000002235174,,6388,260934,0,0,30637,2,13,58123,46345,4122,3,1,4,0,317,0,1268,0,0,0,337.157395362854,426.798810005188,4192
588.3246999999956,1555.8,52,3.9373345935441932,3.750937734432298,4,254.17500000001746,266.60000000009313,4,250,0.6999999992549419,6.675000002607703,59.57499999925494,,6388,260934,0,0,30637,2,13,58123,46345,4122,3,1,4,0,317,0,1268,0,0,0,353.9354257583618,426.798810005188,4192
589.3283999999985,1557.4,52,4.000800320128331,4,4.001600640257593,249.94999999998254,250,4,249.94999999998254,0.5499999988824129,5.875000001862645,60.20000000111759,,6388,260934,0,0,30637,2,13,58123,46345,4122,3,1,4,0,317,0,1268,0,0,0,338.2161455154419,426.798810005188,4192
590.3305999999941,1559,52,4.000000320000051,3.9984006397426133,4.001600640257593,250,250.10000000009313,4,249.97499999997672,0.5250000022351742,5.774999998509884,58.975000001490116,,6388,260934,0,0,30637,2,13,58123,46345,4122,3,1,4,0,317,0,1268,0,0,0,354.98769092559814,426.798810005188,4192
591.3260999999941,1560.6,52,4.000000320000051,3.9984006397426133,4.001600640257593,250,250.10000000009313,4,249.97499999997672,0.5999999977648258,6.300000004470348,59.62499999627471,,6388,260934,0,0,30637,2,13,58123,46345,4122,3,1,4,0,317,0,1268,0,0,0,339.4308862686157,426.798810005188,4192
592.329099999994,1562.2,53,4.000400160063933,4,4.00160064025573,249.97500000000582,250,4,249.97500000000582,0.8750000018626451,10.924999998882413,59.79999999701977,,6394,261144,0,0,30083,3,14,58277,46512,4103,3,1,4,1,317,3,1268,0,0,6,343.48737049102783,428.621808052063,4192
593.4173999999986,1563.8,53,3.5487237714066246,3.3322225924694355,3.9984006397444745,283.3500000000058,300.0999999999767,4,250,1.5749999973922968,24.325000002980232,64.4499999973923,,6518,265406,0,0,29375,6,14,58715,46920,4113,3,1,4,4,317,13,1268,0,0,16,362.87227725982666,435.0339479446411,4192
594.5587999999971,1565,53,3.555926049423796,3.3333333333333335,4,283.30000000000774,300,3,250,11.700000000496706,8.733333331843218,61.33333333581686,,6505,265152,0,0,29352,7,14,58720,46908,4122,3,1,4,5,317,17,1268,0,0,24,307.7209167480469,414.6691551208496,4192
595.333099999994,1566.6,53,3.812548641503891,3.7495313085854445,4.001600640257593,262.5,266.70000000006985,4,249.97499999997672,1.074999999254942,7.250000001862645,61.02499999664724,,6508,265188,0,0,29352,7,14,58710,46898,4122,3,1,4,5,317,17,1268,0,0,44,297.42301654815674,414.6692590713501,4192
596.3662999999971,1568.2,53,3.937734433608484,3.750937734433936,4,254.14999999999418,266.5999999999767,4,250,1.125,7.575000001117587,60.849999997764826,,6517,265478,0,0,29352,10,14,58759,46933,4122,3,1,4,8,317,24,1268,0,0,34,316.5597047805786,414.6692590713501,4192
597.3885999999941,1569.8,53,3.9377347536085354,3.750937734433936,4.00160064025573,254.14999999999418,266.5999999999767,4,249.97500000000582,1.275000000372529,7.699999999254942,61.22499999962747,,6529,265942,0,0,29352,14,14,58843,46993,4122,3,1,4,12,317,36,1268,0,0,28,305.6249485015869,415.41578483581543,4192
598.4116999999956,1571.4,53,3.8751658143570644,3.7495313085854445,4.00160064025573,258.32500000001164,266.70000000006985,4,249.97500000000582,1.1250000037252903,8.124999998137355,61.249999998137355,,6532,266068,0,0,29376,13,14,58829,46986,4121,3,1,4,11,317,33,1268,0,0,13,295.42913246154785,415.5168285369873,4192
599.444,1573,53,3.7575257867717204,3.5298270384745347,3.9984006397444745,266.6499999999942,283.30000000004657,4,250,1.300000000745058,12.650000002235174,62.44999999925494,,6621,268034,0,0,29317,4,14,58783,46984,4117,3,1,4,2,317,13,1268,0,0,11,298.7393980026245,416.5661725997925,4192
600.5285,1574.2,53,3.5294118623943724,3.5285815102325966,3.529827038475985,283.3333333333333,283.4000000000233,3,250,0.9333333348234495,11.799999999503294,62.93333333482345,,6545,266274,0,0,29136,2,13,58740,46963,4121,3,1,4,0,317,0,1268,0,0,0,327.07568645477295,421.83845043182373,4192
601.3555,1575.8,53,3.7711163205440363,3.3333333333333335,4.00160064025573,266.6499999999942,300,4,249.97500000000582,0.7999999988824129,6.775000000372529,66.60000000149012,,6546,266310,0,0,30339,2,13,58713,46931,4122,3,1,5,0,317,2,1268,0,0,9,316.6642198562622,418.8774995803833,4192
602.4171999999955,1577.4,53,3.8913730076852224,3.5298270384745347,4.286326618089582,258.32500000001164,283.30000000004657,4,245.82499999998254,0.650000000372529,6.499999998137355,59.27500000037253,,6546,266310,0,0,30339,2,13,58699,46921,4122,3,1,5,0,317,0,1268,0,0,0,305.89827823638916,417.3644380569458,4192
603.450599999994,1579,53,3.874765974293126,3.7495313085870814,4.00160064025573,258.3500000000058,266.69999999995343,4,249.97500000000582,0.650000000372529,6.550000000745058,59.57500000111759,,6546,266310,0,0,30339,2,13,58699,46921,4122,3,1,5,0,317,0,1268,0,0,0,323.28693103790283,418.8527193069458,4192
604.4826999999955,1580.6,53,4.000400160064398,4,4.001600640257593,249.97499999997672,250,4,249.97499999997672,0.49999999813735485,5.825000001117587,59.67499999701977,,6546,266310,0,0,30339,2,13,58699,46921,4122,3,1,5,0,317,0,1268,0,0,0,309.0888147354126,417.3644380569458,4192
605.4905,1582.2,53,3.9377829872102934,3.7495313085854445,4.00160064025573,254.15000000002328,266.70000000006985,4,249.97500000000582,0.6499999985098839,6,58.600000001490116,,6546,266310,0,0,30339,2,13,58699,46921,4122,3,1,5,0,317,0,1268,0,0,0,324.0905122756958,417.3644380569458,4192
606.4988999999985,1583.8,53,4.000000320000051,3.9984006397426133,4.001600640257593,250,250.10000000009313,4,249.97499999997672,0.5249999985098839,5.725000001490116,59.250000001862645,,6546,266310,0,0,30339,2,13,58699,46921,4122,3,1,5,0,317,0,1268,0,0,0,309.1614923477173,417.3644380569458,4192
607.5041999999955,1585,53,3.916979244811312,3.750937734433936,4,255.53333333332557,266.5999999999767,3,250,0.5666666676600774,6.5,58.733333334326744,,6546,266310,0,0,30339,2,13,58699,46921,4122,3,1,5,0,317,0,1268,0,0,0,320.40180683135986,417.3644380569458,4192
608.2635,1586.6,53,3.9373345935446027,3.750937734433936,4,254.17499999998836,266.5999999999767,4,250,0.5499999988824129,5.900000000372529,58.875,,6546,266310,0,0,30339,2,13,58699,46921,4122,3,1,5,0,317,0,1268,0,0,0,337.3305025100708,417.3644380569458,4192
609.278,1588.2,53,4.000400160063933,4,4.00160064025573,249.97500000000582,250,4,249.97500000000582,0.6000000014901161,5.874999998137355,58.900000002235174,,6546,266310,0,0,30339,2,13,58699,46921,4122,3,1,5,0,317,0,1268,0,0,0,320.3635187149048,417.3644380569458,4192
610.284099999994,1589.8,53,3.937782987210703,3.7495313085870814,4.00160064025573,254.14999999999418,266.69999999995343,4,249.97500000000582,0.525000000372529,5.874999998137355,59.25,,6546,266310,0,0,30339,2,13,58699,46921,4122,3,1,5,0,317,0,1268,0,0,0,335.2385606765747,417.3644380569458,4192
611.2961999999956,1591.4,53,3.9373345935441373,3.750937734433936,4,254.17500000001746,266.5999999999767,4,250,0.599999999627471,5.775000000372529,59.874999998137355,,6546,266310,0,0,30339,2,13,58699,46921,4122,3,1,5,0,317,0,1268,0,0,0,318.4173746109009,417.3644380569458,4192
612.3063999999985,1593,54,3.7274229114055037,3.15855969677734,4.001600640257593,270.79999999998836,316.60000000009313,4,249.97499999997672,1.7749999985098839,25.34999999962747,64.02500000037253,,7127,282068,0,0,30011,3,14,59142,47375,4099,3,1,5,1,317,6,1268,0,0,11,333.4279260635376,423.8900728225708,4192
613.4891999999955,1594.2,54,3.4725348003668675,3.3333333333333335,3.750937734433936,288.8666666666589,300,3,250,1.7000000004967053,22.30000000198682,63.466666666169964,,6824,275160,0,0,29145,5,14,59374,47572,4116,3,1,5,3,317,15,1268,0,0,28,341.89435291290283,427.4380464553833,4192
614.2925999999941,1595.8,54,3.5844417239421866,3.5285815102325966,3.7495313085870814,279.17500000001746,283.4000000000233,4,250,2.099999997764826,9.075000001117587,69.4499999973923,,7097,291018,0,0,30484,8,14,59409,47599,4122,3,1,1,4,317,16,1268,0,0,37,346.5286455154419,427.9456148147583,4192
615.413799999997,1597.4,54,3.6400307799928378,3.529827038475985,3.750937734433936,274.9749999999767,283.29999999993015,4,250,1.324999999254942,7.750000001862645,64.27499999850988,,7099,290886,0,0,30474,12,14,59497,47659,4122,3,1,1,8,317,30,1268,0,0,50,369.5733232498169,427.9456148147583,4192
616.512799999997,1598.6,54,3.603115427713689,3.5285815102325966,3.750937734433936,277.76666666668217,283.4000000000233,3,250,1.9666666661699612,7.66666666418314,65.96666666616996,,7099,290886,0,0,30474,12,14,59483,47649,4122,3,1,1,8,317,28,1268,0,0,45,357.68499088287354,427.9456148147583,4192
617.347099999994,1600.2,54,3.5844819483437784,3.5285815102325966,3.750937734433936,279.17499999998836,283.4000000000233,4,250,1.349999999627471,9,65.54999999888241,,7130,292280,0,0,30437,14,14,59589,47734,4121,3,1,1,11,317,39,1268,0,0,17,353.95319843292236,428.2610445022583,4192
618.4566999999955,1601.4,54,3.676818993032881,3.528581510234046,3.750937734432298,272.200000000031,283.39999999990687,3,250,1.1000000014901161,7.799999999503295,64.73333333432674,,7099,291142,0,0,30436,10,14,59417,47607,4122,3,1,1,8,317,16,1268,0,0,6,369.9742364883423,428.27660846710205,4192
619.2806999999955,1603,54,3.584441723942503,3.5285815102325966,3.7495313085854445,279.17499999998836,283.4000000000233,4,250,1.175000000745058,11.399999998509884,68.5,,7133,292010,0,0,30303,2,13,59420,47640,4118,3,1,1,0,317,3,1268,0,0,3,351.57069873809814,429.8693208694458,4192
620.4093999999985,1604.6,54,3.535947774520143,3.334444814938054,3.750937734433936,283.29999999998836,299.9000000000233,4,250,0.724999999627471,7.674999998882413,64.35000000149012,,7114,291546,0,0,30280,2,13,59411,47633,4122,3,1,1,0,317,0,1268,0,0,0,372.33678150177,431.48888874053955,4192
621.519599999994,1605.8,54,3.6111691440368596,3.334444814938054,3.7495313085870814,277.76666666668217,299.9000000000233,3,250,0.633333332836628,6.66666666418314,64.86666666716337,,7114,291546,0,0,30280,2,13,59401,47623,4122,3,1,1,0,317,0,1268,0,0,0,358.04414463043213,430.00060749053955,4192
622.3581999999956,1607.4,54,3.590907353707222,3.3333333333333335,3.750937734433936,279.1499999999942,300,4,250,0.75,6.649999998509884,65.10000000149012,,7117,291604,0,0,30280,3,14,59415,47633,4122,3,1,1,1,317,2,1268,0,0,0,377.2317590713501,431.48888874053955,4192
623.5008999999985,1608.6,54,3.463958889806168,3.3322225924694355,3.5298270384745347,288.9000000000233,300.0999999999767,3,250,0.6999999980131785,7.566666670143604,67.93333333233993,,7114,291546,0,0,30280,2,13,59401,47623,4122,3,1,1,0,317,0,1268,0,0,0,359.7912302017212,431.48534870147705,4192
624.3463999999985,1610.2,54,3.5912589601688882,3.3333333333333335,3.750937734433936,279.125,300,4,250,0.5499999988824129,6.525000000372529,64.35000000149012,,7114,291546,0,0,30280,2,13,59401,47623,4122,3,1,1,0,317,0,1268,0,0,0,378.5869302749634,432.97362995147705,4192
625.4598999999985,1611.4,54,3.675881727232937,3.528581510234046,3.750937734432298,272.2666666666434,283.39999999990687,3,250,0.5666666676600774,5.833333330849807,70.8666666696469,,7114,291546,0,0,30280,2,13,59401,47623,4122,3,1,1,0,317,0,1268,0,0,0,356.3271265029907,430.24706745147705,4192
626.345299999997,1613,54,3.442779332634058,3.1585596967785015,3.7495313085870814,291.6499999999942,316.5999999999767,4,250,9.524999998509884,6.375000001862645,64.45000000111759,,7114,291546,0,0,30280,2,13,59401,47623,4122,3,1,1,0,317,0,1268,0,0,0,327.8932762145996,428.2469062805176,4192
627.445099999994,1614.6,54,3.6400309998951066,3.5285815102325966,3.750937734433936,274.9750000000058,283.4000000000233,4,250,0.5750000011175871,5.699999999254942,64.42499999888241,,7114,291546,0,0,30280,2,13,59401,47623,4122,3,1,1,0,317,0,1268,0,0,0,298.965518951416,414.6134834289551,4192
628.5643999999985,1615.8,54,3.603115427713689,3.5285815102325966,3.750937734433936,277.76666666668217,283.4000000000233,3,250,0.6000000014901161,5.866666667163372,69.39999999850988,,6654,268886,0,0,31904,2,13,59401,47623,4122,3,1,3,0,317,0,1268,0,0,0,313.7803134918213,414.6135311126709,4192
629.347799999997,1617.4,54,3.937782987210703,3.7495313085870814,4.00160064025573,254.14999999999418,266.69999999995343,4,249.97500000000582,0.6250000018626451,5.774999998509884,61.57500000111759,,6654,268886,0,0,31904,2,13,59401,47623,4122,3,1,3,0,317,0,1268,0,0,0,302.2630338668823,416.3636350631714,4192
630.3753999999985,1619,54,3.875165814357064,3.7495313085854445,4.00160064025573,258.32500000001164,266.70000000006985,4,249.97500000000582,0.650000000372529,5.849999999627471,61.09999999962747,,6654,268886,0,0,31904,2,13,59401,47623,4122,3,1,3,0,317,0,1268,0,0,0,317.79493618011475,416.3636350631714,4192
631.4038999999985,1620.6,54,3.875117260755254,3.7495313085870814,4,258.32499999998254,266.69999999995343,4,250,0.5750000011175871,6.375,61.77500000037253,,6654,268886,0,0,31904,2,13,59401,47623,4122,3,1,3,0,317,0,1268,0,0,0,306.17816066741943,416.3636350631714,4192
632.434,1622.2,55,3.875117260754845,3.7495313085854445,4,258.32500000001164,266.70000000006985,4,250,0.6500000022351742,6.325000001117587,61.52500000037253,,6654,268886,0,0,31904,2,13,59401,47623,4122,3,1,3,0,317,0,1268,0,0,0,321.70527935028076,416.3636350631714,4192
633.4691999999956,1623.4,55,3.4531246645681386,2.608242044861605,4.00160064025573,300,383.4000000000233,3,249.96666666667443,3.4000000009934106,42.13333333283663,72.7999999995033,,7079,287400,0,0,30912,5,14,60736,48955,4101,3,1,3,3,317,12,1268,0,0,27,345.77923488616943,425.82856273651123,4192
634.4645,1624.6,55,3.413808112899639,3.1585596967785015,3.7495313085870814,294.43333333331003,316.5999999999767,3,250,1.4666666686534882,17.233333331843216,67.7000000004967,,6885,277524,0,0,30552,9,14,60215,48389,4122,3,1,3,7,317,24,1268,0,0,29,338.7727117538452,427.8652448654175,4192
635.2848999999985,1626.2,55,3.6400307799924754,3.5298270384745347,3.750937734433936,274.9750000000058,283.30000000004657,4,250,1.449999999254942,8.274999998509884,64.32500000298023,,6897,277968,0,0,30558,11,14,60267,48425,4122,3,1,3,9,317,32,1268,0,0,68,363.84467601776123,427.92011547088623,4192
636.3671999999955,1627.8,55,3.749882915047977,3.7495313085854445,3.750937734433936,266.67500000001746,266.70000000006985,4,250,1.3999999985098839,7.974999999627471,64.04999999888241,,6891,277736,0,0,30558,9,14,60274,48430,4122,3,1,3,7,317,33,1268,0,0,74,357.0338659286499,427.92011547088623,4192
637.4375999999941,1629.4,55,3.695308453982372,3.5298270384745347,3.750937734433936,270.79999999998836,283.30000000004657,4,250,1.6499999985098839,8.475000003352761,63.5749999973923,,6894,277794,0,0,30536,10,14,60273,48431,4122,3,1,3,8,317,32,1268,0,0,44,349.12592220306396,428.0280866622925,4192
638.5128999999985,1630.6,55,3.7500001172021533,3.7495313085870814,3.750937734432298,266.6666666666667,266.69999999995343,3,250,1.133333332836628,11.100000001490116,64.46666666616996,,6876,276730,0,0,30432,2,13,60282,48462,4122,3,1,3,0,317,21,1268,0,0,20,341.89249324798584,428.6936140060425,4192
639.340299999997,1632.2,55,3.6400307799924754,3.5298270384745347,3.750937734433936,274.9750000000058,283.30000000004657,4,250,1.174999998882413,12.724999999627471,64.70000000111759,,6888,277154,0,0,30070,2,13,60282,48488,4116,3,1,3,0,317,11,1268,0,0,9,353.86367321014404,430.65168285369873,4192
640.4233999999985,1633.8,55,3.6397193979319904,3.5285815102325966,3.750937734433936,275,283.4000000000233,4,250,0.7749999985098839,7.550000000745058,63.90000000037253,,6888,277154,0,0,30070,2,13,60220,48436,4122,3,1,3,0,317,3,1268,0,0,3,374.10655879974365,432.23334789276123,4192
641.5193999999985,1635,55,3.5380779244100613,3.3322225924694355,3.750937734433936,283.30000000000774,300.0999999999767,3,250,0.9666666661699613,9.866666667163372,72.83333333333333,,6880,278318,0,0,31590,2,13,60236,48459,4121,3,1,4,0,317,0,1268,0,0,0,369.874831199646,432.865611076355,4192
642.3751999999955,1636.6,55,3.639408015871506,3.5285815102325966,3.750937734433936,275.0249999999942,283.4000000000233,4,250,0.7750000022351742,7.125,64.55000000074506,,6880,278318,0,0,31590,2,13,60263,48477,4122,3,1,4,0,317,4,1268,0,0,10,363.3265905380249,432.88117504119873,4192
643.4716999999955,1637.8,55,3.67671202116693,3.5310734463282643,3.7495313085870814,272.19999999999226,283.19999999995343,3,250,0.7999999995032946,6.799999999503295,64.6333333303531,,6880,278318,0,0,31590,2,13,60242,48462,4122,3,1,4,0,317,1,1268,0,0,5,375.4769124984741,432.88117504119873,4192
644.2773999999985,1639.4,55,3.5629267018642365,3.000300030003629,3.750937734433936,283.29999999998836,333.29999999993015,4,250,1.049999998882413,6.924999998882413,78.37500000186265,,6880,278318,0,0,31590,2,13,60235,48457,4122,3,1,4,0,317,0,1268,0,0,0,323.52918243408203,422.371395111084,4192
645.4141999999955,1641,55,3.7498829150479764,3.7495313085854445,3.750937734433936,266.67500000001746,266.70000000006985,4,250,0.525000000372529,5.925000000745058,62.69999999925494,,6880,278318,0,0,31590,2,13,60235,48457,4122,3,1,4,0,317,0,1268,0,0,0,339.4992904663086,422.371395111084,4192
646.476299999997,1642.2,55,3.7500001172021538,3.7495313085854445,3.750937734433936,266.6666666666667,266.70000000006985,3,250,0.5666666676600774,5.833333330849807,63.10000000397364,,6880,278318,0,0,31590,2,13,60235,48457,4122,3,1,4,0,317,0,1268,0,0,0,308.6366548538208,408.6477518081665,4192
647.2765,1643.8,55,3.812851694363329,3.7495313085870814,4,262.4750000000058,266.69999999995343,4,250,0.5750000011175871,6.049999998882413,63.150000002235174,,6880,278318,0,0,31590,2,13,60235,48457,4122,3,1,4,0,317,0,1268,0,0,0,324.63799381256104,408.6477518081665,4192
648.3372999999971,1645.4,55,3.749882915048386,3.7495313085854445,3.750937734433936,266.67499999998836,266.70000000006985,4,250,0.5499999988824129,6.400000000372529,63.30000000074506,,6880,278318,0,0,31590,2,13,60235,48457,4122,3,1,4,0,317,0,1268,0,0,0,310.91886615753174,409.6477518081665,4192
649.3933999999986,1647,55,3.812851694363329,3.7495313085854445,4,262.4750000000058,266.70000000006985,4,250,0.5249999985098839,5.974999999627471,62.97499999962747,,6880,278318,0,0,31590,2,13,60235,48457,4122,3,1,4,0,317,0,1268,0,0,0,326.8944902420044,409.6477518081665,4192
650.449599999994,1648.6,55,3.8129002479655476,3.7495313085854445,4.00160064025573,262.4750000000058,266.70000000006985,4,249.97500000000582,0.5749999973922968,6.00000000372529,62.79999999515712,,6880,278318,0,0,31590,2,13,60235,48457,4122,3,1,4,0,317,0,1268,0,0,0,316.11418628692627,409.6477518081665,4192
651.5050999999941,1649.8,55,3.759839748222115,3.528581510234046,4,266.6666666666667,283.39999999990687,3,250,0.6000000014901161,5.966666666169961,63.63333333283663,,6880,278318,0,0,31590,2,13,60235,48457,4122,3,1,4,0,317,0,1268,0,0,0,328.08571434020996,409.64781761169434,4192
652.2981999999955,1651.4,55,3.8125000879016153,3.7495313085854445,4,262.5,266.70000000006985,4,250,0.6750000007450581,5.900000000372529,62.57499999925494,,6880,278318,0,0,31590,2,13,60235,48457,4122,3,1,4,0,317,0,1268,0,0,0,312.3251667022705,409.64781761169434,4192
653.3513999999985,1652.6,56,3.510042356159522,3.000300030002581,4,288.8666666666589,333.30000000004657,3,250,2.133333332836628,41,75.66666666666667,,7273,295310,0,0,30615,4,14,61088,49359,4061,3,1,4,2,317,6,1268,0,0,14,352.20392322540283,417.98574924468994,4192
654.37,1654.2,56,3.21268898615625,2.60892251500178,3.750937734433936,316.6499999999942,383.29999999993015,4,250,1.9500000029802322,23.699999999254942,84.02499999850988,,7070,284908,0,0,29326,7,14,61174,49360,4120,3,1,4,5,317,19,1268,0,0,22,367.5534448623657,424.13089084625244,4192
655.6018999999985,1655.4,56,3.181428021384652,2.857142857142857,3.5285815102325966,316.6666666666667,350,3,250,1.2999999995032947,8,76.40000000347693,,7215,290012,0,0,31593,9,14,61186,49366,4122,3,1,5,3,317,21,1268,0,0,34,364.77327251434326,424.16206645965576,4192
656.4536999999955,1656.6,56,3.6030620883821016,3.5285815102325966,3.7495313085854445,277.76666666668217,283.4000000000233,3,250,1.0666666651765506,8.833333333333334,65.23333333681028,,7218,290186,0,0,31593,10,14,61214,49386,4122,3,1,5,4,317,25,1268,0,0,36,356.38591289520264,424.11604595184326,4192
657.2911999999956,1658.2,56,3.5909475781084508,3.3333333333333335,3.750937734433936,279.1499999999942,300,4,250,1.950000001117587,7.999999998137355,64.97499999962747,,7224,290302,0,0,31593,12,14,61270,49426,4122,3,1,5,6,317,33,1268,0,0,51,378.31297969818115,424.11604595184326,4192
658.4096999999955,1659.8,56,3.535669904118963,3.3333333333333335,3.750937734433936,283.32499999998254,300,4,250,1.125,9.000000001862645,65.74999999813735,,7221,290498,0,0,31483,10,14,61262,49434,4118,3,1,5,6,317,27,1268,0,0,19,377.0178556442261,424.611346244812,4192
659.5455,1661,56,3.529411862394372,3.528581510234046,3.5298270384745347,283.3333333333333,283.39999999990687,3,250,1.233333336810271,15.633333332836628,68.96666666616996,,7256,290982,0,0,31005,2,13,61229,49458,4109,3,1,5,0,317,3,1268,0,0,7,388.8125638961792,428.280047416687,4192
660.415299999997,1662.2,56,3.3402031092409206,3.15855969677734,3.529827038475985,300,316.60000000009313,3,250,0.7999999970197678,10.266666668156782,68.23333333432674,,7237,290804,0,0,30953,3,14,61322,49526,4122,3,1,5,1,317,9,1268,0,0,22,386.02681255340576,428.85762310028076,4192
661.311299999997,1663.8,56,3.4428867655388506,3.15855969677734,3.750937734433936,291.6500000000233,316.60000000009313,4,250,0.7500000018626451,7.924999998882413,67.14999999850988,,7224,290266,0,0,30943,2,13,61233,49451,4122,3,1,5,0,317,2,1268,0,0,2,377.77627086639404,432.60762310028076,4192
662.452,1665,56,3.464744606045377,3.3333333333333335,3.5310734463268125,288.8333333333333,300,3,250,0.7666666706403097,7.499999997516473,65.93333333482344,,7230,290360,0,0,30943,3,14,61254,49466,4122,3,1,5,1,317,5,1268,0,0,11,395.2700300216675,434.09590435028076,4192
663.335099999994,1666.6,56,3.535318297657202,3.3333333333333335,3.7495313085854445,283.3499999999767,300,4,250,0.6750000007450581,6.924999998882413,66.32499999925494,,7224,290266,0,0,30943,2,13,61219,49441,4122,3,1,5,0,317,0,1268,0,0,0,379.18360805511475,433.85518169403076,4192
664.4482999999971,1667.8,56,3.603530603794335,3.5298270384745347,3.750937734433936,277.7333333333566,283.30000000004657,3,250,0.6333333353201548,6,65.73333333184321,,7224,290266,0,0,30943,2,13,61219,49441,4122,3,1,5,0,317,0,1268,0,0,0,391.79890727996826,433.85518169403076,4192
665.2846999999955,1669.4,56,3.387575394705104,3.1585596967785015,3.529827038475985,295.82499999998254,316.5999999999767,4,250,8.324999997392297,6.850000001490116,68.02500000037253,,7224,290266,0,0,30943,2,13,61219,49441,4122,3,1,5,0,317,0,1268,0,0,0,330.60541248321533,432.85498905181885,4192
666.4606999999955,1670.6,56,3.6027002516330433,3.5285815102325966,3.750937734433936,277.80000000000774,283.4000000000233,3,250,0.6333333353201548,5.833333330849807,65.13333333283663,,7224,290266,0,0,30943,2,13,61219,49441,4122,3,1,5,0,317,0,1268,0,0,0,343.19575595855713,432.85498905181885,4192
667.2961999999956,1672.2,56,3.5847533259056186,3.528581510234046,3.7495313085870814,279.1499999999942,283.39999999990687,4,250,0.6749999988824129,6.074999999254942,65.50000000186265,,7224,290266,0,0,30943,2,13,61219,49441,4122,3,1,5,0,317,0,1268,0,0,0,311.9131965637207,416.6635551452637,4192
668.4011999999956,1673.8,56,3.640071004393657,3.528581510234046,3.750937734432298,274.9750000000058,283.39999999990687,4,250,0.625,6.125,65.15000000037253,,7224,290266,0,0,30943,2,13,61219,49441,4122,3,1,5,0,317,0,1268,0,0,0,328.63575744628906,416.6635551452637,4192
669.5343999999985,1675,56,3.4056560818285444,3.1585596967785015,3.5298270384745347,294.43333333334886,316.5999999999767,3,250,0.46666666865348816,6.099999996523063,76.8666666696469,,7516,305750,0,0,32819,2,13,61219,49441,4122,3,1,1,0,317,0,1268,0,0,0,316.4487247467041,417.9136028289795,4192
670.413299999997,1676.6,56,3.4312688038438126,3.3333333333333335,3.529827038475985,291.67499999998836,300,4,250,0.6500000022351742,6.474999997764826,68.82499999925494,,7516,305750,0,0,32819,2,13,61219,49441,4122,3,1,1,0,317,0,1268,0,0,0,336.2075605392456,417.91370677948,4192
671.565799999997,1677.8,56,3.5298270384750183,3.5298270384745347,3.529827038475985,283.30000000000774,283.30000000004657,3,250,0.633333332836628,6.066666665176551,69.16666666666667,,7516,305750,0,0,32819,2,13,61219,49441,4122,3,1,1,0,317,0,1268,0,0,0,320.3953161239624,417.91370677948,4192
672.4275999999941,1679,56,3.3402409112216596,3.157562361857111,3.5298270384745347,300,316.69999999995343,3,250,0.5333333313465118,6,67.53333333383004,,7516,305750,0,0,32819,2,13,61219,49441,4122,3,1,1,0,317,0,1268,0,0,0,335.6704969406128,417.91370677948,4192
673.3188999999985,1680.6,56,3.529515656414413,3.5285815102325966,3.529827038475985,283.32500000001164,283.4000000000233,4,250,0.5500000007450581,6.099999997764826,68.125,,7516,305750,0,0,32819,2,13,61219,49441,4122,3,1,1,0,317,0,1268,0,0,0,321.1084623336792,417.91370677948,4192
674.461,1681.8,56,3.4642844545488267,3.3344448149393484,3.5298270384745347,288.8666666666589,299.89999999990687,3,250,0.5,6.066666667660077,67.7000000004967,,7516,305750,0,0,32819,2,13,61219,49441,4122,3,1,1,0,317,0,1268,0,0,0,336.243426322937,417.91370677948,4192
675.3626999999956,1683,57,3.0380226025624264,2.7262813522352047,3.529827038475985,333.3333333333333,366.80000000004657,3,250,2.3666666646798453,47.199999998013176,69.10000000149012,,7528,306170,0,0,30357,4,14,62479,50689,4122,3,1,1,2,317,6,1268,0,0,21,345.30830669403076,428.4949064254761,4192
676.4135999999941,1684.2,57,2.980851959445898,2.60892251500178,3.3333333333333335,338.8666666666589,383.29999999993015,3,250,2.0666666676600776,31.099999999006588,82.7999999995033,,7787,314558,0,0,30248,6,14,62243,50442,4115,3,1,1,4,317,15,1268,0,0,23,371.2000913619995,437.17053508758545,4192
677.3706999999955,1685.8,57,3.2555050246474995,3.000300030003629,3.5298270384745347,308.29999999998836,333.29999999993015,4,250,8.174999998882413,10.299999998882413,76.95000000111759,,7723,313260,0,0,30156,9,14,62337,50507,4122,3,1,1,7,317,26,1268,0,0,35,331.14944076538086,429.44804763793945,4192
678.622299999997,1687,57,3.2220225091277612,2.999400119975795,3.334444814938054,311.1333333333411,333.4000000000233,3,250,1.4000000009934108,8.699999998013178,69.90000000099342,,7726,313318,0,0,30156,10,14,62372,50532,4122,3,1,1,8,317,31,1268,0,0,38,349.19587421417236,429.4481134414673,4192
679.5181999999955,1688.2,57,3.333704074115181,3.3322225924694355,3.334444814938054,299.9666666666744,300.0999999999767,3,250,1.366666667163372,9.533333331346512,70.96666666616996,,7729,313492,0,0,30111,11,14,62331,50507,4120,3,1,1,9,317,24,1268,0,0,45,320.6794672012329,413.50728702545166,4192
680.4143999999985,1689.4,57,3.398831235047067,3.3333333333333335,3.5298270384745347,294.43333333334886,300,3,250,1.4666666686534882,13.43333333482345,72.26666666815679,,7892,317710,0,0,30147,10,14,62397,50588,4111,3,1,1,8,317,21,1268,0,0,13,325.0925874710083,420.02401065826416,4192
681.3322999999971,1691,57,3.206185157526045,2.9994001199768427,3.334444814938054,312.5,333.39999999990687,4,250,0.7749999985098839,11.87500000372529,73.09999999776483,,7781,314906,0,0,30056,2,13,62346,50569,4121,3,1,1,0,317,0,1268,0,0,0,334.7569122314453,421.3708915710449,4192
682.557799999997,1692.2,57,3.2751135033762107,3.15756236185595,3.3344448149393484,305.5333333333256,316.70000000006985,3,250,0.7666666656732559,8,71.7999999995033,,7768,314558,0,0,30033,4,14,62360,50568,4122,3,1,1,2,317,7,1268,0,0,4,353.0959758758545,423.7362575531006,4192
683.5325999999941,1693.4,57,3.0527208072877734,3.000300030002581,3.157562361857111,327.7666666666434,333.30000000004657,3,250,1.7999999995032947,8.633333332836628,80.13333333283663,,7437,296504,0,0,32647,3,14,62346,50558,4122,3,1,3,1,317,5,1268,0,0,10,348.1608581542969,425.9745864868164,4192
684.465799999997,1694.6,57,3.229562255085302,3.000300030002581,3.529827038475985,311.06666666668997,333.30000000004657,3,250,0.9333333348234495,8.433333329856396,72.33333333581686,,7437,296504,0,0,32647,3,14,62339,50553,4122,3,1,3,1,317,4,1268,0,0,8,339.1652956008911,423.7151689529419,4192
685.400099999994,1696.2,57,3.3436948575735532,3.1565656565663525,3.529827038475985,300,316.79999999993015,4,250,0.8000000007450581,7.900000000372529,69.27500000037253,,7437,296504,0,0,32647,3,14,62332,50548,4122,3,1,3,1,317,3,1268,0,0,11,362.93171787261963,428.1917314529419,4192
686.6085,1697.4,57,3.3401962290092535,3.157562361857111,3.5285815102325966,300,316.69999999995343,3,250,0.5666666676600774,7.399999998509884,69.73333333432674,,7434,296446,0,0,32647,2,13,62311,50533,4122,3,1,3,0,317,0,1268,0,0,0,345.8062524795532,421.4768877029419,4192
687.4795,1698.6,57,3.3988312350475507,3.3333333333333335,3.529827038475985,294.43333333331003,300,3,250,0.6333333353201548,6.199999998013179,68.40000000099342,,7434,296446,0,0,32647,2,13,62311,50533,4122,3,1,3,0,317,0,1268,0,0,0,358.76033115386963,421.4768877029419,4192
688.35,1700.2,57,3.4803922301291124,3.3333333333333335,3.5298270384745347,287.5,300,4,250,0.6750000007450581,6.199999995529652,68.72500000149012,,7434,296446,0,0,32647,2,13,62311,50533,4122,3,1,3,0,317,0,1268,0,0,0,346.48075580596924,421.4768877029419,4192
689.512299999997,1701.4,57,3.464329429964247,3.3333333333333335,3.5310734463268125,288.8666666666977,300,3,250,0.6999999980131785,6.400000000993411,105.23333333432674,,7434,296446,0,0,32647,2,13,62311,50533,4122,3,1,3,0,317,0,1268,0,0,0,316.8466377258301,328.43815994262695,4192
690.508299999997,1702.6,57,3.0223504896191518,2.4003840614499663,3.334444814938054,338.8666666666589,416.5999999999767,3,250,0.866666667163372,6.400000000993411,75.76666666567326,,7434,296446,0,0,32647,2,13,62311,50533,4122,3,1,3,0,317,0,1268,0,0,0,315.7488374710083,329.79373264312744,4192
691.3886999999955,1704.2,57,3.480392450031698,3.3333333333333335,3.5310734463282643,287.5,300,4,250,0.6750000007450581,6.325000001117587,69.52499999850988,,7434,296446,0,0,32647,2,13,62311,50533,4122,3,1,3,0,317,0,1268,0,0,0,316.0761194229126,329.79373264312744,4192
692.543,1705.4,57,3.4642844545488782,3.334444814938054,3.5298270384745347,288.8666666666589,299.9000000000233,3,250,0.6000000014901161,6.16666666418314,68.93333333730698,,7434,296446,0,0,32647,2,13,62311,50533,4122,3,1,3,0,317,0,1268,0,0,0,317.6974582672119,330.0437984466553,4192
693.4156999999956,1707,57,3.431268803843812,3.3333333333333335,3.5298270384745347,291.67499999998836,300,4,250,0.8249999992549419,6.449999999254942,69.72500000335276,,7434,296446,0,0,32647,2,13,62311,50533,4122,3,1,3,0,317,0,1268,0,0,0,316.0570468902588,330.2977046966553,4192
694.5708999999985,1708.2,57,3.464329429964247,3.3333333333333335,3.5310734463268125,288.8666666666977,300,3,250,0.5666666676600774,6.233333331843217,68.63333333283663,,7434,296446,0,0,32647,2,13,62311,50533,4122,3,1,3,0,317,0,1268,0,0,0,319.6238842010498,332.0477046966553,4192
695.4386999999955,1709.4,57,3.4643291367612843,3.3333333333333335,3.529827038475985,288.8666666666589,300,3,250,0.7999999995032946,6.133333330353101,68.33333333333333,,7434,296446,0,0,32647,2,13,62311,50533,4122,3,1,3,0,317,0,1268,0,0,0,317.249981880188,334.3016290664673,4192
696.3033999999985,1711,57,3.480703612189597,3.3333333333333335,3.529827038475985,287.4750000000058,300,4,250,0.6749999988824129,6.150000000372529,74.55000000074506,,7348,294854,0,0,34131,2,13,62311,50533,4122,3,1,4,0,317,0,1268,0,0,0,320.3637685775757,334.3251142501831,4192
697.48,1712.2,58,3.4057388129358768,3.157562361857111,3.529827038475985,294.43333333331003,316.69999999995343,3,250,3.2999999995032945,45.333333330849804,78.5666666701436,,8185,317604,0,0,33274,5,14,62880,51200,4002,3,1,4,3,317,11,1268,0,0,13,357.743426322937,375.3761930465698,4192
698.6451999999955,1713.4,58,2.6007991922756855,2.0686801820437566,3.3333333333333335,400,483.4000000000233,3,250,1.4666666636864345,22.366666667163372,103.60000000149012,,7642,304704,0,0,33053,7,14,62974,51168,4108,3,1,4,5,317,21,1268,0,0,34,331.61138916015625,391.2431526184082,4192
699.5760999999941,1714.6,58,3.2751135033762107,3.15756236185595,3.3344448149393484,305.5333333333256,316.70000000006985,3,250,1.8333333333333333,9.633333332836628,71.4333333298564,,7597,303616,0,0,33038,9,14,62890,51064,4120,3,1,4,7,317,25,1268,0,0,53,354.11769580841064,412.4903573989868,4192
700.4772999999971,1715.8,58,3.3333333333333335,3.3333333333333335,3.3333333333333335,300,300,3,250,1.2999999970197678,9.033333333830038,71.73333333432674,,7613,304540,0,0,33071,9,14,62918,51086,4122,3,1,4,7,317,27,1268,0,0,54,344.9433488845825,417.37982273101807,4192
701.372,1717.4,58,3.3336112037345136,3.3333333333333335,3.334444814938054,299.9750000000058,300,4,250,1.4750000033527613,9.149999998509884,70.67500000074506,,7603,303966,0,0,32983,10,14,62948,51108,4122,3,1,4,8,317,31,1268,0,0,44,343.51614475250244,417.60284519195557,4192
702.5721999999955,1718.6,58,3.3333333333333335,3.3333333333333335,3.3333333333333335,300,300,3,250,1.233333334326744,12.633333330353102,70.90000000099342,,7655,306080,0,0,32875,9,14,63034,51204,4116,3,1,4,7,317,29,1268,0,0,22,342.99917697906494,418.5648355484009,4192
703.4823999999985,1719.8,58,3.281650587395962,3.15756236185595,3.529827038475985,305.56666666668997,316.70000000006985,3,250,1.033333328862985,11.300000001986822,71.06666666766007,,7640,305464,0,0,32703,5,14,62959,51173,4122,3,1,4,3,317,4,1268,0,0,4,343.38072681427,419.6905221939087,4192
704.392,1721.4,58,3.3338890741360174,3.3333333333333335,3.3344448149393484,299.94999999998254,300,4,250,0.7000000011175871,10.424999998882413,71.82500000111759,,7598,303814,0,0,32451,2,13,62873,51095,4122,3,1,4,0,317,0,1268,0,0,0,348.06724643707275,420.59346103668213,4192
705.5808999999986,1722.6,58,3.3398257351410137,3.157562361857111,3.5285815102325966,300.0333333333256,316.69999999995343,3,250,0.633333332836628,7.933333332339923,69.53333333383004,,7588,303334,0,0,32402,2,13,62876,51096,4122,3,1,4,0,317,1,1268,0,0,3,365.7023649215698,422.94326305389404,4192
706.4843999999985,1723.8,58,3.399201728915307,3.3333333333333335,3.5298270384745347,294.4000000000233,300,3,250,0.9333333348234495,7.566666665176551,69.33333333333333,,7588,303334,0,0,32402,2,13,62869,51091,4122,3,1,4,0,317,0,1268,0,0,0,347.25389099121094,420.7050476074219,4192
707.3726999999956,1725.4,58,3.245668829839943,3.1585596967785015,3.3333333333333335,308.32499999998254,316.5999999999767,4,250,0.875,8.650000002235174,70.02499999664724,,7588,303334,0,0,32402,2,13,62876,51096,4122,3,1,4,0,317,1,1268,0,0,3,371.3634719848633,425.1816101074219,4192
708.5915999999941,1726.6,58,3.340158180114811,3.1585596967785015,3.5285815102325966,300,316.5999999999767,3,250,0.866666667163372,7.933333332339923,70.80000000198682,,7588,303334,0,0,32402,2,13,62869,51091,4122,3,1,4,0,317,0,1268,0,0,0,349.6239814758301,420.7015075683594,4192
709.503299999997,1727.8,58,3.398831235047067,3.3333333333333335,3.5298270384745347,294.43333333334886,300,3,250,0.7000000004967054,6.633333332836628,69.90000000099342,,7588,303334,0,0,32402,2,13,62869,51091,4122,3,1,4,0,317,0,1268,0,0,0,362.90807247161865,420.7015256881714,4192
710.39,1729.4,58,3.3043170688723156,3.000300030003629,3.5298270384745347,304.1499999999942,333.29999999993015,4,250,0.6250000018626451,6.249999998137355,76.79999999888241,,7566,302350,0,0,34232,2,13,62869,51091,4122,3,1,5,0,317,0,1268,0,0,0,355.064492225647,420.7015733718872,4192
711.5910999999941,1730.6,58,3.3988312350470675,3.3333333333333335,3.5298270384745347,294.43333333334886,300,3,250,0.5,6.266666663189729,68.66666666915019,,7566,302350,0,0,34232,2,13,62869,51091,4122,3,1,5,0,317,0,1268,0,0,0,370.37941455841064,420.7015733718872,4192
712.4696999999956,1731.8,58,3.4643291367612843,3.3333333333333335,3.529827038475985,288.8666666666589,300,3,250,0.7333333318432173,6.566666670143604,69.29999999701977,,7566,302350,0,0,34232,2,13,62869,51091,4122,3,1,5,0,317,0,1268,0,0,0,354.6028718948364,420.7015733718872,4192
713.343,1733.4,58,3.4313025006883224,3.3322225924694355,3.529827038475985,291.67499999998836,300.0999999999767,4,250,0.5,6.199999999254942,68.125,,7566,302350,0,0,34232,2,13,62869,51091,4122,3,1,5,0,317,0,1268,0,0,0,374.26894092559814,420.7015733718872,4192
714.505299999997,1734.6,58,3.464284454548395,3.334444814938054,3.5298270384745347,288.8666666666977,299.9000000000233,3,250,0.633333332836628,6.200000000496705,68.10000000149012,,7566,302350,0,0,34232,2,13,62869,51091,4122,3,1,5,0,317,0,1268,0,0,0,356.2184076309204,420.7015733718872,4192
715.3836999999955,1736.2,58,3.431546674244953,3.3333333333333335,3.5298270384745347,291.6499999999942,300,4,250,0.5500000007450581,6.175000000745058,71.375,,7566,302350,0,0,34232,2,13,62869,51091,4122,3,1,5,0,317,0,1268,0,0,0,375.9454355239868,420.7054796218872,4192
716.5190999999941,1737.4,58,3.537563893464983,3.3333333333333335,3.7495313085870814,283.3333333333333,300,3,250,0.633333332836628,6.233333334326744,68.93333333233993,,7566,302350,0,0,34232,2,13,62869,51091,4122,3,1,5,0,317,0,1268,0,0,0,357.0106592178345,420.7054796218872,4192
717.4005,1739,58,3.3824232479596916,3.3333333333333335,3.528581510234046,295.82499999998254,300,4,250,0.599999999627471,6.275000002235174,68.20000000298023,,7566,302350,0,0,34232,2,13,62869,51091,4122,3,1,5,0,317,0,1268,0,0,0,376.7397928237915,420.7054796218872,4192
718.5671999999955,1740.2,58,3.464284454548395,3.334444814938054,3.5298270384745347,288.8666666666977,299.9000000000233,3,250,0.6999999980131785,6.200000000496705,68.16666666666667,,7566,302350,0,0,34232,2,13,62869,51091,4122,3,1,5,0,317,0,1268,0,0,0,357.9813165664673,420.7054796218872,4192
719.4375,1741.4,58,3.4639139606806384,3.3333333333333335,3.529827038475985,288.89999999998446,300,3,250,0.5333333313465118,6.200000000496705,68.60000000149012,,7566,302350,0,0,34232,2,13,62869,51091,4122,3,1,5,0,317,0,1268,0,0,0,371.093243598938,420.7054796218872,4192
720.311099999994,1743,59,3.2994763041874884,3.000300030002581,3.529827038475985,304.125,333.30000000004657,4,250,1.3499999977648258,16.975000001490116,72.97500000149012,,7745,310894,0,0,34204,4,14,63325,51554,4097,3,1,5,2,317,9,1268,0,0,26,377.8312883377075,424.654896736145,4192
721.6006999999955,1744.2,59,3.1160128507777674,2.857142857142857,3.3333333333333335,322.23333333331783,350,3,250,1.633333330353101,19.3666666696469,71.29999999701977,,7635,305252,0,0,33735,7,14,63151,51328,4121,3,1,5,5,317,23,1268,0,0,50,381.7543992996216,434.84601306915283,4192
722.499799999997,1745.4,59,3.398831481960675,3.3322225924694355,3.5298270384745347,294.43333333334886,300.0999999999767,3,250,1.2666666681567829,8.199999998013178,68.26666666815679,,7608,304102,0,0,33705,8,14,63145,51311,4122,3,1,5,6,317,28,1268,0,0,82,398.41278171539307,434.8615770339966,4192
723.3905,1747,59,3.3824232479593292,3.3333333333333335,3.5285815102325966,295.82500000001164,300,4,250,2.325000001117587,8.900000000372529,69.65000000037253,,7605,303928,0,0,33687,7,14,63190,51346,4122,3,1,5,5,317,33,1268,0,0,81,397.4232454299927,439.57597827911377,4192
724.600799999997,1748.2,59,3.1164437584996225,2.856326763781017,3.3344448149393484,322.19999999999226,350.10000000009313,3,250,1.3999999985098839,8.93333333482345,82.19999999801318,,8164,328812,0,0,35465,17,14,63201,51351,4122,3,1,1,11,317,36,1268,0,0,62,390.91058826446533,440.32597827911377,4192
725.559,1749.4,59,3.157894806830521,3.15756236185595,3.1585596967785015,316.6666666666667,316.70000000006985,3,250,1.2999999995032947,8.866666667163372,74.63333333283663,,8123,327312,0,0,35503,3,14,63079,51265,4122,3,1,1,1,317,18,1268,0,0,11,385.5294237136841,443.00715351104736,4192
726.508299999997,1750.6,59,3.1582272518043175,3.15756236185595,3.1585596967785015,316.6333333333411,316.70000000006985,3,250,0.866666667163372,8.93333333482345,73.56666666517656,,8136,327768,0,0,35496,5,14,63104,51288,4122,3,1,1,3,317,19,1268,0,0,14,404.62066745758057,443.2383699417114,4192
727.4536999999955,1751.8,59,3.157894806830521,3.15756236185595,3.1585596967785015,316.6666666666667,316.70000000006985,3,250,0.9666666661699613,7.799999999503295,73.13333333283663,,8136,327768,0,0,35496,5,14,63080,51268,4122,3,1,1,3,317,17,1268,0,0,11,393.6688280105591,444.4883699417114,4192
728.3952999999971,1753,59,3.216485130656315,3.157562361857111,3.3333333333333335,311.0999999999767,316.69999999995343,3,250,0.8999999985098839,7.633333335320155,73.06666666517656,,8127,327384,0,0,35496,3,14,63045,51243,4122,3,1,1,1,317,12,1268,0,0,10,378.6438455581665,445.7312898635864,4192
729.343799999997,1754.6,59,3.1580610293175164,3.15756236185595,3.1585596967785015,316.6499999999942,316.70000000006985,4,250,0.8250000011175871,7.824999999254942,74.125,,8124,327326,0,0,35496,2,13,63045,51243,4122,3,1,1,0,317,12,1268,0,0,15,405.03717136383057,447.9695711135864,4192
730.5993999999985,1755.8,59,3.105141584571843,3.000300030003629,3.15756236185595,322.2333333333566,333.29999999993015,3,250,0.8333333308498064,8.299999999503294,73.40000000099342,,8124,327326,0,0,35496,2,13,62961,51183,4122,3,1,1,0,317,0,1268,0,0,0,387.42506885528564,446.7312898635864,4192
731.5573999999986,1757,59,3.1641024022658777,3.000300030003629,3.334444814938054,316.6333333333411,333.29999999993015,3,250,0.6000000014901161,7.433333334823449,73.13333333283663,,8124,327326,0,0,35496,2,13,62961,51183,4122,3,1,1,0,317,0,1268,0,0,0,406.8889741897583,448.9695711135864,4192
732.5131999999955,1758.2,59,3.216817575630112,3.1585596967785015,3.3333333333333335,311.06666666665114,316.5999999999767,3,250,0.5666666651765505,6.266666668156783,72.73333333184321,,8124,327326,0,0,35496,2,13,62961,51183,4122,3,1,1,0,317,0,1268,0,0,0,387.9045000076294,448.4812898635864,4192
733.4426999999955,1759.4,59,3.163731908397675,3.000300030002581,3.3333333333333335,316.6666666666667,333.30000000004657,3,250,0.6000000014901161,7.299999997019768,73.10000000149012,,8124,327326,0,0,35496,2,13,62961,51183,4122,3,1,1,0,317,0,1268,0,0,0,405.06432819366455,450.7195711135864,4192
734.406299999997,1760.6,59,3.1051415845722676,3.000300030002581,3.157562361857111,322.23333333331783,333.30000000004657,3,250,0.633333332836628,7.400000000993411,82.7999999995033,,8124,327326,0,0,35496,2,13,62961,51183,4122,3,1,1,0,317,0,1268,0,0,0,386.16652393341064,450.4812898635864,4192
735.435599999994,1761.8,59,2.914514643226632,2.7270248159253057,3.1585596967785015,344.4000000000233,366.70000000006985,3,250,0.9000000009934107,8.766666665673256,72.66666666666667,,8127,327384,0,0,35496,3,14,62968,51188,4122,3,1,1,1,317,1,1268,0,0,0,357.4180574417114,450.46941471099854,4192
736.4235,1763,59,3.0050342246323845,2.857142857142857,3.1585596967785015,333.3333333333333,350,3,250,0.8333333358168602,8.433333332339922,72.90000000099342,,8124,327326,0,0,35496,2,13,62961,51183,4122,3,1,1,0,317,0,1268,0,0,0,377.47064304351807,454.94597721099854,4192
737.403299999997,1764.2,59,3.216485130656315,3.157562361857111,3.3333333333333335,311.0999999999767,316.69999999995343,3,250,0.5999999990065893,6.233333331843217,72.36666666716337,,8130,327420,0,0,35496,3,14,62968,51188,4122,3,1,1,1,317,1,1268,0,0,4,338.90380477905273,433.8616828918457,4192
738.3576999999955,1765.8,59,3.1624388554925917,3.000300030002581,3.3333333333333335,316.6500000000233,333.30000000004657,4,250,0.75,7.474999997764826,75.57500000111759,,7450,297198,0,0,35960,2,13,62961,51183,4122,3,1,3,0,317,0,1268,0,0,0,362.10725593566895,440.5882930755615,4192
739.597599999994,1767,59,3.3402409112216596,3.157562361857111,3.5298270384745347,300,316.69999999995343,3,250,0.6666666641831398,6.233333334326744,68.86666666716337,,7450,297198,0,0,35960,2,13,62961,51183,4122,3,1,3,0,317,0,1268,0,0,0,344.6098737716675,439.100115776062,4192
740.4658999999986,1768.2,59,3.4642844545488782,3.334444814938054,3.529827038475985,288.8666666666589,299.9000000000233,3,250,0.5333333313465118,6.333333333333333,68.20000000298023,,7450,297198,0,0,35960,2,13,62961,51183,4122,3,1,3,0,317,0,1268,0,0,0,357.5330419540405,439.100115776062,4192
741.3277999999971,1769.8,59,3.529515876317361,3.5285815102325966,3.5310734463282643,283.32499999998254,283.4000000000233,4,250,0.5749999992549419,6.100000001490116,68.87499999813735,,7450,297198,0,0,35960,2,13,62961,51183,4122,3,1,3,0,317,0,1268,0,0,0,346.2243490219116,439.100115776062,4192
742.4795999999941,1771,59,3.464329136760801,3.3333333333333335,3.5298270384745347,288.8666666666977,300,3,250,0.5666666676600774,6.166666669150193,68.53333333134651,,7450,297198,0,0,35960,2,13,62961,51183,4122,3,1,3,0,317,0,1268,0,0,0,359.1669225692749,439.100115776062,4192
743.3441999999956,1772.6,60,3.4803924500316974,3.3333333333333335,3.5310734463268125,287.5,300,4,250,0.5000000018626451,6.149999998509884,68.54999999888241,,7450,297198,0,0,35960,2,13,62961,51183,4122,3,1,3,0,317,0,1268,0,0,0,346.90049266815186,439.100115776062,4192
744.5565,1773.8,60,3.1162850373887743,2.8579594169770397,3.3333333333333335,322.19999999999226,349.89999999990687,3,250,1.399999996026357,23.799999999503296,78.46666666865349,,7583,301832,0,0,35554,5,14,63198,51394,4118,3,1,3,3,317,15,1268,0,0,39,352.68345165252686,442.751482963562,4192
745.4810999999941,1775,60,3.3333333333333335,3.3333333333333335,3.3333333333333335,300,300,3,250,1.266666663189729,11.633333335320154,72.13333333283663,,7562,301802,0,0,35426,8,14,63313,51484,4119,3,1,3,6,317,27,1268,0,0,35,354.6721715927124,443.6883726119995,4192
746.378299999997,1776.6,60,3.3385142019347835,3.157562361857111,3.5298270384745347,300,316.69999999995343,4,250,1.474999999627471,8.325000001117587,70.77499999850988,,7533,301396,0,0,35424,11,14,63352,51508,4122,3,1,3,9,317,33,1268,0,0,58,352.3298215866089,443.73506450653076,4192
747.5670999999941,1777.8,60,3.399201728915791,3.3333333333333335,3.529827038475985,294.39999999998446,300,3,250,1.4333333323399227,8.433333332339922,70.5,,7533,301396,0,0,35424,11,14,63387,51533,4122,3,1,3,9,317,38,1268,0,0,78,369.568247795105,443.73506450653076,4192
748.4506999999955,1779,60,3.3984160589664207,3.3333333333333335,3.5285815102325966,294.4666666666744,300,3,250,1.9000000009934108,8.333333333333334,70.03333333383004,,7527,301048,0,0,35424,9,14,63359,51513,4122,3,1,3,7,317,34,1268,0,0,41,356.8483076095581,443.72444438934326,4192
749.3335,1780.6,60,3.382701118360833,3.3333333333333335,3.5285815102325966,295.79999999998836,300,4,250,1.525000000372529,9.624999998137355,70.32500000298023,,7539,301744,0,0,35244,13,14,63323,51496,4121,3,1,3,11,317,25,1268,0,0,13,352.83829402923584,444.17485332489014,4192
750.5152999999971,1781.8,60,3.398831235047067,3.3333333333333335,3.5298270384745347,294.43333333334886,300,3,250,0.9666666661699613,8.133333335320154,69.83333333084981,,7533,301396,0,0,35244,11,14,63256,51444,4122,3,1,3,9,317,17,1268,0,0,13,368.66685009002686,444.1904172897339,4192
751.399,1783.4,60,3.3824567596186337,3.3333333333333335,3.5298270384745347,295.82500000001164,300,4,250,1.050000000745058,8.425000002607703,70.97499999776483,,7530,301222,0,0,35244,10,14,63305,51479,4122,3,1,3,8,317,24,1268,0,0,15,359.61827754974365,444.1904172897339,4192
752.5843999999985,1784.6,60,3.3333335802469413,3.332222592468143,3.3344448149393484,300,300.10000000009313,3,250,1.0666666651765506,7.866666667163372,73.73333333184321,,7638,305496,0,0,35740,9,14,63214,51414,4122,3,1,4,1,317,11,1268,0,0,18,376.204909324646,444.1904172897339,4192
753.4835,1785.8,60,3.333703827202005,3.3333333333333335,3.3344448149393484,299.9666666666356,300,3,250,0.7666666656732559,8.066666667660078,70.56666666766007,,7632,305402,0,0,35740,2,13,63137,51359,4122,3,1,4,0,317,0,1268,0,0,0,365.69307231903076,446.4251585006714,4192
754.376799999997,1787.4,60,3.3384519684194416,3.1585596967785015,3.5285815102325966,300,316.5999999999767,4,250,0.7500000018626451,6.674999998882413,70.40000000037253,,7641,305554,0,0,35740,4,14,63165,51379,4122,3,1,4,2,317,4,1268,0,0,6,351.48180294036865,444.1868772506714,4192
755.5796999999956,1788.6,60,3.216485130655928,3.157562361857111,3.3333333333333335,311.10000000001554,316.69999999995343,3,250,0.7000000004967054,9.966666668653488,70.53333333134651,,7632,305402,0,0,35740,2,13,63144,51364,4122,3,1,4,0,317,1,1268,0,0,4,376.3363561630249,450.9017210006714,4192
756.521799999997,1789.8,60,3.3402031092408238,3.1585596967785015,3.5298270384745347,300,316.5999999999767,3,250,0.5666666676600774,6.266666665673256,70.7000000004967,,7632,305402,0,0,35740,2,13,63137,51359,4122,3,1,4,0,317,0,1268,0,0,0,389.698691368103,450.9017210006714,4192
757.408299999997,1791.4,60,3.3827348152053824,3.332222592468143,3.529827038475985,295.79999999998836,300.10000000009313,4,250,0.7499999962747097,6.275000002235174,69.89999999850988,,7632,305402,0,0,35740,2,13,63144,51364,4122,3,1,4,0,317,1,1268,0,0,7,371.5213689804077,444.1868772506714,4192
758.5921999999955,1792.6,60,3.216485130655928,3.157562361857111,3.3333333333333335,311.10000000001554,316.69999999995343,3,250,0.7333333343267441,8.466666666169962,71.66666666666667,,7638,305496,0,0,35740,3,14,63144,51364,4122,3,1,4,1,317,1,1268,0,0,8,354.9208631515503,444.1868772506714,4192
759.5576999999955,1793.8,60,3.229262285076277,2.999400119975795,3.5298270384745347,311.10000000001554,333.4000000000233,3,250,0.6999999955296516,8.26666667064031,70.40000000099342,,7638,305518,0,0,35740,4,14,63151,51369,4122,3,1,4,2,317,2,1268,0,0,4,376.9139623641968,448.6634397506714,4192
760.4925,1795,60,3.28777545172476,3.000300030003629,3.5285815102325966,305.5333333333256,333.29999999993015,3,250,0.6000000014901161,7.233333334326744,70.23333333681028,,7632,305402,0,0,35740,2,13,63137,51359,4122,3,1,4,0,317,0,1268,0,0,0,393.18020153045654,450.9017210006714,4192
761.377299999997,1796.6,60,3.3824569448041633,3.3322225924694355,3.5298270384745347,295.82499999998254,300.0999999999767,4,250,0.5749999992549419,6.324999999254942,71.02500000037253,,7632,305402,0,0,35740,2,13,63137,51359,4122,3,1,4,0,317,0,1268,0,0,0,372.3668432235718,444.1868772506714,4192
762.5587999999971,1797.8,60,3.3984160589664216,3.3333333333333335,3.5285815102325966,294.4666666666744,300,3,250,0.5333333313465118,6.300000001986821,69.96666666616996,,7632,305402,0,0,35740,2,13,63137,51359,4122,3,1,4,0,317,0,1268,0,0,0,385.7566785812378,444.1868772506714,4192
763.442,1799,60,3.3991570467029018,3.334444814938054,3.5285815102325966,294.4000000000233,299.9000000000233,3,250,0.6333333303531011,6.366666667163372,70.86666666716337,,7632,305402,0,0,35740,2,13,63137,51359,4122,3,1,4,0,317,0,1268,0,0,0,367.3221044540405,444.1868772506714,4192
764.330099999994,1800.6,60,3.3824567596189965,3.3333333333333335,3.529827038475985,295.82499999998254,300,4,250,0.6000000014901161,6.324999999254942,71.32499999925494,,7632,305402,0,0,35740,2,13,63137,51359,4122,3,1,4,0,317,0,1268,0,0,0,385.1277074813843,444.1868772506714,4192
765.5125,1801.8,60,3.3987865528346615,3.3333333333333335,3.5285815102325966,294.43333333334886,300,3,250,0.6000000014901161,6.233333334326744,70.43333333482344,,7632,305402,0,0,35740,2,13,63137,51359,4122,3,1,4,0,317,0,1268,0,0,0,366.66897106170654,444.1868772506714,4192
766.3993999999985,1803,61,3.1746031746031744,2.857142857142857,3.3333333333333335,316.6666666666667,350,3,250,1.0666666676600773,19.06666666517655,79.13333333532016,,7768,311928,0,0,35587,5,14,63516,51731,4105,3,1,5,3,317,12,1268,0,0,23,367.6033926010132,447.68193340301514,4192
767.3898999999985,1804.6,61,3.2061322646315618,3.000300030003629,3.3333333333333335,312.5,333.29999999993015,4,250,1.349999999627471,13.150000000372529,71.55000000074506,,7735,309548,0,0,35356,9,14,63574,51737,4121,3,1,5,7,317,30,1268,0,0,53,385.9373540878296,449.279314994812,4192
768.6018999999985,1805.8,61,3.3337038272015733,3.3333333333333335,3.334444814938054,299.9666666666744,300,3,250,1.9000000009934108,9.199999998013178,69.76666666815679,,7725,309446,0,0,35299,10,14,63573,51723,4122,3,1,5,8,317,36,1268,0,0,84,377.89237117767334,449.5331754684448,4192
769.5041999999955,1807,61,3.3337040741156136,3.332222592468143,3.3344448149393484,299.9666666666356,300.10000000009313,3,250,1.633333332836628,8.23333333681027,69.23333333184321,,7731,309772,0,0,35299,11,14,63594,51738,4122,3,1,5,9,317,39,1268,0,0,69,399.0298948287964,449.5331754684448,4192
770.407799999997,1808.2,61,3.340196229009299,3.15756236185595,3.5285815102325966,300,316.70000000006985,3,250,1.5666666701436043,8.999999997516474,70.66666666915019,,7719,309628,0,0,35271,11,14,63620,51759,4121,3,1,5,9,317,42,1268,0,0,41,387.92018032073975,449.6084394454956,4192
771.3087999999971,1809.8,61,3.3387918871508306,3.15756236185595,3.529827038475985,299.9750000000058,316.70000000006985,4,250,1.549999998882413,9.250000001862645,69.24999999813735,,7719,309628,0,0,35198,11,14,63613,51755,4122,3,1,5,9,317,40,1268,0,0,29,385.58262157440186,449.8516798019409,4192
772.5021999999956,1811,61,3.3333335802469413,3.3322225924694355,3.334444814938054,300,300.0999999999767,3,250,1.5666666651765506,9.500000002483526,69.69999999801318,,7710,309244,0,0,35142,9,14,63616,51762,4120,3,1,5,7,317,39,1268,0,0,24,375.3281087875366,450.0588483810425,4192
773.405099999994,1812.2,61,3.222322232223083,3.000300030002581,3.3333333333333335,311.10000000001554,333.30000000004657,3,250,1.366666667163372,10.66666666418314,69.33333333333333,,7686,307990,0,0,35142,2,13,63369,51583,4122,3,1,5,0,317,4,1268,0,0,3,344.3852777481079,443.3327417373657,4192
774.392299999997,1813.8,61,3.2307542155287328,2.727768685215667,3.5285815102325966,312.5,366.5999999999767,4,250,0.525000000372529,6.75000000372529,69.04999999701977,,7686,307990,0,0,35114,2,13,63359,51577,4122,3,1,5,0,317,2,1268,0,0,5,353.61756229400635,433.1946268081665,4192
775.5801999999956,1815,61,3.274743009507926,3.157562361857111,3.3333333333333335,305.56666666665114,316.69999999995343,3,250,0.6000000014901161,7.133333330353101,70.03333333383004,,7686,307990,0,0,35114,2,13,63345,51567,4122,3,1,5,0,317,0,1268,0,0,0,336.162974357605,433.19463634490967,4192
776.4948999999986,1816.2,61,3.3991570467029013,3.334444814938054,3.5285815102325966,294.4000000000233,299.9000000000233,3,250,0.7000000004967054,6.566666667660077,70.09999999900658,,7686,307990,0,0,35114,2,13,63352,51572,4122,3,1,5,0,317,1,1268,0,0,0,349.6613540649414,433.1947021484375,4192
777.384299999997,1817.8,61,3.3824567596189965,3.3333333333333335,3.529827038475985,295.82499999998254,300,4,250,0.6499999985098839,6.300000002607703,71.07499999925494,,7686,307990,0,0,35114,2,13,63345,51567,4122,3,1,5,0,317,0,1268,0,0,0,333.69791412353516,431.202880859375,4192
778.5675999999941,1819,61,3.3337038272015733,3.3333333333333335,3.334444814938054,299.9666666666744,300,3,250,0.6000000014901161,6.233333334326744,68.7999999995033,,7686,307990,0,0,35114,2,13,63352,51572,4122,3,1,5,0,317,1,1268,0,0,3,347.067889213562,431.202898979187,4192
779.4560999999941,1820.2,61,3.3987865528346615,3.3333333333333335,3.5285815102325966,294.43333333334886,300,3,250,0.7333333343267441,6.600000001490116,69.69999999801318,,7686,307990,0,0,35114,2,13,63380,51592,4122,3,1,5,0,317,5,1268,0,0,13,328.96551418304443,431.202898979187,4192
780.3433999999985,1821.8,61,3.245448032780428,3.157562361857111,3.334444814938054,308.3499999999767,316.69999999995343,4,250,0.75,6.449999999254942,76.07500000111759,,8196,330710,0,0,35690,2,13,63345,51567,4122,3,1,1,0,317,0,1268,0,0,0,350.75585651397705,433.20685291290283,4192
781.5972999999971,1823,61,3.216855624524168,3.157562361857111,3.334444814938054,311.06666666668997,316.69999999995343,3,250,0.633333332836628,6.233333331843217,72.2999999995033,,8196,330710,0,0,35690,2,13,63345,51567,4122,3,1,1,0,317,0,1268,0,0,0,336.4185609817505,433.20685291290283,4192
782.5315,1824.2,61,3.216114883701252,3.157562361857111,3.332222592468143,311.1333333333411,316.69999999995343,3,250,0.6333333353201548,6.333333333333333,72.53333333134651,,8196,330710,0,0,35690,2,13,63345,51567,4122,3,1,1,0,317,0,1268,0,0,0,350.63265323638916,433.20685291290283,4192
783.4665,1825.4,61,3.2164473286754798,3.1585596967785015,3.3322225924694355,311.0999999999767,316.5999999999767,3,250,0.5666666651765505,6.266666668156783,72.76666666815679,,8196,330710,0,0,35690,2,13,63345,51567,4122,3,1,1,0,317,0,1268,0,0,0,336.1381196975708,433.20685291290283,4192
784.405,1826.6,61,3.1582274618801307,3.15756236185595,3.1595576619273302,316.6333333333411,316.70000000006985,3,250,0.633333332836628,6.433333332339923,72.43333333730698,,8196,330710,0,0,35690,2,13,63345,51567,4122,3,1,1,0,317,0,1268,0,0,0,350.3355531692505,433.20685291290283,4192
785.3413999999985,1828.2,61,3.2020037721865715,3.15756236185595,3.3333333333333335,312.4750000000058,316.70000000006985,4,250,0.6000000014901161,6.175000000745058,74.44999999925494,,8196,330710,0,0,35690,2,13,63345,51567,4122,3,1,1,0,317,0,1268,0,0,0,340.09174060821533,433.20685291290283,4192
786.591799999997,1829.4,61,3.216152685682131,3.15756236185595,3.3333333333333335,311.1333333333411,316.70000000006985,3,250,0.5333333338300387,6.366666667163372,73.16666666915019,,8196,330710,0,0,35690,2,13,63345,51567,4122,3,1,1,0,317,0,1268,0,0,0,354.18280124664307,433.20685291290283,4192
787.5328999999986,1830.6,61,3.2164473286754798,3.1585596967785015,3.3322225924694355,311.0999999999767,316.5999999999767,3,250,0.5000000024835268,6.133333330353101,72.43333333482344,,8196,330710,0,0,35690,2,13,63345,51567,4122,3,1,1,0,317,0,1268,0,0,0,338.8122568130493,433.20685291290283,4192
788.4756999999955,1831.8,61,3.164102402265916,3.000300030002581,3.334444814938054,316.6333333333411,333.30000000004657,3,250,0.633333332836628,7.100000001490116,71.63333333283663,,8196,330710,0,0,35690,2,13,63345,51567,4122,3,1,1,0,317,0,1268,0,0,0,352.9748125076294,433.20685291290283,4192
789.4106999999956,1833,62,3.216485130655928,3.157562361857111,3.3333333333333335,311.10000000001554,316.69999999995343,3,250,1.2000000004967053,21.93333333482345,75.16666666418314,,8392,336484,0,0,34884,5,14,63614,51849,4085,3,1,1,3,317,12,1268,0,0,27,354.882119178772,436.97575092315674,4192
790.4431999999955,1834.2,62,2.8862865755940437,2.5,3.1585596967785015,349.9666666666356,400,3,250,1.3999999985098839,14.90000000099341,75.80000000198682,,8255,333366,0,0,34433,8,14,63830,52007,4119,3,1,1,6,317,24,1268,0,0,48,372.20983600616455,439.1057405471802,4192
791.419,1835.4,62,3.1051740595367487,2.999400119975795,3.1585596967785015,322.2333333333566,333.4000000000233,3,250,2.366666667163372,10.333333330849806,73.06666666766007,,8270,333960,0,0,34293,11,14,63829,51991,4122,3,1,1,9,317,30,1268,0,0,76,372.40583896636963,439.6986131668091,4192
792.3851999999955,1836.6,62,3.105474029546027,3.000300030003629,3.1585596967785015,322.19999999999226,333.29999999993015,3,250,1.7000000004967053,8.866666667163372,74.03333333134651,,8276,334032,0,0,34265,11,14,63804,51960,4122,3,1,1,9,317,33,1268,0,0,101,365.7257432937622,439.7965211868286,4192
793.3405,1838.2,62,3.158061029317516,3.15756236185595,3.1585596967785015,316.6499999999942,316.70000000006985,4,250,1.875,8.550000002607703,73.64999999850988,,8276,333844,0,0,34265,13,14,63825,51975,4122,3,1,1,11,317,36,1268,0,0,77,361.57763385772705,439.7965211868286,4192
794.6200999999941,1839.4,62,3.1054740295460643,3.000300030002581,3.1585596967785015,322.19999999999226,333.30000000004657,3,250,1.2999999995032947,9.966666668653488,78.73333333184321,,7668,307642,0,0,35382,18,14,63815,51977,4122,3,1,3,6,317,30,1268,0,0,40,355.3922510147095,440.1539659500122,4192
795.577299999997,1840.6,62,3.2875201639278875,2.999400119975795,3.5298270384745347,305.56666666668997,333.4000000000233,3,250,1.366666667163372,9.833333333333334,70.7333333293597,,7677,308164,0,0,35298,17,14,63874,52021,4121,3,1,3,9,317,38,1268,0,0,20,378.936203956604,440.48522663116455,4192
796.4798999999986,1841.8,62,3.2750754544817227,3.1585596967785015,3.3333333333333335,305.5333333333256,316.5999999999767,3,250,1.3333333308498065,8.900000003476938,72.43333333233993,,7689,308860,0,0,35298,18,14,63905,52039,4122,3,1,3,13,317,44,1268,0,0,8,368.59125995635986,440.5007905960083,4192
797.391799999997,1843.4,62,3.338547933496673,3.157562361857111,3.5310734463268125,300,316.69999999995343,4,250,1.2749999985098839,8.62500000372529,70.99999999813735,,7689,308744,0,0,35298,17,14,63891,52029,4122,3,1,3,13,317,42,1268,0,0,22,364.7056474685669,440.4901704788208,4192
798.5935,1844.6,62,3.3405733561954563,3.1585596967785015,3.5298270384745347,299.9666666666744,316.5999999999767,3,250,0.9999999975164732,8.100000001490116,71.23333333432674,,7695,309208,0,0,35270,17,14,63707,51900,4121,3,1,3,15,317,15,1268,0,0,7,381.8695001602173,440.5937547683716,4192
799.4893999999985,1845.8,62,3.3402031092408238,3.1585596967785015,3.5298270384745347,300,316.5999999999767,3,250,0.7666666681567827,7.900000000993411,70.59999999652307,,7650,306598,0,0,35270,2,13,63601,51823,4122,3,1,3,0,317,0,1268,0,0,0,368.47188663482666,442.84759998321533,4192
800.387799999997,1847.4,62,3.2896684608654576,3.157562361857111,3.334444814938054,304.1499999999942,316.69999999995343,4,250,0.7249999977648258,7.575000001117587,69.94999999925494,,7650,306598,0,0,35270,2,13,63622,51838,4122,3,1,3,0,317,3,1268,0,0,10,392.04948139190674,445.08588123321533,4192
801.6001999999955,1848.6,62,3.27470520752709,3.1585596967785015,3.3333333333333335,305.56666666665114,316.5999999999767,3,250,1.133333332836628,7.633333335320155,69.79999999701977,,7650,306598,0,0,35270,2,13,63608,51828,4122,3,1,3,0,317,1,1268,0,0,3,373.5760431289673,442.84405994415283,4192
802.5185999999941,1849.8,62,3.3337038272015733,3.3333333333333335,3.334444814938054,299.9666666666744,300,3,250,0.4999999975164731,6.200000002980232,69.69999999801318,,7650,306598,0,0,35270,2,13,63601,51823,4122,3,1,3,0,317,0,1268,0,0,0,389.1999559402466,442.84405994415283,4192
803.404,1851.4,62,3.4315801859042967,3.3333333333333335,3.529827038475985,291.6499999999942,300,4,250,0.650000000372529,6.574999997392297,70.32500000298023,,7650,306598,0,0,35270,2,13,63601,51823,4122,3,1,3,0,317,0,1268,0,0,0,373.7655153274536,440.60577869415283,4192
804.584099999994,1852.6,62,3.2751135033757794,3.15756236185595,3.334444814938054,305.5333333333644,316.70000000006985,3,250,0.8333333358168602,7.866666664679845,70.16666666418314,,7650,306598,0,0,35270,2,13,63601,51823,4122,3,1,3,0,317,0,1268,0,0,0,390.4664354324341,442.84405994415283,4192
805.497,1853.8,62,3.398416058966904,3.3333333333333335,3.528581510234046,294.4666666666356,300,3,250,0.6000000014901161,6.233333334326744,70.66666666666667,,7650,306598,0,0,35270,2,13,63601,51823,4122,3,1,3,0,317,0,1268,0,0,0,370.0344018936157,440.60577869415283,4192
806.388299999997,1855.4,62,3.3336113889197194,3.3322225924694355,3.334444814938054,299.9750000000058,300.0999999999767,4,250,0.7000000011175871,6.449999999254942,71.35000000149012,,7650,306598,0,0,35270,2,13,63601,51823,4122,3,1,3,0,317,0,1268,0,0,0,388.07009983062744,440.60577869415283,4192
807.5793999999985,1856.6,62,3.3333335802469413,3.3322225924694355,3.334444814938054,300,300.0999999999767,3,250,0.5999999990065893,6.199999998013179,70.60000000149012,,7650,306598,0,0,35270,2,13,63601,51823,4122,3,1,3,0,317,0,1268,0,0,0,369.8391122817993,440.60577869415283,4192
808.4738999999985,1857.8,62,3.3987865528346615,3.3333333333333335,3.5285815102325966,294.43333333334886,300,3,250,0.6333333303531011,6.500000002483527,74.7000000004967,,7736,310290,0,0,36102,2,13,63601,51823,4122,3,1,4,0,317,0,1268,0,0,0,384.8505525588989,440.60577869415283,4192
809.383299999997,1859.4,62,3.2899177945958056,3.1585596967785015,3.334444814938054,304.125,316.5999999999767,4,250,0.599999999627471,6.274999998509884,71.30000000074506,,7736,310290,0,0,36102,2,13,63601,51823,4122,3,1,4,0,317,0,1268,0,0,0,374.7511377334595,440.60577869415283,4192
810.574599999994,1860.6,62,3.3984609880924865,3.332222592468143,3.529827038475985,294.4666666666744,300.10000000009313,3,250,0.5999999990065893,6.500000002483527,70.23333333184321,,7736,310290,0,0,36102,2,13,63601,51823,4122,3,1,4,0,317,0,1268,0,0,0,388.2350206375122,440.60577869415283,4192
811.474599999994,1861.8,62,3.340158180114811,3.1585596967785015,3.5285815102325966,300,316.5999999999767,3,250,0.5666666651765505,6.133333332836628,71.73333333184321,,7736,310290,0,0,36102,2,13,63601,51823,4122,3,1,4,0,317,0,1268,0,0,0,373.46819019317627,440.60577869415283,4192
812.3883999999985,1863,63,3.164064353371822,3.000300030003629,3.3333333333333335,316.6333333333023,333.29999999993015,3,250,1.133333332836628,23.000000002483528,74.7000000004967,,8001,318020,0,0,35335,5,14,63896,52129,4087,3,1,4,3,317,12,1268,0,0,21,383.8552293777466,445.19028186798096,4192
813.493299999997,1864.2,63,2.814085282778107,2.5,3.3333333333333335,361.10000000001554,400,3,250,29.133333335320156,19.399999998509884,72.53333333134651,,7876,315466,0,0,34981,8,14,64029,52219,4106,3,1,4,6,317,24,1268,0,0,42,343.36775302886963,432.00640201568604,4192
814.4431999999955,1865.4,63,3.163731908397675,3.000300030002581,3.3333333333333335,316.6666666666667,333.30000000004657,3,250,1.3333333308498065,12.566666667660078,70.63333333283663,,7828,314458,0,0,34782,10,14,64097,52264,4115,3,1,4,8,317,31,1268,0,0,46,344.9095239639282,436.4592752456665,4192
815.3643999999985,1867,63,3.2459465150559175,3.1585596967785015,3.3333333333333335,308.29999999998836,316.5999999999767,4,250,1.9750000014901161,9.549999997019768,72.02499999850988,,7834,314690,0,0,34726,12,14,64126,52278,4122,3,1,4,10,317,35,1268,0,0,56,346.65129566192627,436.8065195083618,4192
816.5956999999955,1868.2,63,3.2747432564211465,3.15756236185595,3.334444814938054,305.56666666668997,316.70000000006985,3,250,1.7333333318432171,9.100000001490116,71.73333333184321,,7848,315474,0,0,34757,12,14,64161,52307,4122,3,1,4,10,317,38,1268,0,0,54,367.18965244293213,436.89380741119385,4192
817.5157999999971,1869.4,63,3.2750754544817227,3.1585596967785015,3.3333333333333335,305.5333333333256,316.5999999999767,3,250,2.0999999965230622,9.299999999503294,70.76666666815679,,7829,314610,0,0,34702,10,14,64156,52303,4121,3,1,4,8,317,38,1268,0,0,43,356.46011447906494,436.99385166168213,4192
818.4336999999955,1870.6,63,3.2751135033761662,3.157562361857111,3.334444814938054,305.5333333333256,316.69999999995343,3,250,1.5333333338300388,9.333333333333334,71.2999999995033,,7843,315016,0,0,34679,9,14,64151,52303,4120,3,1,4,7,317,36,1268,0,0,24,345.8320255279541,437.2131099700928,4192
819.3486999999956,1872.2,63,3.2061322646315618,3.000300030003629,3.3333333333333335,312.5,333.29999999993015,4,250,1.074999999254942,10.274999998509884,71.27500000223517,,7814,313966,0,0,34709,2,13,64079,52253,4122,3,1,4,0,317,24,1268,0,0,8,375.6753807067871,441.83995819091797,4192
820.5866999999955,1873.4,63,3.3337038272015733,3.3333333333333335,3.334444814938054,299.9666666666744,300,3,250,1.500000002483527,8.533333331346512,71.59999999900658,,7810,313580,0,0,34654,3,14,64083,52257,4122,3,1,4,1,317,24,1268,0,0,16,358.89964294433594,437.471923828125,4192
821.5202999999971,1874.6,63,3.1636941064168393,3.000300030002581,3.3322225924694355,316.6666666666667,333.30000000004657,3,250,0.9333333323399226,8.83333333581686,71.69999999801318,,7804,313486,0,0,34654,2,13,64003,52197,4122,3,1,4,0,317,14,1268,0,0,8,344.6523962020874,437.471941947937,4192
822.438599999994,1875.8,63,3.274743009507926,3.157562361857111,3.3333333333333335,305.56666666665114,316.69999999995343,3,250,0.7999999970197678,7.000000002483527,79.26666666567326,,7842,315322,0,0,35902,2,13,63982,52182,4122,3,1,5,0,317,11,1268,0,0,4,361.90550327301025,437.47198963165283,4192
823.3673999999985,1877.4,63,3.2459465150556275,3.15855969677734,3.3333333333333335,308.30000000001746,316.60000000009313,4,250,0.724999999627471,6.600000001490116,71.22499999962747,,7842,315322,0,0,35902,2,13,63926,52142,4122,3,1,5,0,317,3,1268,0,0,11,354.2056818008423,437.46844959259033,4192
824.5788999999985,1878.6,63,3.3337038272015733,3.3333333333333335,3.334444814938054,299.9666666666744,300,3,250,0.6666666641831398,6.533333333830039,72.43333333233993,,7842,315322,0,0,35902,2,13,63905,52127,4122,3,1,5,0,317,0,1268,0,0,0,368.02089405059814,437.46844959259033,4192
825.4906999999955,1879.8,63,3.274743009507926,3.157562361857111,3.3333333333333335,305.56666666665114,316.69999999995343,3,250,0.5,6.366666669646899,71.16666666418314,,7842,315322,0,0,35902,2,13,63905,52127,4122,3,1,5,0,317,0,1268,0,0,0,354.4901285171509,437.46844959259033,4192
826.3990999999941,1881.4,63,3.3333333333333335,3.3333333333333335,3.3333333333333335,300,300,4,250,0.5500000007450581,6.375000001862645,70.22499999962747,,7842,315322,0,0,35902,2,13,63905,52127,4122,3,1,5,0,317,0,1268,0,0,0,372.616623878479,437.46844959259033,4192
827.601299999997,1882.6,63,3.222692726091754,3.000300030002581,3.3344448149393484,311.06666666665114,333.30000000004657,3,250,0.633333332836628,7.5,71.2999999995033,,7842,315322,0,0,35902,2,13,63919,52137,4122,3,1,5,0,317,2,1268,0,0,6,360.64349842071533,439.70673084259033,4192
828.5353999999985,1883.8,63,3.274743009507539,3.15756236185595,3.3333333333333335,305.56666666668997,316.70000000006985,3,250,0.7666666681567827,6.633333332836628,70.66666666915019,,7842,315322,0,0,35902,2,13,63912,52132,4122,3,1,5,0,317,1,1268,0,0,0,374.6279573440552,439.70673084259033,4192
829.4425999999941,1885,63,3.3333333333333335,3.3333333333333335,3.3333333333333335,300,300,3,250,0.9000000009934107,6.433333329856396,71.06666666766007,,7842,315322,0,0,35902,2,13,63905,52127,4122,3,1,5,0,317,0,1268,0,0,0,354.7106981277466,437.46844959259033,4192
830.351299999997,1886.6,63,3.3336112037345136,3.3333333333333335,3.334444814938054,299.9750000000058,300,4,250,0.5500000007450581,6.275000000372529,71.24999999813735,,7842,315322,0,0,35902,2,13,63905,52127,4122,3,1,5,0,317,0,1268,0,0,0,375.3349542617798,437.46844959259033,4192
831.5506999999956,1887.8,63,3.333703827202005,3.3333333333333335,3.3344448149393484,299.9666666666356,300,3,250,0.6666666641831398,6.33333333581686,70.5,,7842,315322,0,0,35902,2,13,63905,52127,4122,3,1,5,0,317,0,1268,0,0,0,357.5339632034302,437.46844959259033,4192
832.4513999999986,1889,63,3.340240911221756,3.15756236185595,3.529827038475985,300,316.70000000006985,3,250,0.6000000014901161,6.266666663189729,69.60000000397365,,7842,315322,0,0,35902,2,13,63905,52127,4122,3,1,5,0,317,0,1268,0,0,0,371.1803255081177,437.46844959259033,4192
833.353099999994,1890.6,63,3.3385140167496505,3.15756236185595,3.529827038475985,300,316.70000000006985,4,250,0.6750000007450581,6.324999997392297,71.15000000037253,,7842,315322,0,0,35902,2,13,63905,52127,4122,3,1,5,0,317,0,1268,0,0,0,357.5506715774536,437.46844959259033,4192
834.5558999999985,1891.8,63,3.275075454481336,3.15855969677734,3.3333333333333335,305.5333333333644,316.60000000009313,3,250,0.633333332836628,6.366666667163372,71.26666666567326,,7842,315322,0,0,35902,2,13,63905,52127,4122,3,1,5,0,317,0,1268,0,0,0,371.08458042144775,437.46844959259033,4192
835.463099999994,1893,64,3.091863060556149,2.60892251500178,3.3333333333333335,327.7666666666434,383.29999999993015,3,250,1.1666666666666667,26.366666664679844,76.69999999801318,,8039,324600,0,0,35019,5,14,64553,52763,4110,3,1,5,3,317,12,1268,0,0,30,367.422474861145,442.91937732696533,4192
836.4925,1894.2,64,3.052720807287424,3.000300030002581,3.157562361857111,327.76666666668217,333.30000000004657,3,250,1.4333333323399227,18.666666666666668,79.86666666716337,,8371,338818,0,0,35425,14,14,64473,52647,4122,3,1,1,6,317,24,1268,0,0,45,393.1606035232544,445.6035051345825,4192
837.4818999999985,1895.4,64,3.0003002100569574,2.999400119975795,3.001200480191448,333.30000000000774,333.4000000000233,3,250,1.8000000019868214,12.999999997516474,74.16666666915019,,8392,339390,0,0,35105,18,14,64481,52630,4121,3,1,1,10,317,37,1268,0,0,67,401.52817249298096,446.61779499053955,4192
838.464,1896.6,64,3.1051415845722676,3.000300030002581,3.157562361857111,322.23333333331783,333.30000000004657,3,250,2.5666666676600776,9.90000000099341,74.33333333333333,,8404,339810,0,0,35021,18,14,64493,52642,4121,3,1,1,12,317,37,1268,0,0,94,398.17842197418213,446.94337940216064,4192
839.435,1897.8,64,3.052720807287424,3.000300030002581,3.157562361857111,327.76666666668217,333.30000000004657,3,250,1.4999999950329463,9.73333333681027,75.5,,8403,339760,0,0,34998,11,14,64455,52620,4121,3,1,1,9,317,29,1268,0,0,31,390.10585498809814,447.1710557937622,4192
840.411299999997,1899,64,3.1054740295460643,3.000300030002581,3.1585596967785015,322.19999999999226,333.30000000004657,3,250,1.2000000004967053,9.93333333482345,74.83333333333333,,8404,340428,0,0,34983,13,14,64512,52663,4121,3,1,1,11,317,36,1268,0,0,25,383.7215051651001,447.39873218536377,4192
841.387099999994,1900.2,64,3.052720807287736,3.000300030003629,3.15756236185595,327.7666666666434,333.29999999993015,3,250,1.4666666661699612,9.266666668156782,74.39999999850988,,8399,340370,0,0,35004,12,14,64515,52665,4122,3,1,1,10,317,36,1268,0,0,13,404.18363666534424,447.53344440460205,4192
842.3555,1901.4,64,3.1054740295456775,3.000300030002581,3.1585596967785015,322.200000000031,333.30000000004657,3,250,1.3999999985098839,8.966666668653488,74.86666666467984,,8392,339810,0,0,34994,12,14,64449,52615,4122,3,1,1,10,317,28,1268,0,0,19,394.78621006011963,447.53344440460205,4192
843.330099999994,1903,64,3.1184961126237982,3.000300030003629,3.1585596967785015,320.82499999998254,333.29999999993015,4,250,1.1500000040978193,8.399999996647239,74.80000000074506,,8369,338592,0,0,35015,5,14,64355,52549,4122,3,1,1,3,317,14,1268,0,0,11,388.86882495880127,447.6455125808716,4192
844.609799999997,1904.2,64,3.1054740295460643,3.000300030002581,3.1585596967785015,322.19999999999226,333.30000000004657,3,250,0.7666666656732559,8.300000001986822,73.89999999850988,,8360,338418,0,0,35015,2,13,64327,52529,4122,3,1,1,0,317,10,1268,0,0,6,409.8971223831177,449.8837938308716,4192
845.573599999994,1905.4,64,3.105141584571843,3.000300030003629,3.15756236185595,322.2333333333566,333.29999999993015,3,250,0.666666661699613,6.966666671137015,74.43333333233993,,8360,338418,0,0,35015,2,13,64257,52479,4122,3,1,1,0,317,0,1268,0,0,0,392.0936403274536,447.6419725418091,4192
846.528,1906.6,64,3.1582272518043175,3.157562361857111,3.1585596967785015,316.6333333333411,316.69999999995343,3,250,0.7000000004967054,6.833333330849807,73.66666666915019,,8366,338512,0,0,35015,3,14,64271,52489,4122,3,1,1,1,317,2,1268,0,0,3,406.82744312286377,447.6419725418091,4192
847.5061999999955,1907.8,64,2.8384434584296314,2.5006251562889266,3.157562361857111,355.5333333333256,399.9000000000233,3,250,0.7666666681567827,8.466666663686434,96.56666666766007,,8360,338418,0,0,35015,2,13,64257,52479,4122,3,1,1,0,317,0,1268,0,0,0,351.9793863296509,449.8800973892212,4192
848.566299999997,1909,64,3.0632921034839953,2.857142857142857,3.3333333333333335,327.80000000000774,350,3,250,0.6333333353201548,7.466666668653488,73.83333333084981,,8360,338418,0,0,35015,2,13,64257,52479,4122,3,1,1,0,317,0,1268,0,0,0,369.5654649734497,452.1183786392212,4192
849.548299999997,1910.2,64,3.105474029546027,3.000300030003629,3.1585596967785015,322.19999999999226,333.29999999993015,3,250,0.5333333338300387,6.233333334326744,73.19999999801318,,8360,338418,0,0,35015,2,13,64257,52479,4122,3,1,1,0,317,0,1268,0,0,0,334.2083406448364,434.0860605239868,4192
850.5041999999955,1911.4,64,3.0577549719261565,2.857142857142857,3.1585596967785015,327.7666666666434,350,3,250,0.6000000014901161,7.333333330849807,74.06666666517656,,8360,338418,0,0,35015,2,13,64257,52479,4122,3,1,1,0,317,0,1268,0,0,0,351.66598892211914,436.3243598937988,4192
851.483599999994,1912.6,64,3.1054740295456775,3.000300030002581,3.15855969677734,322.200000000031,333.30000000004657,3,250,0.7000000004967054,6.5,81.76666666567326,,7866,316750,0,0,36743,3,14,64264,52484,4122,3,1,3,0,317,1,1268,0,0,4,337.4064464569092,437.33612632751465,4192
852.4815,1913.8,64,3.163731908397638,3.000300030003629,3.3333333333333335,316.6666666666667,333.29999999993015,3,250,0.7000000004967054,7.233333334326744,74.53333333134651,,7866,316750,0,0,36743,2,13,64257,52479,4122,3,1,3,0,317,0,1268,0,0,0,357.6668920516968,439.57451152801514,4192
