t,simElapsedSec,round,fpsAvg,fpsMin,fpsMax,frameMsAvg,frameMsMax,frameCount,cpu.simMsAvg,cpu.syncMsAvg,cpu.renderMsAvg,gpuMsAvg,renderer.calls,renderer.triangles,renderer.lines,renderer.points,renderer.geometries,renderer.textures,renderer.programs,scene.totalObjects,scene.visibleMeshes,scene.hiddenMeshes,scene.lights,scene.shadowCastingLights,game.viewedPlayer,game.viewedCreeps,game.viewedTowers,game.allArenasCreeps,game.allArenasTowers,game.humanoidAnimating,game.lightningArcsActive,game.poisonBubblesActive,memory.usedMB,memory.totalMB,memory.limitMB
0.1296000000014901,0.85,0,17.431631169324543,0,30.030030030030275,62.55699999989354,250,14,0.27857142793280737,0.5000000005321843,14.257142856184926,,666,37766,0,0,345,2,8,383,352,1,3,1,0,0,0,0,0,0,0,0,17.798471450805664,34.79140281677246,4192
1.0908999999985098,1.85,0,19.997397926244975,14.992503748125978,29.940119760478552,50.835000000000015,66.69999999999982,20,0.04499999918043614,0.375,7.15,,666,37766,0,0,345,2,8,383,352,1,3,1,0,0,0,0,0,0,0,0,18.916833877563477,35.29140281677246,4192
2.09260000000149,2.85,1,20.5017898804661,14.992503748125978,30.030030030029867,49.99499999999998,66.69999999999982,20,0.06499999947845936,0.8900000009685755,6.984999999776482,,666,37766,0,0,345,2,8,647,576,11,3,1,0,0,0,0,5,0,0,0,20.46602439880371,36.42400550842285,4192
3.09710000000149,3.85,1,20.997038979146865,15.015015015014933,30.030030030029867,49.165000000000006,66.60000000000036,20,0.07500000037252903,1.1600000001490116,6.920000000670552,,666,37766,0,0,345,2,8,994,859,27,3,1,0,0,0,0,13,0,0,0,18.087080001831055,37.1352481842041,4192
4.09020000000298,4.85,1,20.50139093320801,14.992503748125978,30.030030030029867,50,66.69999999999982,20,0.0800000000745058,1.175000000372529,7.13999999910593,,666,37766,0,0,345,2,8,1158,994,38,3,1,0,0,0,0,16,0,0,0,20.473814010620117,53.65847587585449,4192
5.085,5.85,1,20.00203600814404,19.960079840319217,20.040080160320787,49.99499999999998,50.100000000000364,20,0.05499999932944775,0.9950000010430813,6.975000000372529,,666,37766,0,0,345,2,8,1199,1003,52,3,1,0,0,0,0,19,0,0,0,21.08458137512207,52.19674873352051,4192
6.0838999999985095,6.85,1,20.49702998811997,19.960079840319217,29.94011976047937,49.16999999999998,50.100000000000364,20,0.05000000037252903,0.6450000002980232,6.924999999254942,,666,37766,0,0,345,2,8,1160,961,55,3,1,0,0,0,0,19,0,0,0,22.210336685180664,52.28418159484863,4192
7.07060000000149,7.8,1,20.501030004120008,19.960079840319942,29.94011976047937,49.16000000000004,50.099999999998545,20,0.059999999776482585,0.4550000000745058,6.920000000298023,,666,37766,0,0,345,2,8,1116,914,58,3,1,0,0,0,0,19,0,0,0,21.031335830688477,52.32336616516113,4192
8.055899999998509,8.85,1,19.498395930237017,14.992503748126182,20.040080160320787,51.66999999999998,66.69999999999891,20,0.06500000059604645,0.43500000014901163,7.240000000968576,,666,37766,0,0,345,2,8,1116,914,58,3,1,0,0,0,0,19,0,0,0,19.135300636291504,52.3234224319458,4192
9.07810000000149,11.7,1,19.750774750846745,15.015015015014933,20.040080160320787,50.83000000000002,66.60000000000036,20,0.07500000037252903,0.44499999955296515,7.105000000447035,,666,37766,0,0,345,2,8,1116,914,58,3,1,0,0,0,0,19,0,0,0,33.28015613555908,52.32349872589111,4192
10.095300000004471,15.65,1,20.50152550159749,19.960079840319217,30.030030030029046,49.164999999999964,50.100000000000364,20,0.07999999970197677,0.4450000002980232,6.780000000074506,,666,37766,0,0,345,2,8,1116,914,58,3,1,0,0,0,0,19,0,0,0,31.43679904937744,52.32349872589111,4192
11.08539999999851,19.65,1,20.50176588037,14.992503748126182,30.030030030029046,49.995000000000076,66.69999999999891,20,0.06500000022351742,0.4449999999254942,7.070000000298023,,666,37766,0,0,345,2,8,1116,914,58,3,1,0,0,0,0,19,0,0,0,28.81814479827881,52.32340145111084,4192
12.0885,23.15,1,18.440328760842327,4.997501249375303,20.040080160320787,61.456249999999955,200.10000000000036,16,0.23125000204890966,0.9687499981373549,9.275000000372529,,684,41938,0,0,362,4,13,1226,1008,58,3,1,0,2,0,10,19,10,0,3,20.01409339904785,53.15841484069824,4192
13.07230000000447,27.1,1,19.47619783811059,14.992503748126182,20.040080160320787,51.74736842105267,66.69999999999891,19,0.08421052600208082,0.6578947364499694,7.5473684209742045,,684,41938,0,0,362,4,13,1226,1008,58,3,1,0,2,0,10,19,10,0,7,32.36704730987549,53.40853214263916,4192
14.07130000000447,31.1,1,18.444853447560476,12.019230769230663,20.040080160320056,55.55555555555556,83.20000000000073,18,0.12222222197386953,0.8666666667494509,7.816666667246157,,690,48196,0,0,365,7,13,1250,1020,58,3,1,0,5,0,22,19,22,0,10,26.017949104309082,53.67684268951416,4192
15.05370000000298,35.15,2,18.055150487294423,14.992503748125774,20.040080160320056,56.48333333333338,66.70000000000073,18,0.15555555621782938,2.0555555555555554,7.60555555505885,,700,58626,0,0,370,12,13,1960,1586,92,3,1,0,10,0,42,34,44,0,7,27.937728881835938,56.89849090576172,4192
16.06580000000447,39.2,2,17.059720149968,14.992503748125774,20.04008016032152,59.79999999999991,66.70000000000073,17,0.15294117699651158,1.5058823530288303,8.141176469624043,,710,69056,0,0,375,17,13,1988,1569,109,3,1,0,15,0,58,36,62,0,10,32.70536708831787,56.85146236419678,4192
17.09139999999851,43.1,2,16.87704071514046,14.992503748125774,20.040080160320056,60.41249999999991,66.70000000000073,16,0.14375000074505806,1.1937499991618097,7.83750000083819,,727,73824,0,0,390,19,13,2080,1651,109,3,1,0,17,0,62,36,65,0,15,38.31197643280029,58.07187557220459,4192
18.06370000000298,47.15,2,16.162601983349482,8.568980291345277,20.040080160320056,64.58125000000018,116.70000000000073,16,0.16249999962747097,1.275000000372529,8.53125,,800,64896,0,0,505,34,13,2112,1660,116,3,1,1,11,7,78,36,80,0,8,43.33128547668457,62.10258674621582,4192
19.0935,51.05,2,16.56518868015315,14.970059880239685,20.04008016032152,61.456249999999955,66.79999999999927,16,0.1812500017695129,1.1187499994412065,9.074999999720603,,798,62512,0,0,506,35,13,2102,1655,116,3,1,1,10,7,73,36,75,0,7,30.88038444519043,90.10869026184082,4192
20.07370000000298,55.2,2,16.765165511563755,14.970059880239685,20.040080160320056,60.78235294117643,66.79999999999927,17,0.14705882265287287,1.194117648198324,8.476470587446409,,800,66650,0,0,509,38,13,2124,1666,116,3,1,1,11,7,84,36,87,0,17,53.10859489440918,90.13310432434082,4192
21.107700000002982,59.1,2,16.688912396790084,12.004801920767887,20.04008016032152,61.456249999999955,83.30000000000291,16,0.13750000018626451,1.1437499998137355,8.600000000093132,,785,64266,0,0,510,39,13,2110,1659,116,3,1,1,10,7,77,36,80,0,12,39.77551460266113,90.13920783996582,4192
22.10239999999851,63.25,3,14.905104439219137,8.568980291345277,20,70,116.70000000000073,15,0.17999999970197678,2.1600000003973645,9.566666667163371,,859,74734,0,0,597,46,13,2447,1933,122,3,1,1,14,8,104,40,112,0,7,33.46279335021973,92.66129493713379,4192
23.15680000000447,66.95,3,11.68319263510067,7.496251874063091,15.015015015014523,89.39090909090902,133.39999999999782,11,0.15454545549371027,3.127272725782611,10.736363637176426,,840,87946,0,0,599,52,13,2581,2015,141,3,1,1,18,8,113,44,125,0,2,58.791786193847656,92.94397735595703,4192
24.13230000000447,70.7,3,15.000548300515037,14.97005988023887,15.015015015015344,66.66428571428592,66.80000000000291,14,0.16428571407284057,1.6142857143921512,8.892857142857142,,844,90066,0,0,604,57,13,2599,2024,141,3,1,1,20,8,122,44,131,0,5,41.32883071899414,95.18468475341797,4192
25.06989999999851,74.75,3,14.801368516597243,11.990407673861226,15.015015015015344,67.77333333333324,83.39999999999782,15,0.16666666517655054,1.6666666666666667,8.933333333830038,,863,93070,0,0,648,59,13,2635,2057,145,3,1,1,18,9,115,45,122,0,4,58.86026382446289,95.30655288696289,4192
26.08210000000149,78.8,3,14.801377523401309,11.990407673861226,15.037593984962406,67.77333333333324,83.39999999999782,15,0.17333333392937977,1.566666665673256,8.653333332637946,,854,92576,0,0,641,63,13,2640,2054,145,3,1,1,19,9,123,45,130,0,13,43.63260364532471,95.83359622955322,4192
27.10860000000149,82.95,3,14.599607681086875,12.004801920767887,15.015015015015344,68.88666666666686,83.30000000000291,15,0.18666666746139526,1.7000000004967053,9.113333334525427,,854,87246,0,0,832,81,13,2640,2088,151,3,1,2,14,10,71,47,117,0,4,31.50030517578125,96.02275466918945,4192
28.157,86.65,3,15.143206568988287,12.004801920768411,20,66.66428571428567,83.29999999999927,14,0.15714285842009953,1.6428571401962213,8.82142857249294,,843,80694,0,0,835,85,13,2686,2118,158,3,1,2,15,10,68,49,77,0,3,48.53166198730469,97.05534362792969,4192
29.07070000000298,90.8,3,15.625475550513045,14.992503748125774,20,64.58124999999995,66.70000000000073,16,0.11875000083819032,1.268749998882413,8.899999999906868,,841,80660,0,0,837,87,13,2699,2135,161,3,1,2,14,10,55,50,63,0,3,37.43328857421875,98.10030746459961,4192
30.1055,94.8,4,14.285913206835883,11.990407673860702,20,71.42857142857143,83.40000000000146,14,0.13571428614003317,2.721428571535008,9.735714285501412,,955,86020,0,0,970,96,14,3307,2615,185,3,1,2,22,13,87,58,67,0,8,39.42837905883789,100.07709121704102,4192
31.10810000000149,98.75,4,14.358270159380236,11.990407673860702,15.015015015015344,70.2357142857145,83.40000000000146,14,0.1499999990420682,1.507142857249294,9.807142857994352,,902,84172,0,0,943,96,14,3171,2490,188,3,1,2,18,13,73,58,56,0,14,54.731929779052734,101.88333511352539,4192
32.09030000000447,102.85,4,14.733638877763733,12.004801920767887,19.960079840319942,68.87999999999981,83.30000000000291,15,0.14666666686534882,1.606666665772597,9.753333334624767,,887,72388,0,0,947,100,14,3203,2512,191,3,1,2,17,13,77,59,59,0,15,40.49552917480469,102.76985168457031,4192
33.12839999999851,106.8,4,15.467538425654642,11.990407673860702,20,65.55333333333353,83.40000000000146,15,0.15333333412806194,1.7866666669646898,9.266666666666667,,900,70932,0,0,949,102,14,3257,2561,196,3,1,2,17,13,70,61,57,0,9,39.750905990600586,99.8989200592041,4192
34.0955,110.85,4,15.937364454334535,14.97005988023887,20,63.53749999999991,66.80000000000291,16,0.13125000009313226,1.6375000006519258,8.975000000093132,,902,79226,0,0,954,107,14,3300,2594,202,3,1,2,19,13,72,63,72,0,7,61.21715831756592,100.13174343109131,4192
35.1245,114.95,4,14.799867765471344,11.990407673860702,15.015015015015344,67.7799999999998,83.40000000000146,15,0.1400000015894572,1.5199999998013178,9.37333333293597,,887,81412,0,0,956,109,14,3303,2596,208,3,1,2,19,13,61,65,66,0,4,47.80551052093506,100.30531978607178,4192
36.13070000000298,118.75,4,14.78771600005945,11.990407673860702,15.015015015015344,67.85000000000011,83.40000000000146,14,0.15714285682354653,1.4785714287843024,9.2142857148179,,887,89918,0,0,961,114,14,3339,2627,212,3,1,2,19,13,56,66,66,0,11,61.72126388549805,100.44422149658203,4192
37.09139999999851,122.75,5,15.13433996035987,12.004801920768937,20.040080160320056,66.66666666666667,83.29999999999563,15,0.1600000003973643,1.9666666661699612,9.593333334227403,,1014,84568,0,0,1342,125,14,3755,2972,227,3,1,3,6,16,54,73,48,0,6,58.19104480743408,101.31693363189697,4192
38.09780000000447,126.8,5,16.187799775055172,12.004801920767887,20.040080160320056,63.54374999999982,83.30000000000291,16,0.14375000074505806,2.3624999998137355,9.687499999534339,,937,55574,0,0,1324,130,14,3959,3101,255,3,1,3,9,17,58,79,39,0,10,63.56605625152588,102.49009037017822,4192
39.1015,130.8,5,16.255028304173287,14.97005988023887,20.04008016032298,62.48750000000018,66.80000000000291,16,0.13750000018626451,1.7687500002793968,9.806249999441206,,982,59040,0,0,1418,135,14,4066,3190,265,3,1,3,6,19,57,82,48,0,16,56.20148181915283,105.15949726104736,4192
40.10089999999851,134.85,5,15.938448297696324,14.992503748124955,20,63.53749999999991,66.70000000000437,16,0.38124999962747097,1.5812499998137355,9.63749999832362,,939,63816,0,0,1396,140,14,4100,3208,271,3,1,3,7,19,57,84,51,0,2,46.62821674346924,105.88779163360596,4192
41.11289999999851,138.65,5,15.000011246005014,10,20,67.85714285714286,100,14,0.14285714338932717,1.6214285705770766,11.685714285820723,,970,66886,0,0,1433,143,14,4143,3248,277,3,1,3,6,20,49,86,47,0,7,52.18331527709961,104.2606430053711,4192
42.06710000000149,142.8,5,15.622980540532986,14.992503748124955,20,64.58750000000009,66.70000000000437,16,0.1562499995343387,1.737500000745058,9.756249999627471,,971,68254,0,0,1482,152,14,4239,3324,289,3,1,3,5,21,44,89,54,0,7,44.677085876464844,104.63525009155273,4192
43.10230000000447,146.85,5,16.06487963319521,11.990407673860702,20.040080160320056,63.53749999999991,83.40000000000146,16,0.13125000009313226,1.400000000372529,10.200000000186265,,955,57912,0,0,1474,156,14,4220,3311,291,3,1,3,3,21,30,90,39,0,2,64.02378845214844,104.74356842041016,4192
44.1045,150.65,5,17.191111499159668,14.9700598802405,20.040080160320056,59.36875000000009,66.79999999999563,16,0.11875000083819032,1.325000001117587,9.649999998975545,,942,48810,0,0,1477,159,14,4246,3335,294,3,1,3,3,21,23,91,30,0,4,51.14411926269531,104.8478889465332,4192
45.066,154.65,6,16.246745691859495,14.992503748126591,20,62.5,66.69999999999709,16,0.14999999944120646,2.2500000004656613,10.168749999254942,,1046,52554,0,0,1620,166,14,4758,3756,311,3,1,3,6,22,37,98,23,0,4,57.19211292266846,106.31474781036377,4192
46.06460000000149,158.85,6,15.313605090610357,14.992503748124955,20.040080160320056,65.625,66.70000000000437,16,0.1812500017695129,2.1375000001862645,10.82499999878928,,1000,66466,0,0,1972,184,14,4901,3835,335,3,1,4,6,22,49,105,59,0,0,59.72611427307129,108.73023796081543,4192
47.122,162.7,6,15.667673670672194,14.992503748124955,20,64.4399999999999,66.70000000000437,15,0.16000000139077505,1.6399999991059304,9.859999999900658,,977,67482,0,0,1960,188,14,4881,3815,340,3,1,4,5,22,40,106,47,0,1,47.11226844787598,110.65569496154785,4192
48.08630000000447,166.75,6,15.938454066295261,14.992503748124955,20.04008016032298,63.53749999999991,66.70000000000437,16,0.13125000102445483,1.5874999989755452,9.77500000083819,,957,51240,0,0,1995,192,14,4982,3901,354,3,1,4,2,23,19,110,24,0,1,70.27983665466309,111.80469703674316,4192
49.09480000000447,170.65,6,16.875952659340896,14.992503748124955,20.040080160320056,60.412500000000364,66.70000000000437,16,0.13749999878928065,1.1625000010244548,10.206250000279397,,952,45198,0,0,1996,193,14,4970,3895,354,3,1,4,0,23,13,110,18,0,0,61.23807430267334,109.43800640106201,4192
50.06189999999851,174.75,6,16.763827942944346,14.992503748124955,20,60.78823529411731,66.70000000000437,17,0.15882352914880304,1.1705882352064638,9.576470588498255,,957,51240,0,0,2000,197,14,4978,3899,354,3,1,4,2,23,17,110,22,0,3,49.42257213592529,109.45997905731201,4192
51.08910000000149,178.85,6,17.06310185897455,14.992503748124955,20.040080160320056,59.794117647058826,66.70000000000437,17,0.11764705970006831,1.064705882440595,9.76470588322948,,939,42964,0,0,2000,197,14,4994,3920,356,3,1,4,0,23,4,111,4,0,0,38.54764938354492,109.54929733276367,4192
52.10770000000298,182.65,7,17.18751422090246,14.992503748124955,20.040080160320056,59.375,66.70000000000437,16,0.11250000027939677,1.5000000004656613,10.249999999068677,,1029,52130,0,0,2101,202,14,5241,4132,353,3,1,4,3,23,24,112,17,0,5,63.13785171508789,110.14417266845703,4192
53.07820000000298,186.85,7,15.311427422850254,14.9700598802405,19.960079840319942,65.625,66.79999999999563,16,0.1875000004656613,2.4687499995343387,10.643749998882413,,1034,69176,0,0,2155,212,14,5560,4341,387,3,1,4,9,25,50,121,42,0,2,72.02786254882812,111.47171401977539,4192
54.12730000000447,190.7,7,14.714211573200421,12.004801920767887,20,69.04285714285756,83.30000000000291,14,0.17142857238650322,2.3428571426442693,10.564285713647093,,1050,64552,0,0,2237,220,14,5857,4583,413,3,1,4,6,27,39,129,48,0,1,65.24398803710938,112.23532485961914,4192
55.0785,194.65,7,15.466382326068842,11.990407673860702,20,65.55333333333304,83.40000000000146,15,0.17333333442608514,1.839999998609225,10.65999999990066,,1049,66204,0,0,2250,224,14,5858,4574,423,3,1,4,4,28,21,132,34,0,1,54.68071746826172,114.02261352539062,4192
56.068,198.75,7,15.624387494713453,14.992503748124955,20,64.58125000000018,66.70000000000437,16,0.14375000167638063,1.5,10.35624999878928,,916,46336,0,0,2530,233,14,5904,4622,422,3,1,5,2,19,8,134,15,0,2,77.00709342956543,114.75141334533691,4192
57.08860000000149,202.7,7,17.64751712854814,14.9700598802405,20.040080160320056,57.84117647058798,66.79999999999563,17,0.13529411747175105,1.0411764712018126,10.023529412553591,,898,42164,0,0,2530,233,14,5888,4614,422,3,1,5,0,19,0,134,2,0,0,65.89064598083496,115.72748756408691,4192
58.0805,206.7,7,17.352240059787455,14.992503748124955,20.040080160320056,58.81764705882362,66.70000000000437,17,0.11176470579469905,1.1764705886735636,9.99999999956173,,918,50474,0,0,2534,237,14,5910,4625,422,3,1,5,3,19,11,134,17,0,1,54.63100242614746,115.75068092346191,4192
59.08330000000447,210.75,7,17.05839992244527,14.97005988023887,20.04008016032298,59.80588235294143,66.80000000000291,17,0.11764705970006831,1.0647058815640562,9.805882353993024,,912,50372,0,0,2534,237,14,5890,4615,422,3,1,5,0,19,1,134,3,0,0,74.32026863098145,115.74213600158691,4192
60.09989999999851,214.85,8,16.064376531884108,12.004801920767887,20.04008016032298,63.53749999999991,83.30000000000291,16,0.20000000251457095,3.0312499995343387,10.906249999068677,,1005,60530,0,0,2669,248,14,6722,5280,454,3,1,5,10,20,50,146,36,0,7,75.32640838623047,115.14347457885742,4192
61.12089999999851,218.7,8,14.572120991900311,12.004801920767887,15.015015015015344,69.04285714285705,83.30000000000291,14,0.21428571428571427,2.67857142750706,11.17142857185432,,979,81110,0,0,2654,258,14,6761,5265,476,3,1,5,13,20,53,153,67,0,3,72.0389518737793,115.94549560546875,4192
62.09110000000149,222.85,8,14.600687643647388,11.990407673861748,15.015015015015344,68.88666666666686,83.39999999999418,15,0.20666666527589161,2.480000000198682,10.813333333532016,,988,83670,0,0,2704,265,14,6980,5444,501,3,1,5,6,21,27,160,41,0,3,68.55493545532227,118.62431716918945,4192
63.1315,226.75,8,15.465836698136536,12.004801920767887,20,65.55333333333353,83.30000000000291,15,0.1733333334326744,1.773333332935969,11.099999999503295,,970,56100,0,0,2695,268,14,7094,5542,511,3,1,5,3,21,9,164,14,0,0,56.631996154785156,120.24798965454102,4192
64.09410000000149,230.85,8,16.064879633195357,11.990407673861748,20.04008016032298,63.537499999999454,83.39999999999418,16,0.1562500004656613,1.506249999627471,10.70625000121072,,942,49132,0,0,2698,271,14,7081,5528,514,3,1,5,2,21,7,164,15,0,1,75.01710224151611,120.74338626861572,4192
65.10870000000298,234.65,8,16.132011120731082,12.004801920767887,20,63.333333333333336,83.30000000000291,15,0.14666666835546494,1.233333332836628,11.539999999602635,,1216,48276,0,0,3308,271,14,7075,5501,538,3,1,1,0,45,4,164,7,0,0,60.20392417907715,121.24369621276855,4192
66.073,238.7,8,14.799335617339592,12.004801920767887,15.015015015016983,67.7799999999998,83.30000000000291,15,0.14000000009934108,1.3333333343267442,11.966666666169962,,1230,56484,0,0,3312,275,14,7077,5502,538,3,1,1,0,45,5,164,11,0,0,74.4597110748291,122.51078605651855,4192
67.08239999999851,242.7,9,15.001508254881434,14.99250374812332,15.015015015016983,66.66000000000058,66.70000000001164,15,0.1533333331346512,1.959999999900659,12.233333332339923,,1327,52478,0,0,3462,278,14,7502,5889,534,3,1,1,2,45,15,167,5,0,1,70.09863471984863,123.55432319641113,4192
68.10010000000149,246.6,9,13.463246050284587,10.010010010010593,15.037593984962406,75.63846153846177,99.89999999999418,13,0.19230769230769232,3.4769230771523256,14.646153846039223,,1311,63012,0,0,3519,286,14,7672,5956,573,3,1,1,5,48,32,176,32,0,5,72.0240650177002,129.43788719177246,4192
69.07789999999851,250.8,9,13.50200261504641,11.990407673859655,15.015015015016983,74.99285714285672,83.40000000000873,14,0.17142857078995025,2.814285713114909,14.585714286459345,,1370,53716,0,0,3685,293,14,8077,6273,611,3,1,1,0,53,15,188,28,0,2,57.58665084838867,125.33808517456055,4192
70.13170000000298,254.75,9,14.35607761038938,11.990407673861748,15.015015015016983,70.24285714285672,83.39999999999418,14,0.19285714307001658,2.0499999996806895,14.021428571747881,,1344,54834,0,0,3714,296,14,8241,6392,630,3,1,1,1,54,14,192,17,0,3,76.43563461303711,126.10360336303711,4192
71.11530000000447,258.7,9,14.144862907715648,11.990407673859655,15.037593984962406,71.42142857142919,83.40000000000873,14,0.11428571492433548,1.6285714283585548,12.907142857355732,,1344,51086,0,0,3751,299,14,8222,6378,634,3,1,1,0,55,4,193,6,0,0,58.11616897583008,126.2236099243164,4192
72.10530000000448,262.6,9,14.570517858479917,12.004801920767887,15.015015015016983,69.0499999999998,83.30000000000291,14,0.1714285702577659,1.4642857158822673,12.621428571109261,,1355,58992,0,0,3752,303,14,8231,6380,635,3,1,1,1,55,10,193,17,0,2,68.58349990844727,126.25040435791016,4192
73.07610000000149,266.8,9,14.401507521823618,11.990407673859655,15.015015015016983,69.99333333333294,83.40000000000873,15,0.1600000003973643,1.2333333333333334,13.140000000099342,,1339,50750,0,0,3752,303,14,8211,6370,635,3,1,1,0,55,0,193,0,0,0,80.91809940338135,126.23582172393799,4192
74.15639999999851,270.65,9,13.692298151150881,10.010010010009134,15.015015015013702,74.3538461538466,99.90000000000873,13,0.15384615269991067,1.5307692312277281,14.046153845695349,,955,51234,0,0,3960,310,14,8223,6409,602,3,1,2,3,22,6,193,16,0,2,57.1561222076416,126.25908088684082,4192
75.07560000000149,274.8,10,15.749217692065333,12.004801920767887,20,64.58125000000018,83.30000000000291,16,0.1875,3.4249999998137355,11.887499999720603,,1083,58744,0,0,4177,319,14,9151,7174,633,3,1,2,8,25,34,208,23,0,3,83.12804985046387,129.0142116546631,4192
76.12410000000149,278.7,10,14.358265345165758,11.990407673859655,15.015015015016983,70.2357142857145,83.40000000000873,14,0.2071428575686046,3.2071428559720516,12.264285715030772,,1040,79924,0,0,4142,331,14,9496,7410,680,3,1,2,13,25,36,220,44,0,2,84.84963417053223,134.1497859954834,4192
77.10980000000447,282.7,10,14.144283098856038,11.990407673859655,15.015015015016983,71.42142857142815,83.40000000000873,14,0.20714285810078895,2.9214285718543187,12.22142857047064,,1078,85712,0,0,4195,338,14,9666,7525,708,3,1,2,10,26,14,228,20,0,1,79.60298347473145,137.67789268493652,4192
78.11460000000149,286.65,10,14.357690372238652,11.990407673861748,15.015015015016983,70.2357142857145,83.39999999999418,14,0.242857142750706,1.9928571432828903,12.685714285820723,,1018,54782,0,0,4184,342,14,9693,7541,717,3,1,2,3,26,7,230,19,0,2,68.64311504364014,138.21185970306396,4192
79.08539999999851,290.7,10,15.939237436191048,14.970059880242129,20.040080160317135,63.54374999999982,66.79999999998836,16,0.12499999953433871,1.4812500001862645,11.668749999720603,,999,52264,0,0,4185,343,14,9668,7523,717,3,1,2,0,26,0,230,1,0,0,81.58176803588867,134.04209518432617,4192
80.09830000000447,294.75,10,15.939542122094455,14.99250374812332,20.040080160317135,63.537500000000364,66.70000000001164,16,0.15624999906867743,1.5125000001862645,12.062500000931323,,1003,50280,0,0,4188,346,14,9672,7525,717,3,1,2,2,26,2,230,10,0,0,66.69205093383789,134.06040573120117,4192
81.11070000000298,298.75,10,16.250005627816723,14.99250374812332,20,62.5,66.70000000001164,16,0.13749999972060323,1.3437500004656613,11.206250000279397,,985,44056,0,0,4189,347,14,9668,7523,717,3,1,2,0,26,0,230,0,0,0,83.80889129638672,134.06406784057617,4192
82.1045,302.7,11,16.565479153579,14.99250374812332,20.04008016032298,61.44999999999982,66.70000000001164,16,0.21875000093132257,2.6437500002793968,11.649999998975545,,1162,56248,0,0,4387,354,14,10160,7965,706,3,1,2,6,27,23,233,11,0,3,90.21309661865234,135.83291625976562,4192
83.11770000000298,306.65,11,14.356657397530878,11.990407673861748,15.015015015013702,70.24285714285672,83.39999999999418,14,0.22142857206719263,3.2928571424313953,12.66428571513721,,1071,69850,0,0,4366,362,14,10316,8007,751,3,1,2,9,28,52,241,40,0,3,96.33807373046875,137.12291717529297,4192
84.08480000000446,310.7,11,13.00157563430393,10,15.015015015016983,78.20000000000044,100,13,0.2461538458099732,2.9076923080361805,14.669230769460018,,1489,87096,0,0,5175,379,14,10536,8141,806,3,1,3,9,62,48,248,67,0,9,88.97215843200684,137.70483207702637,4192
85.12039999999851,314.55,11,12.500356067639649,11.990407673859655,14.992503748126591,80.54999999999927,83.40000000000873,12,0.23333333432674408,3.499999998137355,14.516666668156782,,1561,72636,0,0,5349,388,14,10834,8388,831,3,1,3,0,66,27,256,45,0,1,79.62717628479004,140.88722038269043,4192
86.0965,318.55,11,13.154067376952955,11.990407673859655,15.015015015013702,76.92307692307692,83.40000000000873,13,0.2538461559093915,2.5692307679699016,14.484615383813015,,1534,67482,0,0,5350,396,14,10961,8478,850,3,1,3,2,67,19,261,36,0,0,97.48124504089355,142.73169898986816,4192
87.08380000000447,322.75,11,13.4996907522343,11.990407673861748,15.015015015013702,74.99285714285777,83.39999999999418,14,0.17857142963579722,1.8642857143921512,14.428571428571429,,1513,55046,0,0,5392,396,14,10986,8502,858,3,1,3,0,68,0,263,5,0,0,80.28545570373535,145.20355415344238,4192
88.125,326.55,11,13.845751528944277,11.990407673861748,15.015015015013702,73.07692307692308,83.39999999999418,13,0.1923076917345707,1.6923076934539354,14.6461538454661,,1518,60708,0,0,5384,399,14,11025,8529,860,3,1,3,1,68,4,264,8,0,0,88.70614814758301,145.76338005065918,4192
89.08680000000447,330.7,11,13.572655653043702,10,15.015015015016983,74.99285714285672,100,14,0.16428571407284057,1.5,15.292857144027948,,1502,54518,0,0,5384,399,14,11014,8521,861,3,1,3,0,68,0,264,2,0,0,92.83792781829834,145.28237056732178,4192
90.12560000000148,334.55,12,12.584140332096068,10,15.015015015013702,80.55000000000048,100,12,0.26666666753590107,4.641666666915019,16.84166666616996,,1773,77706,0,0,5775,410,14,11923,9276,889,3,1,3,9,73,48,275,36,0,3,79.04192352294922,145.0605926513672,4192
91.12320000000298,338.65,12,11.667071372248317,9.990009990010861,12.004801920767887,86.10833333333358,100.09999999999127,12,0.3250000017384688,4.566666665797432,16.86666666654249,,1757,74014,0,0,5958,423,14,12274,9510,939,3,1,3,1,79,35,289,50,0,1,87.8831672668457,147.3563003540039,4192
92.1485,342.55,12,12.251536989906539,11.990407673859655,15.037593984962406,81.9416666666657,83.40000000000873,12,0.2583333334575097,2.8666666665424905,16.008333332836628,,1692,71022,0,0,5967,429,14,12307,9509,965,3,1,3,1,80,15,295,33,0,1,104.09372425079346,150.83232593536377,4192
93.1191000000015,346.65,12,12.924236313267167,11.990407673859655,15.015015015013702,78.20000000000044,83.40000000000873,13,0.1769230761207067,1.9769230760060823,16.246153848675583,,1512,55626,0,0,6845,429,14,12382,9583,963,3,1,4,0,69,0,298,0,0,0,89.0510082244873,153.44662284851074,4192
94.13280000000447,350.5,12,13.614821061693318,11.990407673859655,15.015015015016983,74.36153846153823,83.40000000000873,13,0.23076923134235236,1.7307692313423524,15.569230769116144,,1526,59730,0,0,6847,431,14,12373,9570,964,3,1,4,0,69,3,298,9,0,1,97.74608039855957,155.24047660827637,4192
95.1073999999985,354.7,12,13.500976797227707,11.990407673861748,15.015015015016983,75,83.39999999999418,14,0.1785714291036129,1.5928571431764535,14.664285714072841,,1512,55626,0,0,6847,431,14,12367,9567,964,3,1,4,0,69,0,298,0,0,0,107.3950023651123,155.22033500671387,4192
96.13820000000298,358.5,12,13.848724090966869,11.990407673861748,15.015015015013702,73.06923076923144,83.39999999999418,13,0.17692307669382829,1.67692307726695,14.269230768657648,,1528,57712,0,0,6848,432,14,12377,9572,964,3,1,4,1,69,5,298,7,0,1,113.75576210021973,155.22277641296387,4192
97.097,362.65,13,13.71598720403128,11.990407673859655,15.015015015016983,73.80714285714203,83.40000000000873,14,0.15714285735573089,3.0571428574621677,15.157142857355732,,1781,65262,0,0,7181,435,14,12931,10085,954,3,1,4,3,71,16,302,1,0,3,114.77328681945801,157.30824089050293,4192
98.1666000000015,366.35,13,11.598343186428778,8.576329331046955,15.015015015016983,87.8727272727278,116.59999999999127,11,0.3181818202137947,4.9272727248343555,18.60000000216744,,1651,74680,0,0,7191,447,14,13260,10252,1014,3,1,4,10,74,39,315,31,0,3,101.93344402313232,156.23166179656982,4192
99.11139999999851,370.4,13,11.834136532310694,10,12.004801920767887,84.71666666666715,100,12,0.2833333344509204,3.7999999995032945,17.716666666790843,,1669,67996,0,0,7331,457,14,13481,10435,1038,3,1,4,0,76,22,322,30,0,0,100.02419567108154,164.15246486663818,4192
100.12,374.3,13,12.498482861852844,11.990407673861748,14.992503748126591,80.5583333333331,83.39999999999418,12,0.2333333349476258,2.8999999997516475,16.558333332339924,,1631,64614,0,0,7362,462,14,13654,10555,1062,3,1,4,1,77,13,329,26,0,2,116.2809066772461,164.904052734375,4192
101.08180000000446,378.4,13,12.692684121521815,11.990407673859655,15.015015015016983,79.48461538461561,83.40000000000873,13,0.20000000126086748,2.3923076924223166,16.876923077954697,,1627,58618,0,0,7396,464,14,13823,10692,1079,3,1,4,0,78,0,334,0,0,0,100.58212280273438,165.33532333374023,4192
102.1155,382.5,13,12.923611927114763,11.990407673859655,15.015015015013702,78.19999999999933,83.40000000000873,13,0.22307692410854194,1.869230768428399,15.869230770720886,,1627,58618,0,0,7398,466,14,13806,10672,1081,3,1,4,0,78,1,334,4,0,0,108.0646743774414,165.37456130981445,4192
103.1345,386.5,13,14.142670337006617,11.990407673859655,15.015015015013702,71.42857142857143,83.40000000000873,14,0.19285714253783226,1.6857142863529069,14.857142857675042,,1218,50574,0,0,7948,466,14,13804,10705,1047,3,1,5,0,44,0,334,0,0,0,120.81144142150879,165.37460899353027,4192
104.12870000000298,390.35,13,14.572700779041819,11.990407673859655,15.015015015016983,69.04285714285756,83.40000000000873,14,0.1714285702577659,1.8500000004257475,13.978571428252119,,1232,58782,0,0,7952,470,14,13804,10705,1047,3,1,5,0,44,0,334,8,0,0,100.59539222717285,165.38559532165527,4192
105.093,394.2,14,13.692491323988488,9.990009990010861,15.015015015016983,74.36153846153823,100.09999999999127,13,0.29230769322468686,4.899999999656127,16.099999999197628,,1449,61570,0,0,8393,476,14,14839,11599,1073,3,1,5,5,48,29,345,12,0,3,131.35869026184082,170.4291934967041,4192
106.0831000000015,398.55,14,13.071389914329743,11.990407673859655,15.015015015013702,77.37857142857163,83.40000000000873,14,0.27142857228006634,4.235714283904859,16.59285714424082,,1396,76148,0,0,8387,490,14,15157,11786,1116,3,1,5,11,49,31,360,25,0,1,119.76579856872559,181.15211296081543,4192
107.15560000000148,402.45,14,12.251378031896833,11.990407673859655,14.99250374812332,81.9333333333331,83.40000000000873,12,0.25,3.4333333329608045,16.716666666790843,,1360,71148,0,0,8444,500,14,15224,11808,1153,3,1,5,0,51,4,368,14,0,0,143.47932243347168,184.63952445983887,4192
108.12610000000149,406.4,14,13.385617045817993,11.990407673859655,15.015015015016983,75.63846153846177,83.40000000000873,13,0.48461538553237915,3.407692307463059,15.63846153823229,,1323,61386,0,0,8437,504,14,15281,11844,1162,3,1,5,0,51,4,370,10,0,0,117.4686803817749,176.62128734588623,4192
109.114,410.45,14,13.928690562236543,11.990407673861748,15.015015015013702,72.61428571428509,83.39999999999418,14,0.18571428741727555,1.842857142644269,15.028571427932807,,1309,53178,0,0,8437,504,14,15262,11828,1162,3,1,5,0,51,2,370,0,0,0,96.67674255371094,176.57256317138672,4192
110.11980000000447,414.45,14,14.142675151221011,11.990407673861748,15.015015015016983,71.42857142857143,83.39999999999418,14,0.22142857047063963,1.9142857140728406,15.128571430487293,,1325,59368,0,0,8440,507,14,15252,11820,1162,3,1,5,1,51,2,370,6,0,1,107.02090072631836,176.58477020263672,4192
111.119,418.45,14,14.143121181897897,12.004801920767887,15.015015015016983,71.42142857142919,83.30000000000291,14,0.20714285703642027,1.8357142864593439,15.385714285607849,,1309,53178,0,0,8441,508,14,15248,11818,1162,3,1,5,0,51,0,370,0,0,0,117.14323139190674,176.58849811553955,4192
112.123,422.25,15,13.923090849981223,10,15.015015015016983,73.07692307692308,100,13,0.23076923248859552,2.6461538460392218,17.55384615350228,,2081,73446,0,0,9814,510,14,15638,12146,1195,3,1,1,1,94,9,372,2,0,0,111.35493659973145,177.75766944885254,4192
113.11620000000298,426.35,15,10.546663039023572,9.990009990009408,12.01923076923119,95.45454545454545,100.10000000000582,11,0.4181818210265853,6.554545451294292,21.06363636458462,,2047,84890,0,0,9945,522,14,16054,12422,1234,3,1,1,6,96,37,382,25,0,0,112.79572868347168,181.33665657043457,4192
114.15910000000149,429.95,15,10.800923767310305,9.990009990009408,12.004801920769985,93.3300000000003,100.10000000000582,10,0.34000000134110453,5.060000000149012,20.709999999403955,,1983,83962,0,0,10033,534,14,16542,12783,1283,3,1,1,2,99,30,398,30,0,0,116.02242469787598,183.689058303833,4192
115.10130000000447,433.9,15,10.910365417622945,9.990009990010861,12.004801920769985,92.41818181818103,100.09999999999127,11,0.24545454572547565,3.127272727137262,20.418181818317283,,1955,68018,0,0,10098,540,14,16624,12841,1307,3,1,1,0,101,5,403,8,0,0,128.40586280822754,184.13799858093262,4192
116.10670000000297,438.15,15,11.167902913464461,10,12.004801920767887,90.26666666666642,100,12,0.26666666691501933,2.4333333329608045,19.949999999875825,,1935,67506,0,0,10099,543,14,16738,12931,1317,3,1,1,0,101,3,406,3,0,0,136.3913516998291,184.416597366333,4192
117.17360000000149,441.9,15,11.636366776926598,10,12.004801920769985,86.36363636363636,100,11,0.20909090814265338,2.20000000027093,19.57272727313367,,1947,67700,0,0,10130,543,14,16751,12933,1324,3,1,1,0,102,2,407,0,0,0,140.1651210784912,184.5267162322998,4192
118.13539999999851,445.85,15,11.089606253084256,9.990009990009408,12.004801920767887,90.91818181818235,100.10000000000582,11,0.25454545427452435,2.5,21.754545455629174,,1961,71804,0,0,10132,545,14,16780,12957,1326,3,1,1,0,102,1,408,9,0,0,107.51202297210693,178.99937343597412,4192
119.1355,449.6,15,11.456732338254012,10,12.01923076923119,87.86363636363636,100,11,0.22727272727272727,1.9454545439644293,19.627272727137264,,1947,67700,0,0,10132,545,14,16776,12953,1327,3,1,1,0,102,0,408,0,0,0,108.3116226196289,179.0264549255371,4192
120.1025,453.5,16,11.01300812424987,8.576329331045883,12.004801920767887,92.41818181818235,116.60000000000582,11,0.3000000004063953,5.54545454477722,20.81818181750449,,2235,79018,0,0,10507,551,14,17552,13630,1310,3,1,1,6,104,32,418,8,0,2,129.01790237426758,184.48675155639648,4192
121.13,457.35,16,10.000006000006,9.990009990010861,10.010010010009134,100,100.09999999999127,10,0.4799999989569187,6.2600000008940695,23.119999999552967,,2167,88882,0,0,10731,564,14,17982,13913,1383,3,1,1,4,106,31,431,23,0,1,148.1683168411255,187.64140796661377,4192
122.14039999999851,461.25,16,10.200480192076999,10,12.004801920769985,98.32999999999883,100,10,0.3399999998509884,5.039999999850989,22.679999999701977,,1385,92730,0,0,11425,584,14,18350,14237,1384,3,1,2,7,52,11,445,27,0,0,150.61401557922363,192.4256076812744,4192
123.09170000000299,465.4,16,12.462860904032688,11.990407673859655,15.015015015016983,80.76153846153913,83.40000000000873,13,0.3692307695746422,2.707692308494678,17.169230768886898,,1327,54440,0,0,11426,587,14,18366,14243,1393,3,1,2,0,52,0,447,0,0,0,138.098539352417,198.57608222961426,4192
124.1221000000015,469.25,16,13.844012046833317,11.990407673861748,15.015015015013702,73.08461538461471,83.39999999999418,13,0.2000000006877459,2.2230769223891773,17.653846153846153,,1341,56492,0,0,11427,588,14,18358,14231,1394,3,1,2,0,52,3,447,6,0,0,146.10366249084473,198.84344673156738,4192
125.0858999999985,473.2,16,13.154545056024006,11.990407673861748,15.015015015013702,76.91538461538529,83.39999999999418,13,0.19999999896838114,2.192307692880814,19.27692307646458,,1327,54440,0,0,11427,588,14,18352,14228,1394,3,1,2,0,52,0,447,0,0,0,131.5216474533081,196.69086742401123,4192
126.07980000000447,477.3,16,13.929850136519798,11.990407673859655,15.015015015016983,72.61428571428509,83.40000000000873,14,0.19285714307001658,2.2071428586329733,16.66428571407284,,1343,56526,0,0,11428,589,14,18356,14230,1394,3,1,2,1,52,2,447,2,0,0,135.50532817840576,190.35193920135498,4192
127.10860000000149,481.4,16,13.715407416889464,11.990407673859655,15.015015015016983,73.80714285714306,83.40000000000873,14,0.22857142771993363,2.4214285718543187,16.56428571364709,,1327,54440,0,0,11429,590,14,18352,14228,1394,3,1,2,0,52,0,447,0,0,0,114.80367660522461,190.60570526123047,4192
128.13830000000448,485.45,17,11.917555443692711,10,15.015015015016983,84.71666666666594,100,12,0.44166666828095913,8.008333333457509,19.524999999751646,,1440,61440,0,0,11756,603,14,19672,15341,1427,3,1,2,12,54,44,462,8,0,1,151.07612991333008,197.05847549438477,4192
129.1681000000015,489.15,17,11.818627788188046,10,12.019230769233292,84.84545454545614,100,11,0.3636363643136891,5.881818180734461,19.954545455900107,,1520,75564,0,0,11917,618,14,19930,15493,1489,3,1,2,9,57,11,481,14,0,1,142.1755599975586,201.88497161865234,4192
130.1026000000015,493.05,17,12.333965659240738,10,15.015015015013702,81.9416666666657,100,12,0.2833333338300387,3.3416666661699614,18.700000000496704,,1411,69180,0,0,11898,628,14,19958,15475,1515,3,1,2,1,57,4,486,7,0,1,158.32615280151367,205.27763748168945,4192
131.08170000000297,497.15,17,12.923134248043661,11.990407673861748,15.015015015013702,78.20769230769321,83.39999999999418,13,0.2076923084946779,2.3461538461538463,17.638461539378532,,1395,56834,0,0,11898,628,14,19936,15456,1516,3,1,2,0,57,0,486,0,0,0,167.56108570098877,206.55834293365479,4192
132.08330000000447,501.15,17,11.966088917335819,8.568980291344475,15.015015015013702,86.09999999999854,116.70000000001164,12,0.26666666629413766,2.3750000012417636,21.550000000124175,,2192,77534,0,0,13272,629,14,19940,15396,1578,3,1,3,1,119,2,486,8,0,0,147.17193794250488,207.54022026062012,4192
133.1451000000015,505.25,17,10.545862759446385,9.990009990009408,12.019230769229088,95.45454545454545,100.10000000000582,11,0.23636363717642697,2.3090909082781184,22.354545455087315,,2176,75448,0,0,13272,629,14,19936,15394,1578,3,1,3,0,119,0,486,0,0,0,149.60041999816895,210.29144096374512,4192
134.1893999999985,508.95,17,10.600447035389024,9.990009990009408,12.019230769233292,95,100.10000000000582,10,0.25,2.3200000002980232,22.67999999895692,,2176,75448,0,0,13272,629,14,19944,15398,1578,3,1,3,0,119,4,486,4,0,0,147.30569648742676,210.29632377624512,4192
135.1445,512.75,18,10.150709507350438,7.501875468866234,12.004801920765791,99.99000000000233,133.30000000001746,10,0.31000000014901163,5.779999999701976,24.28000000193715,,2480,84972,0,0,13718,632,14,20576,15994,1550,3,1,3,3,121,16,492,0,0,4,161.73126792907715,215.60094261169434,4192
136.2135,516.25,18,8.677842335414564,6.666666666666667,10.010010010010593,116.66666666666667,150,9,0.5222222217255168,9.933333335651291,29.255555554396576,,2384,85626,0,0,14010,646,14,21410,16585,1650,3,1,3,3,124,22,514,4,0,0,152.30223846435547,218.14404678344727,4192
137.214200000003,519.85,18,9.086460748034462,7.507507507508492,10,111.11111111111111,133.19999999998254,9,0.3777777776122093,5.34444444378217,26.944444444444443,,2367,82176,0,0,14226,653,14,21837,16881,1720,3,1,3,0,130,2,531,9,0,0,156.45598220825195,220.43164825439453,4192
138.1991000000015,523.35,18,9.84322225681832,8.568980291346612,10.010010010010593,101.83333333333333,116.69999999998254,9,0.2777777786056201,2.9888888887233205,25.57777777728107,,2337,80802,0,0,14233,653,14,21881,16896,1733,3,1,3,0,131,0,534,0,0,0,158.94733047485352,220.72919845581055,4192
139.12530000000447,527.25,18,9.713801316670317,8.561643835617291,10.010010010010593,103.33999999999942,116.79999999998836,10,0.2900000013411045,2.7100000001490114,24.729999999701977,,2337,80802,0,0,14235,655,14,21879,16893,1734,3,1,3,0,131,0,534,1,0,0,157.47825622558594,220.76838302612305,4192
140.14530000000448,531.1,18,9.857903030139507,8.568980291344475,10.010010010010593,101.66000000000058,116.70000000001164,10,0.3300000004470348,2.470000000298023,24.72999999895692,,2337,80802,0,0,14235,655,14,21879,16893,1734,3,1,3,0,131,0,534,0,0,0,154.69142532348633,220.75422286987305,4192
141.1613999999985,534.95,18,9.856904029140662,8.568980291346612,10.010010010010593,101.66999999999825,116.69999999998254,10,0.3200000002980232,2.480000001192093,24.64999999925494,,2337,80802,0,0,14235,655,14,21879,16893,1734,3,1,3,0,131,0,534,0,0,0,151.69205856323242,220.7543067932129,4192
142.176,538.45,18,9.683926625824549,8.568980291344475,10.010010010010593,103.68888888889018,116.70000000001164,9,0.3222222212288115,2.3888888905445733,26.57777777645323,,2265,78966,0,0,15585,655,14,21879,16898,1729,3,1,4,0,126,0,534,0,0,0,181.3896999359131,220.7543544769287,4192
143.1066000000015,542.3,19,10.056941797523681,8.568980291344475,11.990407673861748,100,116.70000000001164,10,0.31999999955296515,4.280000001192093,26.249999999254943,,2744,97536,0,0,16245,656,14,22421,17443,1704,3,1,4,1,126,8,535,0,0,1,176.21161460876465,222.81507301330566,4192
144.1688999999985,545.9,19,8.492481196134229,7.501875468866234,10,118.51111111111176,133.30000000001746,9,0.9111111097865634,10.0222222233812,28.57777777645323,,2405,90798,0,0,16191,669,14,22889,17720,1770,3,1,4,4,127,28,550,12,0,3,202.13316917419434,240.16979789733887,4192
145.2005,549.5,19,9.087136683172996,7.4962518740632955,10,111.11111111111111,133.39999999999418,9,0.47777777744664085,6.366666667163372,27.25555555605226,,2384,86652,0,0,16342,676,14,23462,18149,1831,3,1,4,0,130,12,569,14,0,1,202.8078212738037,250.5614719390869,4192
146.1915,553.05,19,9.087432346540686,7.4962518740632955,10.010010010010593,111.11111111111111,133.39999999999418,9,0.4333333323399226,6.233333333498901,26.555555556383396,,2368,84218,0,0,16457,676,14,23607,18248,1854,3,1,4,0,132,7,574,1,0,0,155.06300735473633,238.9216766357422,4192
147.19770000000298,556.55,19,9.52463099483093,8.568980291344475,10.010010010010593,105.5444444444438,116.70000000001164,9,0.36666666633552975,3.622222220732106,25.433333333995606,,2403,86448,0,0,16482,678,14,23725,18339,1862,3,1,4,0,133,5,578,6,0,1,157.50112915039062,239.50934600830078,4192
148.143200000003,560.5,19,9.572429992374756,8.568980291344475,10.010010010010593,104.98999999999941,116.70000000001164,10,0.3200000002980232,3.399999999254942,26.030000000447036,,2381,84078,0,0,16511,678,14,23933,18490,1887,3,1,4,0,134,2,584,0,0,0,165.64395904541016,240.1024627685547,4192
149.1998999999985,564.05,19,9.52351877149642,8.568980291344475,10.010010010010593,105.55555555555556,116.70000000001164,9,0.28888888988229966,2.788888888226615,25.7333333334989,,2381,84078,0,0,16511,678,14,23963,18516,1889,3,1,4,0,134,0,585,0,0,0,162.6644058227539,240.1401023864746,4192
150.13770000000298,568,19,9.571430991375697,8.568980291344475,10.010010010010593,105,116.70000000001164,10,0.2999999992549419,2.6700000002980233,25.340000000596046,,2381,84078,0,0,16511,678,14,23948,18500,1890,3,1,4,0,134,0,585,0,0,0,160.47599029541016,240.17095565795898,4192
151.18280000000448,571.6,19,9.682812180265833,8.568980291346612,10,103.69999999999871,116.69999999998254,9,0.2888888873987728,2.677777777943346,25.000000000827843,,2381,84078,0,0,16511,678,14,23948,18500,1890,3,1,4,0,134,0,585,0,0,0,154.84309482574463,240.15686130523682,4192
152.1228999999985,574.8,20,8.110345728911813,6.6711140760509595,9.990009990009408,124.98750000000291,149.89999999999418,8,1.3374999975785613,14.087500001303852,32.112499999813735,,2025,78464,0,0,18228,695,14,25267,19632,1900,3,1,5,8,99,36,603,3,0,2,186.22450828552246,248.5007038116455,4192
153.11880000000448,578.75,20,9.428329020510358,8.568980291344475,10.010010010010593,106.66999999999825,116.70000000001164,10,0.9700000002980232,7.670000000298023,26.38999999985099,,2169,90246,0,0,18546,709,14,25686,19902,1972,3,1,5,0,106,7,625,5,0,8,193.62570762634277,252.4639072418213,4192
154.1843999999985,582.5,20,10.200045768390815,9.990009990009408,11.990407673857565,98.33000000000175,100.10000000000582,10,0.45,3.9799999982118606,25.130000001192094,,2059,81590,0,0,18543,713,14,25709,19887,1992,3,1,5,0,107,7,628,4,0,10,203.43383598327637,252.90238761901855,4192
155.1641000000015,586.2,20,10.601444576234577,9.990009990009408,12.004801920769985,94.98999999999941,100.10000000000582,10,0.4,2.970000000298023,23.059999999403953,,2045,75434,0,0,18543,713,14,25709,19887,1992,3,1,5,0,107,7,628,0,0,10,204.3549747467041,254.65238761901855,4192
156.11870000000297,590.3,20,10.545057025318288,10,12.004801920769985,95.45454545454545,100,11,0.36363636363636365,3.1090909100391646,23.372727271508086,,2045,75434,0,0,18543,713,14,25784,19948,1996,3,1,5,0,107,6,630,0,0,8,207.297456741333,255.3262996673584,4192
157.1663999999985,593.95,20,10.601444576234575,9.990009990009408,12.004801920769985,94.98999999999941,100.10000000000582,10,0.3300000004470348,2.9999999992549418,23.859999998658896,,2045,75434,0,0,18543,713,14,25752,19922,1998,3,1,5,0,107,2,630,0,0,1,206.52440452575684,255.3574275970459,4192
158.11380000000446,598,20,10.545860941262749,9.990009990009408,12.019230769233292,95.45454545454545,100.10000000000582,11,0.33636363595724106,2.9909090914509515,23.53636363622817,,2045,75434,0,0,18543,713,14,25777,19942,2001,3,1,5,0,107,0,631,0,0,0,208.70993995666504,255.91331672668457,4192
159.16339999999852,601.65,20,10.601444576234575,9.990009990009408,12.004801920769985,94.98999999999941,100.10000000000582,10,0.30000000074505806,2.769999999552965,23.05,,2045,75434,0,0,18543,713,14,25777,19942,2001,3,1,5,0,107,0,631,0,0,0,207.50852012634277,255.91331672668457,4192
160.1218999999985,605.25,21,8.756193024089185,6.666666666666667,10,116.66666666666667,150,9,0.811111113263501,12.85555555505885,31.566666666004394,,2408,93574,0,0,19336,724,14,27465,21309,2082,3,1,5,2,112,36,661,14,0,16,196.27795314788818,259.5431318283081,4192
161.18930000000447,608.75,21,9.208030057383011,8.568980291344475,10.010010010010593,109.24444444444573,116.70000000001164,9,0.9222222235467699,7.422222221891086,27.155555553734303,,2164,79916,0,0,19250,728,14,27854,21565,2140,3,1,5,3,114,19,678,11,0,16,206.9420394897461,262.21310806274414,4192
162.15760000000148,612.65,21,9.856902029138661,8.568980291346612,10.010010010010593,101.66999999999825,116.69999999998254,10,0.5600000008940696,3.669999999552965,28.080000000447036,,2773,96842,0,0,20642,731,14,27876,21511,2205,3,1,1,3,160,10,682,0,0,16,192.9195680618286,262.72956943511963,4192
163.2123999999985,615.8,21,8.513157063018536,6.666666666666667,10.010010010007678,118.73750000000291,150,8,0.5250000013038516,3.2749999994412065,29.549999998882413,,2743,95850,0,0,20630,731,14,27851,21484,2207,3,1,1,3,160,10,682,0,0,17,217.62062644958496,262.69311332702637,4192
164.1485,619.4,21,8.452237924881082,7.4962518740632955,8.576329331045883,118.52222222222028,133.39999999999418,9,0.5444444459345605,3.222222220566538,30.066666666832234,,2743,95850,0,0,20630,731,14,27851,21484,2207,3,1,1,3,160,10,682,0,0,16,215.49676704406738,262.69311332702637,4192
165.208200000003,622.6,21,8.438348078423463,7.501875468867872,8.576329331048024,118.73749999999927,133.29999999998836,8,0.4999999990686774,3.1750000016763806,30.062499999068677,,2737,95734,0,0,20630,731,14,27856,21495,2209,3,1,1,1,160,3,683,0,0,5,209.04059028625488,262.7555332183838,4192
166.1593999999985,626.2,21,8.452237924880844,7.4962518740632955,8.576329331048024,118.52222222222352,133.39999999999418,9,0.46666666699780357,3.3777777776122093,30.655555555389988,,2798,97088,0,0,20696,731,14,27916,21538,2216,3,1,1,0,162,2,685,0,0,2,206.04360389709473,262.91433906555176,4192
167.22680000000446,629.4,21,8.438563759035567,7.4962518740632955,8.576329331048024,118.73749999999927,133.39999999999418,8,0.35000000055879354,3.3125,31.187500000931323,,2758,96064,0,0,20692,731,14,27946,21560,2220,3,1,1,0,162,1,686,0,0,3,200.8595905303955,263.03138542175293,4192
168.1725,632.6,22,8.437431021457297,7.501875468867872,8.576329331045883,118.75,133.29999999998836,8,0.41250000055879354,4.550000000745058,30.0625,,2764,96412,0,0,20696,733,14,28199,21806,2207,3,1,1,2,162,8,687,0,0,5,206.82148551940918,264.22121238708496,4192
169.16880000000447,635.8,22,7.425975898608888,6.662225183210934,8.576329331045883,135.41250000000218,150.10000000000582,8,0.8250000001862645,11.11250000167638,35.837499998509884,,2983,104420,0,0,21508,740,14,29253,22589,2302,3,1,1,2,171,18,713,0,0,29,231.6233196258545,278.14427375793457,4192
170.22710000000149,638.6,22,7.439037103675149,5.99880023995159,8.576329331045883,135.71428571428572,166.70000000001164,7,0.6714285718543189,6.214285714285714,38.87142857270582,,2938,102010,0,0,21558,741,14,29548,22784,2346,3,1,1,2,174,14,724,2,0,33,194.28913021087646,270.6975393295288,4192
171.15930000000446,641.8,22,8.17016755115011,7.49625187406166,8.583690987124463,122.91249999999854,133.40000000002328,8,0.662499999627471,3.4249999998137355,32.5,,2898,100538,0,0,21536,741,14,29479,22716,2347,3,1,1,2,174,12,724,0,0,30,187.09351348876953,270.7131690979004,4192
172.15330000000446,645,22,8.170438617708564,7.501875468866234,8.576329331045883,122.90000000000146,133.30000000001746,8,0.7375000016763806,3.812499998137355,31.83750000037253,,2943,101868,0,0,21582,741,14,29662,22868,2356,3,1,1,2,175,11,728,0,0,33,183.4540319442749,272.4438543319702,4192
173.13670000000297,648.55,22,8.809967015659446,7.4962518740632955,10.010010010010593,114.81111111110982,133.39999999999418,9,0.6888888892200258,3.4111111106144056,29.988888887895477,,1983,74332,0,0,22446,742,14,29628,22901,2289,3,1,2,1,104,11,728,0,0,27,184.82070350646973,272.54193687438965,4192
174.12330000000446,652.7,22,10.36280412343181,9.990009990009408,11.990407673861748,96.97272727272833,100.10000000000582,11,0.5272727270017971,3.309090908955444,25.136363636363637,,1983,74332,0,0,22446,742,14,29614,22891,2289,3,1,2,1,104,9,728,0,0,30,188.40162086486816,272.51007652282715,4192
175.1928999999985,656.35,22,10.60100415254281,9.990009990009408,12.004801920769985,94.98999999999941,100.10000000000582,10,0.34000000134110453,3.1600000001490116,24.98999999910593,,1983,74332,0,0,22446,742,14,29558,22851,2289,3,1,2,1,104,1,728,0,0,4,187.30766487121582,272.51007652282715,4192
176.1483999999985,660.15,22,10.400523960465941,9.990009990009408,12.004801920769985,96.66000000000058,100.10000000000582,10,0.3699999988079071,3.1300000019371508,25.38999999836087,,1980,74274,0,0,22446,742,14,29551,22846,2289,3,1,2,0,104,0,728,0,0,0,186.11084175109863,272.51007652282715,4192
177.10530000000446,663.95,23,9.923528078957926,6.666666666666667,12.004801920769985,103.33999999999942,150,10,0.8299999997019768,8.740000000596046,27.409999998658897,,2107,82540,0,0,22848,750,14,30682,23807,2285,3,1,2,6,105,30,747,1,0,31,199.46304893493652,277.23247718811035,4192
178.1886000000015,667.55,23,9.206328729537809,8.568980291344475,10,109.25555555555427,116.70000000001164,9,0.7777777777777778,7.344444445437855,29.133333332836628,,2085,77362,0,0,22991,756,14,31222,24135,2403,3,1,2,3,110,20,766,0,0,55,213.81768226623535,280.21294593811035,4192
179.14120000000298,671.35,23,9.915546606777081,8.561643835615158,12.004801920769985,101.66000000000058,116.80000000001746,10,0.750000000745058,4.13999999910593,26.800000001490115,,2079,78902,0,0,22990,757,14,31218,24109,2415,3,1,2,3,110,19,768,1,0,59,220.71627235412598,280.55649757385254,4192
180.15030000000448,675.2,23,10.001005001005058,9.990009990009408,10.010010010010593,99.98999999999941,100.10000000000582,10,0.7600000008940697,3.419999999552965,27.140000000596046,,2065,76850,0,0,22990,757,14,31207,24098,2415,3,1,2,3,110,19,768,0,0,68,221.37196159362793,280.55649757385254,4192
181.1623999999985,679.1,23,9.914276250345893,8.568980291344475,12.004801920769985,101.67000000000117,116.70000000001164,10,0.7600000023841857,3.579999998956919,26.43999999985099,,2065,76850,0,0,22990,757,14,31207,24098,2415,3,1,2,3,110,19,768,0,0,67,220.15263557434082,280.53525733947754,4192
182.16180000000446,682.9,23,10.001007001007059,9.990009990009408,10.010010010010593,99.98999999999941,100.10000000000582,10,0.7199999995529651,3.4399999991059302,26.4,,2065,76850,0,0,22990,757,14,31137,24048,2415,3,1,2,3,110,9,768,0,0,45,218.7664737701416,280.53525733947754,4192
183.1615,686.4,23,9.414900328335822,6.6711140760509595,11.990407673861748,109.25555555555427,149.89999999999418,9,0.5333333330021964,3.811111110779974,31.299999999503296,,2917,101182,0,0,24225,757,14,31319,24136,2491,3,1,3,0,175,3,773,1,0,8,225.2779598236084,282.01342582702637,4192
184.1893999999985,689.6,23,8.169737241354564,7.49625187406166,8.576329331045883,122.91250000000218,133.40000000002328,8,0.42500000167638063,3.7124999994412065,31.78749999962747,,2897,100670,0,0,24223,757,14,31348,24149,2501,3,1,3,0,175,0,775,0,0,0,222.84663200378418,282.20946311950684,4192
185.16439999999852,692.8,24,8.169950293490858,7.4962518740632955,8.576329331045883,122.91249999999854,133.39999999999418,8,0.6375000029802322,6.024999997578561,31.72499999962747,,2906,101192,0,0,24229,760,14,31999,24766,2481,3,1,3,3,175,12,780,0,0,14,244.35855293273926,284.7813358306885,4192
186.19960000000148,695.6,24,7.024614142742458,6.662225183210934,7.501875468867872,142.8428571428563,150.10000000000582,7,1.5000000010643686,12.057142857994352,38.01428571343422,,3076,107638,0,0,24835,770,14,32837,25333,2574,3,1,3,4,180,32,803,0,0,13,258.5221767425537,297.3920269012451,4192
187.17030000000446,698.8,24,7.499766620815542,7.49625187406166,7.501875468867872,133.33750000000146,133.40000000002328,8,1.0749999983236194,7.000000000931323,35.16250000055879,,3020,104862,0,0,24900,773,14,33149,25518,2635,3,1,3,3,184,17,819,0,0,26,258.2078495025635,308.2158031463623,4192
188.226,701.6,24,7.653515644249192,7.4962518740632955,8.568980291346612,130.94285714285797,133.39999999999418,7,0.9999999989356313,4.885714286140034,34.528571428997175,,3021,104528,0,0,24920,773,14,33361,25679,2656,3,1,3,3,185,14,825,0,0,42,261.1060962677002,311.63683891296387,4192
189.13280000000447,704.8,24,7.767949780615751,7.4962518740632955,8.568980291344475,129.16249999999854,133.39999999999418,8,0.7750000013038516,5.137499998323619,34.950000000186265,,3101,107698,0,0,25165,773,14,33682,25937,2683,3,1,3,2,188,8,833,0,0,28,269.58661460876465,315.24730491638184,4192
190.17730000000446,708,24,7.634994616077326,7.4962518740632955,8.583690987124463,131.23749999999927,133.39999999999418,8,0.5499999998137355,5.075000001117587,35.05000000167638,,3096,106102,0,0,25242,773,14,33956,26139,2715,3,1,3,0,192,4,841,0,0,11,277.8788776397705,318.0350933074951,4192
191.2326000000015,710.8,24,7.500271137308316,7.49063670411985,7.507507507508492,133.32857142857392,133.5,7,0.528571428997176,5.400000000638621,35.885714285075665,,3142,107164,0,0,25345,773,14,34500,26566,2756,3,1,3,0,195,0,855,0,0,2,284.95197105407715,322.0837001800537,4192
192.163,714,24,7.634073353587998,7.49625187406166,8.576329331045883,131.25,133.40000000002328,8,0.37499999813735485,3.8625000016763806,34.66250000055879,,3102,105692,0,0,25323,773,14,34438,26490,2764,3,1,3,0,195,0,856,0,0,0,281.5560665130615,324.9150104522705,4192
193.20070000000297,717.2,24,7.768164405748412,7.4962518740632955,8.576329331045883,129.16249999999854,133.39999999999418,8,0.4500000001862645,3.637499999254942,34.25,,3102,105692,0,0,25323,773,14,34438,26490,2764,3,1,3,0,195,0,856,0,0,0,274.39016914367676,327.4150104522705,4192
194.236,720,24,7.6537633426395315,7.4962518740632955,8.576329331045883,130.94285714285797,133.39999999999418,7,0.5857142837984222,3.64285714498588,35.871428571641445,,3059,104182,0,0,26143,773,14,34438,26489,2765,3,1,4,0,196,0,856,0,0,0,266.8111629486084,327.3937702178955,4192
195.15730000000448,723.2,25,7.408155136096662,5.452562704471275,8.576329331045883,137.5,183.39999999999418,8,0.6750000007450581,9.712500000372529,35.95000000111759,,3343,112070,0,0,26536,777,14,35075,27061,2730,3,1,4,3,199,17,867,0,0,21,294.68306159973145,337.38364601135254,4192
196.28170000000299,726,25,7.0238099254948665,6.666666666666667,7.501875468867872,142.85714285714286,150,7,1.1999999997871262,11.957142855439868,37.87142857270582,,3372,117994,0,0,26879,789,14,36139,27810,2860,3,1,4,7,206,35,892,8,0,14,298.26273918151855,354.47204399108887,4192
197.29170000000298,728.8,25,7.024445269692623,6.666666666666667,7.501875468867872,142.8428571428563,150,7,1.0000000010643686,7.742857142218521,37.014285715562956,,3206,108804,0,0,26957,793,14,36713,28245,2926,3,1,4,3,207,17,910,1,0,21,324.1538791656494,361.62124824523926,4192
198.2655,731.6,25,7.2624430646613,6.662225183212226,7.507507507506851,138.0857142857151,150.09999999997672,7,0.7428571432828903,6.528571430061545,37.057142855865614,,3268,110258,0,0,27156,793,14,37303,28678,2991,3,1,4,0,212,9,928,1,0,20,314.3940906524658,370.49449348449707,4192
199.2313999999985,734.4,25,7.414964227097252,6.666666666666667,8.576329331045883,135.71428571428572,150,7,0.557142857994352,4.6857142842241695,37.17142857078995,,3240,108980,0,0,27165,793,14,37484,28804,3014,3,1,4,0,213,4,935,0,0,12,313.25719261169434,373.5694332122803,4192
200.17720000000298,737.2,25,7.380953184323069,6.666666666666667,7.501875468867872,135.71428571428572,150,7,0.48571428656578064,5.07142857249294,36.385714286140036,,3242,109142,0,0,27204,793,14,37889,29126,3045,3,1,4,0,214,0,945,0,0,0,315.0766124725342,376.72524070739746,4192
201.14270000000298,740.4,25,7.292223295789054,6.666666666666667,7.501875468867872,137.48749999999927,150,8,0.45000000298023224,4.262499996460974,37.50000000093132,,3244,108856,0,0,27225,793,14,37882,29095,3057,3,1,4,0,215,0,947,0,0,0,339.9242420196533,377.0170726776123,4192
202.2425,743.2,25,7.2616376411514665,6.666666666666667,7.501875468867872,138.10000000000167,150,7,0.528571428997176,4.100000001490116,37.31428571258272,,3244,108856,0,0,27225,793,14,37923,29128,3059,3,1,4,0,215,0,948,0,0,0,330.3524761199951,378.7901248931885,4192
203.2,746,25,7.262441011837834,6.666666666666667,7.501875468867872,138.0857142857151,150,7,0.4428571430700166,3.9142857172659467,37.37142857057707,,3244,108856,0,0,27225,793,14,37921,29125,3060,3,1,4,0,215,0,948,0,0,0,318.62093925476074,379.3056888580322,4192
204.15820000000298,749.2,25,7.500471681125329,7.4962518740632955,7.507507507506851,133.3249999999971,133.39999999999418,8,0.4124999986961484,3.8500000024214387,37.19999999925494,,2607,91656,0,0,28038,793,14,37921,29183,3002,3,1,5,0,157,0,948,0,0,0,342.55115699768066,379.3056888580322,4192
205.22130000000448,752.4,26,8.437429448460849,7.501875468866234,8.576329331048024,118.75,133.30000000001746,8,0.6000000005587935,7.3374999994412065,34.125000001862645,,3250,114806,0,0,28856,795,14,39026,30247,2977,3,1,5,2,160,12,955,0,0,10,347.19746589660645,384.9154987335205,4192
206.2363999999985,755.2,26,6.851218923629207,5.4585152838424476,7.507507507506851,147.60000000000167,183.20000000001164,7,1.5571428558656148,17.028571428997175,37.48571428550141,,2788,98122,0,0,28812,807,14,39956,30809,3097,3,1,5,9,163,40,987,0,0,10,364.07627296447754,410.4208736419678,4192
207.22320000000298,758,26,7.533565603441294,6.662225183210934,8.568980291346612,133.3428571428563,150.10000000000582,7,1.1142857138599669,9.342857143708638,35.028571428997175,,2824,99372,0,0,29142,813,14,40624,31273,3191,3,1,5,4,169,20,1012,0,0,16,374.2882137298584,421.65418434143066,4192
208.1355,761.2,26,8.03564461619797,7.49625187406166,8.576329331045883,125,133.40000000002328,8,0.7875000005587935,5.850000002421439,34.01249999832362,,2798,97532,0,0,29160,813,14,40872,31428,3236,3,1,5,2,171,8,1024,0,0,27,387.41841316223145,426.77887535095215,4192
209.1356000000015,764.4,26,8.0361318849365,7.501875468866234,8.568980291346612,124.98749999999927,133.30000000001746,8,0.625,5.3125,34.99999999906868,,2819,98014,0,0,29262,813,14,41250,31711,3277,3,1,5,0,174,2,1035,0,0,6,368.1876277923584,432.5178623199463,4192
210.142200000003,767.6,26,7.902255457908559,7.4962518740632955,8.576329331045883,127.07500000000073,133.39999999999418,8,0.5000000009313226,4.824999999254942,34.59999999962747,,2808,97486,0,0,29251,813,14,41400,31817,3295,3,1,5,0,174,0,1040,0,0,0,396.10773277282715,432.95148277282715,4192
211.14889999999852,770.8,26,8.03521482797015,7.501875468866234,8.568980291346612,125,133.30000000001746,8,0.4874999998137355,4.0874999994412065,34.325000000186265,,2808,97486,0,0,29251,813,14,41378,31795,3295,3,1,5,0,174,0,1040,0,0,0,391.0030460357666,434.70148277282715,4192
212.1426000000015,774.4,26,8.214913202005278,7.501875468867872,8.576329331045883,122.21111111111047,133.29999999998836,9,0.40000000016556847,4.122222221559948,32.81111111243566,,2808,97486,0,0,29251,813,14,41378,31795,3295,3,1,5,0,174,0,1040,0,0,0,385.7456111907959,436.38422203063965,4192
213.24330000000447,777.6,26,8.168817555912259,7.501875468867872,8.576329331045883,122.92500000000291,133.29999999998836,8,0.47500000055879354,4.0499999998137355,34.06250000093132,,2808,97486,0,0,29251,813,14,41378,31795,3295,3,1,5,0,174,0,1040,0,0,0,376.8152484893799,436.38422203063965,4192
214.23780000000448,780.8,26,8.036347565548354,7.4962518740632955,8.576329331045883,124.98749999999927,133.39999999999418,8,0.48749999795109034,4.187500002793968,34.42499999888241,,2808,97486,0,0,29251,813,14,41417,31825,3298,3,1,5,0,174,0,1041,0,0,0,400.69270515441895,436.48103523254395,4192
215.229700000003,783.2,27,7.279350387854319,5,8.583690987124463,144.4333333333343,200,6,1.483333334326744,13.533333332588276,42.29999999950329,,3958,129986,0,0,30867,817,14,42216,32475,3325,3,1,1,4,243,19,1055,0,0,12,406.98822593688965,448.80985832214355,4192
216.1861000000015,785.6,27,5.596350307473756,4,6.662225183210934,183.31666666666084,250,6,2.2000000017384687,15.199999996771416,44.666666669150196,,3919,131518,0,0,31345,827,14,43378,33312,3466,3,1,1,6,248,38,1080,4,0,17,419.45872688293457,469.22904777526855,4192
217.3258999999985,788,27,6.221882375091618,5.99880023995159,6.666666666666667,161.1166666666686,166.70000000001164,6,1.9833333330849807,10.66666666790843,43.049999998261534,,3828,131508,0,0,31414,835,14,43962,33759,3524,3,1,1,2,250,22,1098,8,0,9,423.65846824645996,479.0391330718994,4192
218.29630000000446,790.4,27,6.2435309966918595,5.455537370431334,6.6711140760509595,161.08333333333334,183.29999999998836,6,0.8000000007450581,7.816666666418314,42.73333333308498,,3795,126256,0,0,31518,836,14,44105,33828,3571,3,1,1,0,252,2,1109,0,0,8,436.63322257995605,484.5763111114502,4192
219.23730000000447,792.8,27,6.555356583202205,5.998800239952638,6.6711140760496646,152.78333333333526,166.69999999998254,6,0.4999999987582366,5.183333333581686,42.11666666716337,,3777,125458,0,0,31537,836,14,44167,33850,3591,3,1,1,0,253,0,1113,0,0,0,432.0043659210205,488.206392288208,4192
220.16030000000447,795.6,27,6.571258023697314,5.998800239952638,6.6711140760509595,152.3857142857118,166.69999999998254,7,0.4714285731315613,4.442857142005648,42.142857142857146,,3757,124946,0,0,31535,836,14,44192,33864,3596,3,1,1,0,253,0,1114,0,0,0,453.0544910430908,488.32923698425293,4192
221.2235,798.4,27,6.572407756528114,6.002400960383944,6.6711140760509595,152.35714285714286,166.60000000000582,7,0.7571428577814784,4.299999998084137,42.41428571407284,,3757,124946,0,0,31535,836,14,44192,33864,3596,3,1,1,0,253,0,1114,0,0,0,442.8624324798584,491.32923698425293,4192
222.292,800.8,27,6.5553555955474865,5.99880023995159,6.666666666666667,152.78333333333526,166.70000000001164,6,0.5333333325882753,4.266666665673256,41.34999999900659,,3757,124946,0,0,31535,836,14,44192,33864,3596,3,1,1,0,253,0,1114,0,0,0,428.52894020080566,491.56153678894043,4192
223.2123999999985,803.6,27,6.476483878364311,5.998800239952638,6.6711140760509595,154.7571428571412,166.69999999998254,7,0.47142856993845533,4.485714286565781,42.185714286352905,,3757,124946,0,0,31535,836,14,44192,33864,3596,3,1,1,0,253,0,1114,0,0,0,447.2894878387451,491.56153678894043,4192
224.28720000000297,806,27,6.555955715619546,6.002400960383944,6.666666666666667,152.76666666666765,166.60000000000582,6,0.5666666676600774,4.483333333084981,41.51666666691502,,3757,124946,0,0,31535,836,14,44192,33864,3596,3,1,1,0,253,0,1114,0,0,0,431.6192111968994,491.56153678894043,4192
225.20170000000297,808.8,27,6.571137068132601,6.002400960383944,6.666666666666667,152.38571428571595,166.60000000000582,7,0.5,4.328571428145681,41.65714285735573,,3757,124946,0,0,31535,836,14,44192,33864,3596,3,1,1,0,253,0,1114,0,0,0,450.40407371520996,491.56153678894043,4192
226.27520000000297,811.2,27,6.555956703274481,6.002400960384993,6.6711140760496646,152.7666666666628,166.59999999997672,6,0.5499999982615312,4.316666665176551,42.06666666890184,,2692,95296,0,0,32655,836,14,44192,33953,3507,3,1,2,0,164,0,1114,0,0,0,437.80962562561035,491.56153678894043,4192
227.14930000000447,814,28,7.062122290710738,5.455537370430468,8.576329331045883,145.22857142857225,183.30000000001746,7,1.2285714319774084,16.414285711944103,41.657142859484466,,2983,108550,0,0,33628,844,14,46105,35596,3561,3,1,2,8,172,36,1138,0,0,21,461.10983085632324,515.5225200653076,4192
228.20780000000448,816.8,28,7.143125468666234,6.666666666666667,7.501875468867872,140.47142857143106,150,7,1.4285714285714286,10.842857142644268,39.98571428550141,,2945,103394,0,0,33843,855,14,46358,35639,3647,3,1,2,7,178,32,1160,0,0,20,481.06953620910645,528.0279178619385,4192
229.174,820,28,7.396772474721246,6.666666666666667,7.507507507508492,135.39999999999782,150,8,1.7875000005587935,8.087500001303852,37.92499999795109,,2928,102458,0,0,33990,856,14,47064,36181,3711,3,1,2,0,180,16,1182,0,0,33,485.3556385040283,537.1888637542725,4192
230.258700000003,822.8,28,7.380953184323067,6.666666666666667,7.501875468867872,135.71428571428572,150,7,0.914285713008472,7.785714286778655,38.100000000425744,,2947,102672,0,0,34084,856,14,47696,36647,3781,3,1,2,0,183,4,1202,0,0,12,504.6751003265381,543.1165790557861,4192
231.20289999999852,825.6,28,7.414471836999842,6.666666666666667,8.561643835617291,135.71428571428572,150,7,0.6142857159887042,6.485714285501412,40.58571428592716,,2914,101536,0,0,34069,856,14,48186,37016,3826,3,1,2,0,183,0,1216,0,0,0,487.43073081970215,551.208703994751,4192
232.1236000000015,828.8,28,7.901336827945821,7.4962518740632955,8.568980291344475,127.08750000000146,133.39999999999418,8,0.5125000001862645,4.750000000931323,37.30000000167638,,2914,101536,0,0,34069,856,14,48080,36904,3832,3,1,2,0,183,0,1216,0,0,0,511.68443870544434,551.1961612701416,4192
233.1665,832,28,7.634777358418075,7.49625187406166,8.576329331045883,131.23749999999927,133.40000000002328,8,0.5499999998137355,4.775000000372529,37.875,,2914,101536,0,0,34069,856,14,48160,36967,3837,3,1,2,0,183,0,1218,0,0,0,508.0362491607666,553.0892505645752,4192
234.21410000000148,835.2,28,7.634073353588061,7.49625187406166,8.576329331048024,131.25,133.40000000002328,8,0.4250000026077032,4.662499997764826,38.16249999962747,,2914,101536,0,0,34069,856,14,48158,36964,3838,3,1,2,0,183,0,1218,0,0,0,499.9976329803467,553.104814529419,4192
235.2566000000015,838,28,7.653515644249121,7.4962518740632955,8.568980291344475,130.94285714285797,133.39999999999418,7,0.6285714272941861,4.571428571428571,37.40000000063862,,2914,101536,0,0,34069,856,14,48158,36964,3838,3,1,2,0,183,0,1218,0,0,0,488.7317714691162,553.083574295044,4192
236.17370000000298,841.2,28,7.769086199777741,7.49063670411985,8.576329331048024,129.14999999999782,133.5,8,0.4500000011175871,4.6000000005587935,37.76249999832362,,2914,101536,0,0,34069,856,14,48158,36964,3838,3,1,2,0,183,0,1218,0,0,0,511.9440631866455,553.083574295044,4192
237.21760000000148,843.6,29,6.23732568339913,4.616805170821667,8.576329331045883,169.4333333333343,216.60000000000582,6,1.4166666654249032,18.266666665673256,48.983333334326744,,4297,141338,0,0,36007,862,14,49463,38047,3942,3,1,3,4,271,20,1231,3,0,13,525.175329208374,575.5977458953857,4192
238.31760000000148,845.6,29,5.582080649009133,4.997501249375167,6.002400960383944,180,200.10000000000582,5,1.5600000008940698,10.719999998807907,48.980000001192096,,4043,133764,0,0,36231,863,14,49646,38056,4016,3,1,3,3,275,19,1248,4,0,26,526.8594913482666,589.7873210906982,4192
239.184,848,29,5.727483093649684,5.449591280653951,6.006006006006006,175,183.5,6,1.433333333581686,10.816666666418314,48.63333333532015,,4191,137160,0,0,36572,867,14,50534,38717,4081,3,1,3,5,281,25,1273,0,0,24,561.8665256500244,596.9805660247803,4192
240.2345,850,29,5.505221289211999,4.616805170821667,6.002400960383944,183.32000000000116,216.60000000000582,5,11.46000000089407,10.220000000298024,54.520000000298026,,4150,136166,0,0,36736,869,14,50958,39029,4135,3,1,3,3,284,12,1287,0,0,19,369.0546760559082,602.6814308166504,4192
241.2335,852.4,29,5.394139774278276,4,6.002400960383944,188.8833333333314,250,6,1,8.866666665921608,48.20000000049671,,4244,139646,0,0,37102,870,14,51556,39496,4190,3,1,3,0,289,5,1302,0,0,18,312.9429817199707,530.2785720825195,4192
242.2865,854.8,29,5.818313278092279,5.4525627044704095,6.002400960384993,172.21666666666957,183.40000000002328,6,0.7000000017384688,6.816666665176551,48.083333333333336,,4182,136802,0,0,37114,870,14,51770,39635,4221,3,1,3,0,291,3,1310,0,0,9,315.323712348938,532.2958498001099,4192
243.32030000000447,857.2,29,5.910056788581233,5.455537370431334,6.002400960383944,169.41666666666666,183.29999999998836,6,0.8000000019868215,5.583333333333333,46.833333333333336,,4185,136860,0,0,37116,871,14,51864,39718,4220,3,1,3,1,291,6,1311,0,0,19,307.41236209869385,532.6364336013794,4192
244.3326000000015,859.2,29,5.782215885720553,5.452562704471275,6.002400960383944,173.31999999999533,183.39999999999418,5,0.8800000011920929,5.86000000089407,46.559999999403956,,4213,137460,0,0,37148,871,14,51966,39778,4238,3,1,3,0,292,3,1316,0,0,11,327.1514482498169,533.1210489273071,4192
245.18820000000298,861.6,29,5.9088565484371145,5.455537370431334,6.002400960384993,169.45000000000195,183.29999999998836,6,0.6499999997516474,6.299999999503295,47.46666666865349,,4218,137896,0,0,37221,871,14,52311,40056,4263,3,1,3,0,293,0,1324,0,0,0,324.69463062286377,534.0107049942017,4192
246.20930000000448,864,29,5.908856548437115,5.455537370431334,6.002400960383944,169.45000000000195,183.29999999998836,6,0.5666666651765505,5.516666668156783,47.383333334078394,,4229,138042,0,0,37251,871,14,52384,40098,4276,3,1,3,0,294,0,1327,0,0,0,316.00046730041504,534.2448749542236,4192
247.23130000000447,866.4,29,5.909456668509349,5.455537370431334,6.002400960383944,169.43333333332944,183.29999999998836,6,0.7333333330849806,5.050000001986821,47.29999999950329,,4219,137562,0,0,37241,871,14,52374,40088,4276,3,1,3,0,294,0,1327,0,0,0,331.69258975982666,534.2448930740356,4192
248.24180000000447,868.8,29,5.8543010329696115,5,6.666666666666667,172.20000000000195,200,6,0.5333333338300387,4.850000001490116,49.716666666169964,,4090,131118,0,0,38582,871,14,52374,40081,4283,3,1,4,0,301,0,1327,0,0,0,321.01747035980225,534.2449407577515,4192
249.27270000000297,871.2,29,6.111312270783668,5.995203836930874,6.666666666666667,163.8833333333314,166.79999999998836,6,0.5666666651765505,5.133333334078391,45.316666666418314,,4090,131118,0,0,38582,871,14,52374,40081,4283,3,1,4,0,301,0,1327,0,0,0,337.09564113616943,534.2449407577515,4192
250.2606000000015,873.2,30,5.638368979153341,4.616805170822287,6.6711140760509595,180,216.59999999997672,5,1.999999998509884,19.779999999701978,49.82000000029802,,4579,144720,0,0,39296,876,14,53567,41154,4253,3,1,4,5,305,24,1344,0,0,15,342.02539348602295,542.250636100769,4192
251.2038999999985,875.6,30,5.329978151763064,4.616805170822287,6.002400960383944,188.88333333333625,216.59999999997672,6,2.2833333338300386,14.033333330104748,51.083333333333336,,4317,138280,0,0,39618,886,14,54108,41435,4381,3,1,4,6,310,33,1363,0,0,32,371.46636486053467,547.0824995040894,4192
252.3201000000015,877.6,30,5.49156810811485,4.997501249375894,6.002400960383944,183.32000000000116,200.09999999997672,5,1.7399999991059303,10.340000000596046,51.459999999403955,,4261,136852,0,0,39866,887,14,54594,41781,4443,3,1,4,2,313,21,1380,0,0,33,365.7610845565796,549.3700475692749,4192
253.229700000003,880,30,5.636129757186761,5.4525627044704095,5.998800239952638,177.78333333333043,183.40000000002328,6,1.9000000009934108,7.916666665424903,49.033333333830036,,4263,137570,0,0,40043,889,14,55038,42130,4484,3,1,4,2,315,18,1390,0,0,26,378.0560636520386,551.2158002853394,4192
254.29130000000447,882,30,5.5641899443352125,5.455537370430468,5.99880023995159,179.97999999999882,183.30000000001746,5,1.199999998509884,9.440000002086162,49.7,,4302,138128,0,0,40175,892,14,55412,42411,4521,3,1,4,1,317,10,1402,0,0,21,388.30530071258545,553.2433156967163,4192
255.1916000000015,884.4,30,5.6367298772586745,5.452562704471275,6.002400960383944,177.76666666666765,183.39999999999418,6,0.933333333581686,7.133333331594865,50.56666666766008,,4261,137142,0,0,40173,892,14,55834,42737,4557,3,1,4,0,317,4,1414,0,0,15,393.56317043304443,554.5134153366089,4192
256.2525,886.8,30,5.7273774900155905,5.452562704471275,6.002400960383944,175,183.39999999999418,6,0.6333333315948645,5.783333333830039,49.78333333258828,,4261,137142,0,0,40173,892,14,55813,42703,4566,3,1,4,0,317,0,1416,0,0,0,384.71595287323,554.7372770309448,4192
257.3011000000015,889.2,30,5.727768925263551,5.455537370430468,6.002400960383944,174.98333333333235,183.30000000001746,6,0.7999999995032946,6.183333332339923,49.13333333532015,,4261,137142,0,0,40175,893,14,55967,42819,4576,3,1,4,0,317,2,1420,0,0,6,376.8143148422241,555.3095846176147,4192
258.3458000000045,891.2,30,5.782341312162396,5.4525627044704095,6.006006006006006,173.32000000000116,183.40000000002328,5,0.7200000002980232,6.019999998807907,49.500000001490115,,4261,137142,0,0,40175,893,14,56110,42939,4585,3,1,4,0,317,0,1423,0,0,0,393.43997859954834,555.6871061325073,4192
259.224,893.6,30,5.726777369943471,5.452562704471275,6.002400960382896,175.01666666666765,183.39999999999418,6,0.5999999977648258,5.533333335071802,51.73333333308498,,4261,137142,0,0,40175,893,14,56070,42897,4587,3,1,4,0,317,0,1423,0,0,0,378.75928020477295,555.9405851364136,4192
260.3511000000015,895.6,30,5.228271612904933,4.614674665435839,5.9988002399536855,193.31999999999533,216.70000000001164,5,9.4,5.46000000089407,50.74000000059605,,3686,124096,0,0,41903,893,14,56070,42965,4519,3,1,5,0,249,0,1423,0,0,0,349.7044858932495,509.9404630661011,4192
261.2028999999985,898.4,30,6.476362922799412,5.99880023995159,6.6711140760496646,154.75714285714952,166.70000000001164,7,0.5999999993613788,5.142857143921511,44.742857141154154,,3686,124096,0,0,41903,893,14,56070,42965,4519,3,1,5,0,249,0,1423,0,0,0,322.34593963623047,490.62867736816406,4192
262.2855,900.8,30,6.555956703274481,6.002400960384993,6.6711140760522545,152.7666666666628,166.59999999997672,6,0.4666666661699613,5.150000000993411,43.28333333258828,,3686,124096,0,0,41903,893,14,56070,42965,4519,3,1,5,0,249,0,1423,0,0,0,338.9486198425293,490.62867736816406,4192
263.2071000000015,903.2,31,5.908828251767871,4.001600640256662,6.6711140760522545,175,249.89999999996508,6,1.5333333325882752,19.833333333333332,51.65000000099341,,3997,137310,0,0,42828,898,14,57395,44215,4516,3,1,5,5,252,24,1428,0,0,47,365.64558029174805,500.3929252624512,4192
264.308700000003,905.6,31,5.833351248038128,5.00250125062473,6.002400960384993,172.21666666666474,199.90000000002328,6,1.7166666661699612,7.949999999254942,48.100000001490116,,3818,127782,0,0,42685,900,14,56814,43563,4549,3,1,5,7,254,31,1432,0,0,51,372.4803352355957,501.2169189453125,4192
265.2968999999985,908,31,6.222764456727862,5.995203836930874,6.6711140760522545,161.10000000000582,166.79999999998836,6,1.5333333325882752,6.216666667411725,47.466666666169964,,3836,128426,0,0,42757,900,14,56953,43668,4563,3,1,5,7,256,29,1436,0,0,64,371.8569679260254,501.6511688232422,4192
266.277200000003,910.4,31,6.000600600168291,5.99880023995159,6.002400960384993,166.64999999999418,166.70000000001164,6,1.7166666674117248,7.349999999006589,47.46666666741172,,3857,128612,0,0,42795,904,14,57042,43747,4565,3,1,5,11,257,30,1437,0,0,58,370.0509223937988,502.4310722351074,4192
267.2688000000045,912.8,31,6.110712150711436,5.995203836930874,6.666666666666667,163.90000000000387,166.79999999998836,6,1.699999999254942,8.449999999254942,47.766666669398546,,3881,129490,0,0,42866,907,14,57314,43987,4571,3,1,5,12,257,28,1442,0,0,36,382.1501922607422,504.3238830566406,4192
268.26780000000446,915.2,31,5.9099529874112,5.4585152838424476,6.002400960382896,169.41666666666666,183.20000000001164,6,1.4166666654249032,8.800000000745058,48.58333333209157,,3895,129604,0,0,42985,909,14,57387,44024,4593,3,1,5,13,260,23,1446,0,0,40,367.19387435913086,505.9063148498535,4192
269.28170000000296,917.6,31,6.020167619556294,5.455537370431334,6.666666666666667,166.66666666666666,183.29999999998836,6,1.2999999995032947,7.433333333581686,49.14999999975165,,3930,131778,0,0,43199,909,14,57370,44004,4604,3,1,5,10,260,13,1448,0,0,30,370.46007537841797,506.8559761047363,4192
270.2783999999985,920,31,5.928921325864124,5.455537370431334,6.666666666666667,169.45000000000195,183.29999999998836,6,1.0833333345750968,6.733333333084981,49.54999999950329,,3991,134266,0,0,43415,909,14,57572,44164,4622,3,1,5,9,263,10,1453,0,0,35,396.8929977416992,507.56579208374023,4192
271.299,922.4,31,6.020908854453893,5.455537370431334,6.6711140760522545,166.64999999999418,183.29999999998836,6,1.050000000745058,6.499999998758237,53.11666666716337,,4506,147754,0,0,45075,909,14,57695,44200,4687,3,1,1,0,317,9,1457,0,0,32,395.1547727584839,507.9607152938843,4192
272.357700000003,924.4,31,5.23936553067463,4.286326618088512,6.002400960382896,193.32000000000698,233.29999999998836,5,1.119999998807907,7.33999999910593,51.62000000178814,,4509,147812,0,0,45076,910,14,57780,44264,4694,3,1,1,1,317,10,1459,0,0,33,391.1214551925659,508.4561605453491,4192
273.2825,926.4,31,5.472612747951775,5,6.002400960384993,183.33999999999068,200,5,0.7999999985098839,5.940000000596046,51.520000000298026,,4506,147754,0,0,45076,910,14,57776,44246,4702,3,1,1,0,317,4,1462,0,0,8,380.66855907440186,508.6271619796753,4192
274.18770000000296,928.8,31,5.545689746769619,5.4525627044704095,6.002400960382896,180.55000000000777,183.40000000002328,6,0.616666667163372,6.066666667660077,50.266666665673256,,4506,147754,0,0,45076,910,14,57865,44314,4713,3,1,1,0,317,0,1465,0,0,0,400.4910955429077,508.9143705368042,4192
275.2721000000015,931.2,31,5.546081182018043,5.455537370431334,5.99880023995159,180.53333333332557,183.29999999998836,6,0.6166666659216086,5.649999998509884,51.416666666666664,,4506,147754,0,0,45076,910,14,57943,44374,4719,3,1,1,0,317,0,1467,0,0,0,387.7855520248413,509.0486707687378,4192
276.3573999999985,933.2,32,5.119023456317992,4.614674665435839,5.455537370431334,196.66000000000932,216.70000000001164,5,2.0800000011920927,20.679999999701977,54.13999999910593,,4857,157428,0,0,45646,915,14,59197,45565,4700,3,1,1,5,317,23,1473,0,0,25,425.7458829879761,517.9717245101929,4192
277.3925,935.2,32,5.013947724106444,4.614674665437079,5.4525627044704095,200,216.69999999995343,5,2.5399999991059303,13.980000001192092,53.459999999403955,,4608,151538,0,0,45786,924,14,58993,45229,4750,3,1,1,8,317,43,1480,0,0,49,434.31441020965576,521.1946210861206,4192
278.359200000003,937.2,32,5.273227739191853,5,5.455537370431334,189.97999999999303,200,5,1.9799999982118606,8.379999999701976,52.67999999970198,,4587,150942,0,0,45857,926,14,58931,45168,4761,3,1,1,6,317,31,1482,0,0,44,435.3893346786499,521.9754438400269,4192
279.3103000000045,939.2,32,5.272727489066615,5,5.455537370431334,190,200,5,2.1400000005960464,9.9,53.420000000298025,,4637,152310,0,0,45973,932,14,59270,45443,4769,3,1,1,8,317,41,1488,0,0,25,446.03026485443115,524.0285940170288,4192
280.26670000000297,941.2,32,5.181620014980348,5,5.455537370431334,193.34000000000233,200,5,2.019999998807907,8.659999999403954,53.82000000178814,,4580,151126,0,0,46074,933,14,59460,45580,4798,3,1,1,6,317,29,1496,0,0,15,449.16691875457764,525.2902898788452,4192
281.22430000000446,943.6,32,5.303613218973511,5,5.4585152838424476,188.8666666666686,200,6,1.6999999980131786,8.550000001986822,52.95000000049671,,4597,151690,0,0,46147,935,14,59525,45636,4809,3,1,1,4,317,19,1499,0,0,26,455.67569637298584,526.6802167892456,4192
282.3508999999985,945.2,32,4.977768685215667,4,5.455537370431334,204.14999999999418,250,4,6.5,9.875,68.84999999776483,,4572,151110,0,0,46148,936,14,59680,45756,4824,3,1,1,2,317,14,1504,0,0,19,351.9356460571289,483.82568359375,4192
283.19910000000147,947.6,32,5.3791192389412785,5,5.458515283844182,186.09999999999613,200,6,1.6666666666666667,6.750000001241763,56.14999999975165,,3987,133916,0,0,48406,937,14,59895,45972,4797,3,1,2,1,266,6,1511,0,0,21,353.539701461792,484.60228538513184,4192
284.36570000000296,949.6,32,5.438405434578688,4.286326618088512,5.99880023995159,186.68000000000467,233.29999999998836,5,0.9599999994039535,7.080000001192093,52.62000000029802,,4068,136362,0,0,48566,937,14,60185,46207,4820,3,1,2,0,270,4,1517,0,0,14,356.3288869857788,487.87268352508545,4192
285.2275,952,32,5.929625068780063,5.4525627044704095,6.666666666666667,169.43333333332944,183.40000000002328,6,0.816666666418314,6.533333336313565,48.866666665921606,,4035,134844,0,0,48570,937,14,60260,46260,4830,3,1,2,0,271,1,1520,0,0,3,377.65903759002686,488.2037343978882,4192
286.2353999999985,954.4,32,6.000600600167942,5.99880023995159,6.002400960384993,166.65000000000387,166.70000000001164,6,0.616666667163372,6.450000000496705,49.34999999900659,,4025,134364,0,0,48560,937,14,60322,46296,4840,3,1,2,0,271,0,1523,0,0,0,373.4287061691284,488.4676847457886,4192
287.25,956.8,32,5.909456668509347,5.455537370431334,6.002400960384993,169.43333333332944,183.29999999998836,6,0.6333333340783914,5.850000001490116,48.749999997516476,,4025,134364,0,0,48560,937,14,60320,46293,4841,3,1,2,0,271,0,1523,0,0,0,359.86120891571045,488.4832487106323,4192
288.2548999999985,959.2,32,6.000000480096058,5.99880023995159,6.002400960384993,166.66666666666666,166.70000000001164,6,0.5500000007450581,5.58333333209157,48.86666666716337,,4025,134364,0,0,48560,937,14,60320,46293,4841,3,1,2,0,271,0,1523,0,0,0,377.6691541671753,488.4832487106323,4192
289.2656000000015,961.6,32,6.020167619556294,5.455537370431334,6.666666666666667,166.66666666666666,183.29999999998836,6,0.6999999992549419,5.566666667660077,48.999999998758234,,4025,134364,0,0,48560,937,14,60320,46293,4841,3,1,2,0,271,0,1523,0,0,0,362.9053564071655,488.4549283981323,4192
290.2691000000015,963.6,33,5.162726564839185,4.286326618088512,6.002400960382896,196.64000000000232,233.29999999998836,5,2.1,28.079999999701975,56.14000000208616,,4826,156700,0,0,49817,943,14,61648,47577,4813,3,1,2,5,274,21,1528,0,0,18,394.2390966415405,500.1268072128296,4192
291.3335,965.6,33,5.052927745771486,4.286326618088512,5.455537370431334,200,233.29999999998836,5,2.619999998807907,15.179999999701977,57.37999999970198,,4191,141542,0,0,50065,946,14,61195,47022,4862,3,1,2,6,277,33,1533,6,0,30,412.3144254684448,507.55287075042725,4192
292.27610000000146,967.6,33,5.472987787182225,5.00250125062473,5.99880023995159,183.31999999999533,199.90000000002328,5,2.4799999997019766,11.339999999105931,53.019999998807904,,4280,143426,0,0,50260,952,14,61570,47308,4892,3,1,2,8,282,38,1541,0,0,25,432.6850538253784,510.2405843734741,4192
293.1895,970,33,5.484883545872994,5,6.002400960382896,183.33333333333334,200,6,1.6500000009934108,9.200000000496706,52.51666666443149,,4242,142662,0,0,50360,954,14,61696,47404,4910,3,1,2,6,283,29,1546,0,0,21,445.24008083343506,511.96302700042725,4192
294.282,972,33,5.473082470248772,5,5.99880023995159,183.32000000000698,200,5,1.6999999970197677,8.32000000178814,53.899999998509884,,4305,143960,0,0,50499,957,14,61929,47577,4938,3,1,2,5,286,24,1553,0,0,22,449.2283773422241,513.1953268051147,4192
295.1858999999985,974.4,33,5.274794050562197,4.286326618088512,5.99880023995159,191.66666666666666,233.29999999998836,6,1.4166666666666667,7.733333333084981,58.68333333233992,,4679,156326,0,0,52653,957,14,61978,47588,4986,3,1,3,0,317,7,1557,0,0,16,456.1379613876343,514.0191106796265,4192
296.36510000000146,976.4,33,5.182215597662918,5,5.4585152838424476,193.31999999999533,200,5,0.7799999982118606,7.16000000089407,53.12000000178814,,4679,156326,0,0,52653,957,14,61975,47586,4991,3,1,3,0,317,1,1558,0,0,4,451.4452657699585,514.274905204773,4192
297.31020000000296,978.4,33,5.364335862768157,5.002501250626187,5.4585152838424476,186.64000000000232,199.89999999996508,5,1.2200000002980231,6.219999998807907,53.8,,4679,156326,0,0,52653,957,14,62075,47661,5000,3,1,3,0,317,0,1561,0,0,0,442.8270139694214,514.4993658065796,4192
298.257,980.4,33,5.272227738941794,4.997501249375894,5.455537370431334,190.01999999999535,200.09999999997672,5,0.6,5.740000000596046,53.979999999701974,,4679,156326,0,0,52653,957,14,62074,47659,5001,3,1,3,0,317,0,1561,0,0,0,458.021201133728,514.5149297714233,4192
299.20230000000447,982.8,33,5.303691580287267,5,5.455537370431334,188.8666666666686,200,6,0.6166666659216086,5.649999997268121,53.95000000298023,,4679,156326,0,0,52653,957,14,62074,47659,5001,3,1,3,0,317,0,1561,0,0,0,443.60354137420654,514.5149297714233,4192
300.33860000000146,984.8,33,5.272632805999668,5,5.455537370429601,190,200,5,0.5800000011920929,5.719999998807907,55.040000000596045,,4679,156326,0,0,52653,957,14,62074,47659,5001,3,1,3,0,317,0,1561,0,0,0,458.54236125946045,514.5149297714233,4192
301.29139999999853,986.8,33,5.038790655531104,4.286326618088512,5.4525627044704095,200,233.29999999998836,5,1.8799999982118607,14.000000002980233,56.47999999821186,,4679,156326,0,0,52653,957,14,62074,47659,5001,3,1,3,0,317,0,1561,0,0,0,390.58300018310547,510.2498016357422,4192
302.3343000000045,988.8,33,5.073322422258453,4,5.455537370431334,199.98000000000465,250,5,0.6800000026822091,5.699999997019768,52.979999999701974,,4679,156326,0,0,52653,957,14,62074,47659,5001,3,1,3,0,317,0,1561,0,0,0,405.6873369216919,510.2499055862427,4192
303.287,990.8,33,5.272727489066615,5,5.455537370431334,190,200,5,0.6400000005960464,5.8,54.5,,4679,156326,0,0,52653,957,14,62074,47659,5001,3,1,3,0,317,0,1561,0,0,0,419.4399995803833,510.2499055862427,4192
304.2336000000015,992.8,34,5.0733224222588,4,5.455537370431334,199.97999999999303,250,5,2.000000001490116,27.679999998211862,60,,5171,170004,0,0,53464,960,14,62605,48289,4866,3,1,3,3,317,15,1562,0,0,8,410.746431350708,503.63467597961426,4192
305.3606000000015,994.8,34,4.646116345177888,4.001600640256662,5,216.65999999999767,249.89999999996508,5,2.799999998509884,14.06000000089407,58.03999999910593,,4791,162902,0,0,53593,968,14,62757,48230,5007,3,1,3,9,317,46,1564,4,0,15,426.3916606903076,507.3943347930908,4192
306.3818000000045,996.4,34,4.904293979015453,4.614674665437079,5.00250125062473,204.14999999999418,216.69999999995343,4,2.899999998509884,17.849999997764826,59.500000001862645,,4998,169920,0,0,54108,976,14,63108,48581,4991,3,1,3,8,317,43,1567,2,0,13,438.67199420928955,511.4621248245239,4192
307.23230000000444,998.4,34,4.871138898676028,4.286326618087442,5.4525627044704095,206.66000000000932,233.30000000004657,5,2.780000001192093,10.719999998807907,63.380000001192094,,4590,153710,0,0,56441,990,14,63149,48568,5025,3,1,4,10,317,41,1571,0,0,15,458.23512172698975,513.1581106185913,4192
308.29930000000445,1000.4,34,4.891608224211339,4,5.455537370431334,206.64000000000232,250,5,2.180000001192093,9.859999999403954,60.30000000149012,,4570,153188,0,0,56524,993,14,63293,48685,5038,3,1,4,5,317,36,1575,0,0,19,442.8787679672241,514.4645376205444,4192
309.37289999999854,1002.4,34,4.839018294240088,4,5.455537370431334,210,250,5,11.280000001192093,8.179999999701977,55.13999999910593,,4559,152568,0,0,56539,993,14,63113,48545,5040,3,1,4,1,317,15,1575,0,0,14,407.5653381347656,497.96850204467773,4192
310.33030000000446,1004.4,34,5.182120265105294,5,5.455537370429601,193.32000000000698,200,5,1.2799999997019769,7.120000000298023,56.72000000178814,,4537,152046,0,0,56540,994,14,63153,48572,5051,3,1,4,0,317,7,1578,0,0,9,398.3605432510376,498.3270311355591,4192
311.2886000000015,1006.4,34,5.272632805999723,5,5.455537370431334,190,200,5,0.8799999997019767,6.3599999964237215,54.30000000149012,,4537,152046,0,0,56540,994,14,63156,48575,5055,3,1,4,0,317,2,1579,0,0,3,413.2220582962036,498.4292154312134,4192
312.227200000003,1008.8,34,5.379040876742657,5.00250125062473,5.458515283844182,186.09999999999613,199.90000000002328,6,0.7166666674117247,6.299999998261531,54.29999999950329,,4537,152046,0,0,56540,994,14,63181,48595,5058,3,1,4,0,317,0,1580,0,0,0,402.74593448638916,500.7658357620239,4192
313.350700000003,1010.8,34,5.36374028008599,5.00250125062473,5.455537370431334,186.65999999999767,199.90000000002328,5,0.6400000005960464,6.040000000596047,54.1,,4537,152046,0,0,56540,994,14,63181,48595,5058,3,1,4,0,317,0,1580,0,0,0,416.2513475418091,500.7658357620239,4192
314.2845,1012.8,34,5.363740280085989,5.00250125062473,5.455537370431334,186.65999999999767,199.90000000002328,5,0.9599999994039535,5.920000000298023,54.920000000298025,,4537,152046,0,0,56540,994,14,63181,48595,5058,3,1,4,0,317,0,1580,0,0,0,400.6715326309204,500.7445955276489,4192
315.222200000003,1015.2,34,5.37911923894099,5,5.4585152838424476,186.10000000000582,200,6,0.683333333581686,6.100000000248353,54.59999999900659,,4537,152046,0,0,56540,994,14,63181,48595,5058,3,1,4,0,317,0,1580,0,0,0,416.86806201934814,500.7445955276489,4192
316.340200000003,1017.2,34,5.272632805999668,5,5.455537370431334,190,200,5,0.6200000002980233,5.9999999985098835,55.58000000119209,,4537,152046,0,0,56540,994,14,63181,48595,5058,3,1,4,0,317,0,1580,0,0,0,398.4869213104248,500.74466133117676,4192
317.283,1019.2,34,5.36374028008599,5.00250125062473,5.455537370431334,186.65999999999767,199.90000000002328,5,0.7200000002980232,6.079999998211861,54.979999999701974,,4537,152046,0,0,56540,994,14,63181,48595,5058,3,1,4,0,317,0,1580,0,0,0,411.965856552124,500.74466133117676,4192
318.2225,1021.6,34,5.3031958026274015,5,5.455537370431334,188.8833333333314,200,6,0.5833333333333334,5.950000000496705,54.81666666517655,,4537,152046,0,0,56540,994,14,63181,48595,5058,3,1,4,0,317,0,1580,0,0,0,396.17224979400635,500.74467945098877,4192
319.3471000000015,1023.2,35,4.727768685215234,4,5.455537370431334,216.65000000000873,250,4,2.800000000745058,39.79999999888241,72.65000000223517,,5370,175276,0,0,59840,999,14,64784,50198,5004,3,1,5,3,317,15,1584,0,0,5,458.81539821624756,520.0171804428101,4192
320.4001000000015,1024.8,35,4.475250320881088,4,5,225,250,4,1.925000000745058,17.40000000037253,62.475000001490116,,4789,162374,0,0,60070,1004,14,64058,49357,5071,3,1,5,4,317,36,1585,0,0,17,467.1485242843628,520.5959920883179,4192
321.23430000000445,1026.8,35,4.723361034164458,4,5,213.31999999999533,250,5,2.600000001490116,16.740000000596048,77.24000000059604,,4732,159858,0,0,60029,1009,14,64045,49340,5065,3,1,5,8,317,41,1585,0,0,35,430.2316360473633,503.6908950805664,4192
322.3718999999985,1028.8,35,5,5,5,200,200,5,2.0400000020861624,8.219999998807907,57.95999999791384,,4723,159568,0,0,60031,1010,14,64008,49310,5070,3,1,5,5,317,35,1585,0,0,15,425.2133798599243,504.25883960723877,4192
323.3728000000045,1030.8,35,4.923361034164209,4.6168051708210465,5,203.32000000000698,216.60000000003492,5,2.299999998509884,11.340000002086162,58.459999999403955,,4732,159742,0,0,60037,1013,14,64040,49344,5072,3,1,5,8,317,33,1585,0,0,17,434.75377368927,515.0978899002075,4192
324.37630000000445,1032.8,35,5.014373825183777,4.616805170822287,5.4525627044704095,199.97999999999303,216.59999999997672,5,1.8599999979138375,8.600000001490116,58.84000000059605,,4732,159742,0,0,60039,1014,14,63975,49312,5063,3,1,5,8,317,21,1585,0,0,14,432.09813022613525,515.8658037185669,4192
325.378200000003,1034.8,35,5.013968758125612,4.616805170822287,5.455537370431334,200,216.59999999997672,5,1.7799999997019769,8.220000000298024,60.58000000119209,,4834,162544,0,0,60218,1016,14,63987,49321,5068,3,1,5,7,317,20,1585,0,0,19,427.9380884170532,516.5714311599731,4192
326.3896000000015,1036.8,35,5,5,5,200,200,5,1.3599999979138375,7.1,58.90000000149011,,4742,160282,0,0,60215,1017,14,63956,49293,5073,3,1,5,8,317,16,1585,0,0,21,446.46968173980713,516.7628679275513,4192
327.38160000000147,1038.8,35,5,5,5,200,200,5,1.3,6.96000000089407,59.31999999880791,,4733,160108,0,0,60217,1018,14,63946,49283,5073,3,1,5,5,317,16,1585,0,0,19,433.3854570388794,516.7907609939575,4192
328.37970000000297,1040.8,35,5.091012791019028,5,5.4525627044704095,196.66000000000932,200,5,1.0200000002980232,7.179999999701977,58.8,,4727,159992,0,0,60217,1018,14,63896,49249,5073,3,1,5,3,317,8,1585,0,0,18,451.09753131866455,517.0966386795044,4192
329.36880000000446,1042.8,35,5.091607724211505,5,5.455537370431334,196.6399999999907,200,5,0.8400000005960464,6.3799999982118605,58.82000000178814,,4721,159876,0,0,60217,1018,14,63847,49214,5073,3,1,5,1,317,1,1585,0,0,4,434.8187999725342,517.0967044830322,4192
330.3463000000045,1044.8,35,4.9234351832121135,4.614674665435839,5.00250125062473,203.32000000000698,216.70000000001164,5,0.7600000023841857,7.019999998807907,59.28000000119209,,4718,159818,0,0,60217,1018,14,63840,49209,5073,3,1,5,0,317,0,1585,0,0,0,450.1230173110962,517.0967226028442,4192
331.3606000000015,1046.8,35,5.090607723961446,4.997501249375894,5.455537370431334,196.67999999999302,200.09999999997672,5,0.6400000005960464,6.240000000596046,64.67999999970198,,4830,165250,0,0,62461,1018,14,63840,49209,5073,3,1,1,0,317,0,1585,0,0,0,439.32813930511475,517.0755300521851,4192
332.3845,1048.8,35,4.857765573742727,4.286326618087442,5.002501250626187,206.64000000000232,233.30000000004657,5,0.6399999991059303,6.240000000596046,57.619999998807906,,4830,165250,0,0,62461,1018,14,63840,49209,5073,3,1,1,0,317,0,1585,0,0,0,454.7759962081909,517.0755300521851,4192
333.37710000000146,1050.8,35,5,5,5,200,200,5,0.7,6.420000001788139,59.319999997317794,,4830,165250,0,0,62461,1018,14,63840,49209,5073,3,1,1,0,317,0,1585,0,0,0,442.51420879364014,517.0755300521851,4192
334.378700000003,1052.4,36,5.0000006250001565,4.997501249375894,5.00250125062473,200,200.09999999997672,4,1.799999998882413,23.550000000745058,58.92500000074506,,4836,165598,0,0,62465,1020,14,64213,49676,4965,3,1,1,2,317,7,1585,0,0,16,466.1710157394409,525.0415639877319,4192
335.3401000000015,1054,36,4.071581654521861,4,4.286326618087442,245.82500000001164,250,4,2.624999998137355,32.875000001862645,71.10000000149012,,4943,171556,0,0,63741,1026,14,64487,49805,5060,3,1,1,7,317,32,1585,0,0,14,491.2779378890991,553.4646596908569,4192
336.2713999999985,1056,36,4.769231400338875,4.614674665435839,5.00250125062473,210,216.70000000001164,5,2.6400000005960464,11.839999999105931,60.67999999821186,,4956,170696,0,0,63867,1034,14,64685,49967,5064,3,1,1,11,317,48,1585,0,0,30,510.98126125335693,560.0393056869507,4192
337.3243000000045,1058,36,4.7040615409942745,4.286326618088512,5.00250125062473,213.3,233.29999999998836,5,1.8599999994039536,8.280000001192093,60.83999999910593,,4944,170116,0,0,63896,1037,14,64525,49823,5072,3,1,1,7,317,36,1585,0,0,28,506.56722927093506,563.6953725814819,4192
338.3878999999985,1059.6,36,4.8079626453744115,4.614674665435839,5.00250125062473,208.3249999999971,216.70000000001164,4,2.600000001490116,8.399999998509884,60.399999998509884,,4934,169942,0,0,63901,1040,14,64581,49872,5065,3,1,1,10,317,43,1585,0,0,28,525.8604803085327,564.2509145736694,4192
339.2188000000045,1061.6,36,4.7691580380000484,4.6125461254615026,5,210,216.79999999998836,5,2.519999998807907,7.579999999701977,60.14000000059605,,4928,169710,0,0,63907,1043,14,64506,49811,5073,3,1,1,8,317,32,1585,0,0,27,518.3190298080444,566.7312154769897,4192
340.254,1063.6,36,4.845869866174583,4.614674665435839,5,206.67999999999302,216.70000000001164,5,1.8399999976158141,8.000000001490116,60.27999999970198,,5004,171566,0,0,64034,1047,14,64528,49829,5069,3,1,1,8,317,36,1585,0,0,22,509.7694158554077,568.8703298568726,4192
341.29570000000297,1065.6,36,4.846796217376614,4.614674665435839,5.002501250626187,206.64000000000232,216.70000000001164,5,1.9600000023841857,7.5,60.25999999940395,,4938,170000,0,0,64058,1049,14,64504,49808,5072,3,1,1,5,317,33,1585,0,0,42,528.0925703048706,569.0472249984741,4192
342.326700000003,1067.6,36,4.846370116299529,4.614674665435839,5.00250125062473,206.65999999999767,216.70000000001164,5,1.5799999982118607,6.940000002086163,60.3,,4907,169304,0,0,64059,1050,14,64391,49726,5073,3,1,1,1,317,17,1585,0,0,38,514.6715459823608,570.062575340271,4192
343.352200000003,1069.6,36,4.9234351832121135,4.614674665435839,5.00250125062473,203.32000000000698,216.70000000001164,5,1.199999998509884,6.6,60.24000000059605,,4907,169304,0,0,64061,1051,14,64384,49721,5073,3,1,1,1,317,16,1585,0,0,49,530.2285718917847,570.0800619125366,4192
344.418,1071.2,36,4.654201292705261,4,5,216.65000000000873,250,4,1.200000001117587,6.424999998882413,70.79999999888241,,4774,163458,0,0,66454,1051,14,64356,49701,5073,3,1,2,0,317,12,1585,0,0,32,521.3622465133667,571.3300619125366,4192
345.25989999999854,1073.2,36,5.000000500000126,4.99750124937444,5.002501250626187,200,200.10000000003492,5,1.3999999985098839,7.459999999403953,59,,4777,163516,0,0,66456,1052,14,64437,49776,5073,3,1,2,1,317,15,1585,0,0,48,515.8096647262573,574.042799949646,4192
346.26160000000147,1075.2,36,5.000500750125363,4.99750124937444,5.002501250626187,199.97999999999303,200.10000000003492,5,1.3200000002980232,6.560000002384186,59.17999999970198,,4777,163516,0,0,66456,1052,14,64352,49701,5073,3,1,2,1,317,10,1585,0,0,33,530.5382146835327,574.042799949646,4192
347.26330000000445,1077.2,36,5,5,5,200,200,5,1,6.939999997615814,59.78000000268221,,4774,163458,0,0,66456,1052,14,64352,49701,5073,3,1,2,0,317,10,1585,0,0,36,519.7137784957886,578.8102865219116,4192
348.2685,1079.2,36,5.014468508250476,4.6168051708210465,5.455537370431334,199.98000000000465,216.60000000003492,5,0.9399999991059304,6.7,58.37999999970198,,4777,163516,0,0,66458,1053,14,64310,49671,5073,3,1,2,1,317,4,1585,0,0,17,534.492190361023,578.8277730941772,4192
349.2615,1081.2,36,5.000000500000125,4.997501249375894,5.00250125062473,200,200.09999999997672,5,0.5599999994039535,6.240000002086163,58.23999999910593,,4774,163458,0,0,66458,1053,14,64282,49651,5073,3,1,2,0,317,0,1585,0,0,0,518.1959791183472,578.8277730941772,4192
350.258,1083.2,37,4.8,4,5,210,250,5,2.719999998807907,21.280000001192093,66.07999999970198,,4933,174656,0,0,67559,1056,14,64754,50201,4963,3,1,2,3,317,16,1585,0,0,14,553.9477491378784,597.0261831283569,4192
351.4323999999985,1084.8,37,4.474791202777286,4,5,225.02499999999418,250,4,2.75,16.375000001862645,63.55000000074506,,4856,166596,0,0,67607,1063,14,64628,49939,5059,3,1,2,7,317,36,1585,0,0,33,563.1880903244019,610.8957662582397,4192
352.286,1086.8,37,4.769657001415835,4.614674665435839,5,209.98000000000465,216.70000000001164,5,2.2,8.3,60.81999999880791,,4843,166248,0,0,67610,1065,14,64665,49950,5071,3,1,2,9,317,43,1585,0,0,75,561.4242162704468,615.6536855697632,4192
353.3223000000045,1088.8,37,4.84629646725175,4.614674665437079,5.00250125062473,206.65999999999767,216.69999999995343,5,2.5799999982118607,8.680000001192093,59.80000000149012,,4852,166538,0,0,67620,1070,14,64708,49982,5070,3,1,2,12,317,49,1585,0,0,67,558.4867963790894,620.0618581771851,4192
354.36120000000295,1090.8,37,4.846296467251751,4.614674665435839,5.002501250626187,206.65999999999767,216.70000000001164,5,2.16000000089407,8.919999998807906,59.3,,4852,166422,0,0,67632,1076,14,64629,49931,5068,3,1,2,12,317,36,1585,0,0,29,583.0670576095581,620.8200521469116,4192
355.3896000000015,1092.4,37,4.904201292705572,4.616805170822287,5,204.14999999999418,216.59999999997672,4,2.524999998509884,9.249999998137355,60.275000002235174,,4855,166480,0,0,67646,1083,14,64688,49968,5072,3,1,2,13,317,45,1585,0,0,25,574.508376121521,623.1778402328491,4192
356.22060000000147,1094.4,37,4.646295967251377,4,5,216.66000000000932,250,5,2.3599999994039536,7.780000001192093,65.4,,4962,171504,0,0,69631,1088,14,64597,49903,5072,3,1,3,1,317,32,1585,0,0,10,571.3179388046265,625.7379598617554,4192
357.3181000000015,1096.4,37,4.846722568328749,4.616805170822287,5.00250125062473,206.64000000000232,216.59999999997672,5,1.8600000008940696,7.33999999910593,60.5,,4969,171926,0,0,69670,1091,14,64533,49856,5073,3,1,3,0,317,23,1585,0,0,14,566.9672346115112,627.7340536117554,4192
358.3623000000045,1098.4,37,4.846370116299573,4.614674665435839,5.002501250626187,206.65999999999767,216.70000000001164,5,1.4400000005960465,7.13999999910593,59.600000001490116,,4959,171446,0,0,69666,1094,14,64481,49816,5073,3,1,3,0,317,17,1585,0,0,36,583.3364744186401,627.7783880233765,4192
359.398,1100,37,4.807963136727183,4.6125461254615026,5.002501250626187,208.3249999999971,216.79999999998836,4,2.025000000372529,6.699999999254942,59.32500000111759,,4959,171446,0,0,69668,1095,14,64446,49791,5073,3,1,3,0,317,12,1585,0,0,30,571.1991300582886,632.5589895248413,4192
360.2236000000015,1102,37,4.846370116299282,4.614674665435839,5.00250125062473,206.66000000000932,216.70000000001164,5,0.8600000023841858,6.459999999403953,59.15999999940395,,4959,171446,0,0,69668,1095,14,64404,49761,5073,3,1,3,0,317,6,1585,0,0,23,585.9634962081909,632.5589895248413,4192
361.2535,1103.6,37,4.65366866635927,4,5,216.67499999998836,250,4,19.075000001117587,8.575000001117587,65.0749999973923,,4962,171504,0,0,69670,1096,14,64411,49766,5073,3,1,3,1,317,7,1585,0,0,15,470.3378715515137,632.33935546875,4192
362.2258000000045,1105.6,37,4.723435183212405,4,5.002501250626187,213.31999999999533,250,5,0.7599999994039536,6.1199999988079075,59.02000000178814,,4959,171446,0,0,69670,1096,14,64362,49731,5073,3,1,3,0,317,0,1585,0,0,0,484.8901901245117,632.33935546875,4192
363.2581000000015,1107.6,37,4.846370116299529,4.614674665435839,5.00250125062473,206.65999999999767,216.70000000001164,5,0.6799999982118606,6.120000000298023,59.28000000119209,,4959,171446,0,0,69670,1096,14,64362,49731,5073,3,1,3,0,317,0,1585,0,0,0,433.5240411758423,596.800404548645,4192
364.28030000000444,1109.6,37,4.923361034164209,4.6168051708210465,5,203.32000000000698,216.60000000003492,5,0.6800000011920929,6.220000000298024,58.72000000029802,,4959,171446,0,0,69670,1096,14,64362,49731,5073,3,1,3,0,317,0,1585,0,0,0,447.9245386123657,596.800404548645,4192
365.3018999999985,1111.6,37,4.922935433087293,4.614674665435839,5.002501250626187,203.34000000000233,216.70000000001164,5,0.6000000014901161,6.2,58.57999999821186,,4959,171446,0,0,69670,1096,14,64362,49731,5073,3,1,3,0,317,0,1585,0,0,0,462.3487300872803,596.8004703521729,4192
366.3188999999985,1113.2,38,4.557869959064531,4,5,220.8249999999971,250,4,2.625,26.75,62.65000000037253,,5091,180490,0,0,70278,1100,14,64999,50409,4994,3,1,3,4,317,19,1585,0,0,7,460.86913871765137,604.8259601593018,4192
367.26720000000296,1115.2,38,4.417240129032576,4.286326618088512,4.614674665435839,226.67999999999302,233.29999999998836,5,1.8999999985098839,16.86000000089407,63.32000000029802,,5149,181170,0,0,70594,1108,14,64878,50180,5066,3,1,3,6,317,37,1585,0,0,39,477.88244342803955,608.6681642532349,4192
368.389,1116.8,38,4.615739918128752,4.614674665435839,4.6168051708210465,216.65000000000873,216.70000000001164,4,2.024999998509884,11.099999999627471,64.32499999925494,,5116,180932,0,0,70758,1113,14,64939,50241,5068,3,1,3,1,317,36,1585,0,0,30,483.4561700820923,609.9320573806763,4192
369.2973000000045,1118.8,38,4.503561290869328,4,5,223.31999999999533,250,5,1.699999998509884,10.5,67.7,,4839,168682,0,0,73131,1127,14,64908,50238,5072,3,1,4,4,317,20,1585,0,0,42,501.1356420516968,611.375319480896,4192
370.39030000000446,1120.4,38,4.807869959064531,4.614674665435839,5,208.3249999999971,216.70000000001164,4,1.425000000745058,9.824999997392297,62.275000002235174,,4816,167542,0,0,73178,1131,14,64800,50155,5071,3,1,4,0,317,8,1585,0,0,22,500.74676418304443,612.1350317001343,4192
371.22,1122.4,38,4.769731150463739,4.614674665435839,5.00250125062473,209.98000000000465,216.70000000001164,5,1.2000000014901162,8.07999999821186,63.14000000208616,,4800,167136,0,0,73185,1135,14,64769,50126,5073,3,1,4,1,317,6,1585,0,0,14,494.46448802948,612.354208946228,4192
372.261,1124.4,38,4.923009475217538,4.6125461254615026,5.002501250626187,203.33999999999068,216.79999999998836,5,1.0199999988079071,7.120000000298023,59.23999999910593,,4797,167078,0,0,73191,1138,14,64762,50121,5073,3,1,4,0,317,5,1585,0,0,16,510.3554525375366,612.4460134506226,4192
373.323700000003,1126,38,4.404068826422892,4,5,229.15000000000873,250,4,0.8749999981373549,9.225000003352761,69.125,,4797,167078,0,0,73193,1139,14,64727,50096,5073,3,1,4,0,317,0,1585,0,0,0,465.2343521118164,590.713264465332,4192
374.2121000000015,1128,38,4.923361534164583,4.616805170822287,5.00250125062473,203.31999999999533,216.59999999997672,5,0.7200000002980232,6.259999999403954,59.979999999701974,,4797,167078,0,0,73193,1139,14,64727,50096,5073,3,1,4,0,317,0,1585,0,0,0,480.8172883987427,590.7133684158325,4192
375.2178999999985,1130,38,5.01387357505854,4.616805170822287,5.4525627044704095,200,216.59999999997672,5,0.6400000020861626,6.439999999105931,60.059999999403956,,4797,167078,0,0,73193,1139,14,64727,50096,5073,3,1,4,0,317,0,1585,0,0,0,451.14421939849854,578.816388130188,4192
376.22870000000296,1132,38,4.93732979229007,4.616805170822287,5.455537370431334,203.31999999999533,216.59999999997672,5,0.6799999997019768,6.400000001490116,59.71999999880791,,4797,167078,0,0,73193,1139,14,64727,50096,5073,3,1,4,0,317,0,1585,0,0,0,466.6308755874634,578.816388130188,4192
377.24570000000296,1134,38,4.846370116299282,4.614674665435839,5.00250125062473,206.66000000000932,216.70000000001164,5,0.6799999997019768,6.520000000298023,60.13999999910593,,4797,167078,0,0,73193,1139,14,64727,50096,5073,3,1,4,0,317,0,1585,0,0,0,448.8221597671509,580.816388130188,4192
378.25830000000445,1136,38,5.000500750125363,4.99750124937444,5.002501250626187,199.97999999999303,200.10000000003492,5,0.7799999997019768,6.220000001788139,58.63999999910593,,4797,167078,0,0,73193,1139,14,64727,50096,5073,3,1,4,0,317,0,1585,0,0,0,462.84240531921387,580.8164539337158,4192
379.2588999999985,1138,38,5.000000500000125,4.99750124937444,5.002501250626187,200,200.10000000003492,5,0.5999999970197678,6.280000004172325,59.49999999701977,,4797,167078,0,0,73193,1139,14,64727,50096,5073,3,1,4,0,317,0,1585,0,0,0,444.986722946167,580.8164539337158,4192
380.27,1140,38,5.014542657298381,4.614674665435839,5.455537370431334,199.98000000000465,216.70000000001164,5,0.5800000011920929,6.159999999403953,58.41999999880791,,4797,167078,0,0,73193,1139,14,64727,50096,5073,3,1,4,0,317,0,1585,0,0,0,458.9611864089966,580.8164720535278,4192
381.2931000000015,1142,39,4.7802002567048705,4.286326618088512,5,210,233.29999999998836,5,0.5799999997019768,6.2399999991059305,63.70000000149012,,4860,167486,0,0,74706,1139,14,64727,50096,5073,3,1,5,0,317,0,1585,0,0,0,449.1906843185425,580.8165197372437,4192
382.33670000000296,1143.6,39,4.392245072836386,4,5,229.1999999999971,250,4,2.699999999254942,35.42499999888241,71.5500000026077,,5266,187634,0,0,75913,1146,14,66228,51576,5038,3,1,5,6,317,28,1585,0,0,29,485.36982250213623,592.9583501815796,4192
383.343200000003,1145.2,39,4.379392655546757,4.001600640256662,4.616805170822287,229.14999999999418,249.89999999996508,4,1.9499999973922968,16.72499999962747,64.70000000111759,,5020,178138,0,0,75913,1152,14,65653,51006,5043,3,1,5,4,317,23,1585,0,0,28,517.5936079025269,596.6614370346069,4192
384.23820000000296,1147.2,39,4.5494315501258376,4.286326618088512,4.616805170822287,220,233.29999999998836,5,1.5400000020861626,11.219999998807907,63.93999999910593,,5004,176624,0,0,75962,1160,14,65722,51052,5070,3,1,5,3,317,21,1585,0,0,20,503.8453893661499,598.4149160385132,4192
385.31780000000447,1149.2,39,4.6929443865325124,4.6168051708210465,4.997501249375894,213.3,216.60000000003492,5,1.180000002682209,8.379999999701976,65.63999999910592,,4995,176450,0,0,75968,1163,14,65583,50946,5073,3,1,5,0,317,3,1585,0,0,9,526.5910749435425,598.891676902771,4192
386.3928999999985,1150.8,39,4.62899249548259,4.284490145672238,5,216.6750000000029,233.40000000002328,4,1.025000000372529,8.049999998882413,62.625,,5001,176566,0,0,75980,1169,14,65626,50971,5073,3,1,5,2,317,12,1585,0,0,16,513.4350309371948,598.9917974472046,4192
387.2423000000045,1152.8,39,4.769305049386741,4.614674665435839,5.002501250626187,210,216.70000000001164,5,0.9399999991059304,7.420000000298023,62.840000002086164,,4998,176508,0,0,75986,1172,14,65584,50941,5073,3,1,5,1,317,6,1585,0,0,14,529.7685422897339,599.0879735946655,4192
388.3016000000015,1154.8,39,4.769731150464031,4.614674665435839,5.002501250626187,209.97999999999303,216.70000000001164,5,0.7400000005960464,6.720000000298024,62.72000000029802,,4995,176450,0,0,75988,1173,14,65542,50911,5073,3,1,5,0,317,0,1585,0,0,0,516.4349699020386,599.1054601669312,4192
389.3543999999985,1156.8,39,4.703135189792072,4.286326618087442,5,213.34000000000233,233.30000000004657,5,0.6200000017881393,6.520000000298023,62.480000001192096,,4995,176450,0,0,75988,1173,14,65542,50911,5073,3,1,5,0,317,0,1585,0,0,0,530.8877668380737,599.1054601669312,4192
390.4108999999985,1158.4,39,4.7120712517697925,4.614674665437079,5,212.47500000000582,216.69999999995343,4,0.6750000007450581,6.549999998882413,63.649999998509884,,4995,176450,0,0,75988,1173,14,65542,50911,5073,3,1,5,0,317,0,1585,0,0,0,511.4840841293335,599.1054601669312,4192
391.2688999999985,1160.4,39,4.69259193450325,4.614674665435839,5,213.31999999999533,216.70000000001164,5,0.6400000020861626,6.939999997615814,62.75999999940395,,4995,176450,0,0,75988,1173,14,65542,50911,5073,3,1,5,0,317,0,1585,0,0,0,525.9653806686401,599.1054601669312,4192
392.32220000000297,1162.4,39,4.846295967251625,4.614674665435839,5,206.65999999999767,216.70000000001164,5,0.5400000005960465,6.419999998807907,62.14000000059605,,4995,176450,0,0,75988,1173,14,65542,50911,5073,3,1,5,0,317,0,1585,0,0,0,508.7240858078003,599.1054601669312,4192
393.3676000000015,1164,39,4.461538625423491,4,4.6168051708210465,225,250,4,0.5750000011175871,6.549999998882413,69.05000000074506,,5219,190162,0,0,77608,1173,14,65542,50911,5073,3,1,1,0,317,0,1585,0,0,0,524.3395643234253,599.1054601669312,4192
394.2656000000015,1166,39,4.492591934503002,4,4.616805170822287,223.32000000000698,250,5,14.880000002682209,7.17999999821186,71.14000000208617,,5219,190162,0,0,77608,1173,14,65542,50911,5073,3,1,1,0,317,0,1585,0,0,0,476.5851707458496,599.261474609375,4192
395.47060000000147,1167.6,39,4.571582279522286,4,5.002501250626187,220.8249999999971,250,4,0.5749999992549419,6.349999999627471,62.17500000074506,,5219,190162,0,0,77608,1173,14,65542,50911,5073,3,1,1,0,317,0,1585,0,0,0,488.6302947998047,599.261474609375,4192
396.340700000003,1169.6,39,4.62612892947324,4.284490145672238,5,216.68000000000467,233.40000000002328,5,0.5599999994039535,6.3800000011920925,62.17999999970198,,5219,190162,0,0,77608,1173,14,65542,50911,5073,3,1,1,0,317,0,1585,0,0,0,505.25423526763916,599.2615785598755,4192
397.42260000000147,1171.2,39,4.615739918129063,4.614674665435839,4.616805170822287,216.64999999999418,216.70000000001164,4,0.6249999981373549,6.950000001117587,62.42500000074506,,5219,190162,0,0,77608,1173,14,65542,50911,5073,3,1,1,0,317,0,1585,0,0,0,472.6934862136841,586.5097703933716,4192
398.28430000000446,1172.8,40,4.4620712517697925,4,4.616805170822287,224.97500000000582,250,4,2.524999998509884,34.625000001862645,67.62500000186265,,5391,202182,0,0,78416,1177,14,66399,51857,4950,3,1,1,4,317,17,1585,0,0,11,511.2341585159302,599.2831697463989,4192
399.3378999999985,1174.4,40,4.142704190940187,4,4.286326618088512,241.6750000000029,250,4,2.200000001117587,22.34999999590218,68.35000000149012,,5551,204746,0,0,78844,1182,14,66620,51980,5056,3,1,1,2,317,13,1585,0,0,19,519.5086870193481,604.9518327713013,4192
400.3041000000015,1176,40,4.072441326444901,4,4.288164665522942,245.77499999999418,250,4,1.7000000048428774,19.074999997392297,67.42499999888241,,5458,206182,0,0,79209,1189,14,66752,52108,5052,3,1,1,4,317,17,1585,0,0,11,539.8669748306274,609.6252641677856,4192
401.2633999999985,1178,40,4.29479002553812,4,4.6168051708210465,233.31999999999533,250,5,1.580000001192093,9.479999998211861,67.34000000059605,,5437,204496,0,0,79323,1192,14,66621,51986,5073,3,1,1,1,317,2,1585,0,0,1,545.020432472229,610.6931886672974,4192
402.41730000000445,1179.6,40,4.3681020203398955,4.284490145672238,4.618937644341801,229.1750000000029,233.40000000002328,4,0.7499999981373549,7.200000001117587,66.92500000074506,,5437,204496,0,0,79325,1193,14,66640,52001,5073,3,1,1,1,317,4,1585,0,0,11,533.0077991485596,610.7993640899658,4192
403.3268000000045,1181.6,40,4.4841291570610835,4.286326618088512,4.616805170822287,223.3,233.29999999998836,5,0.7599999994039536,6.7,65.80000000149012,,5434,204438,0,0,79327,1194,14,66612,51981,5073,3,1,1,0,317,0,1585,0,0,0,548.9648418426514,610.8081073760986,4192
404.4518999999985,1183.2,40,4.450574150004719,4.284490145672238,4.616805170822287,225,233.40000000002328,4,0.599999999627471,6.724999997764826,66.52500000037253,,5434,204438,0,0,79327,1194,14,66612,51981,5073,3,1,1,0,317,0,1585,0,0,0,531.1756868362427,610.8081254959106,4192
405.3573999999985,1184.8,40,4.36848713816762,4.284490145672238,4.616805170822287,229.15000000000873,233.40000000002328,4,0.6749999988824129,6.700000001117587,73.19999999925494,,5136,186974,0,0,80981,1194,14,66612,51981,5073,3,1,2,0,317,0,1585,0,0,0,547.2873945236206,610.8081731796265,4192
406.28430000000446,1186.8,40,4.569230900338793,4,5,220,250,5,0.5600000008940696,6.679999999701977,63.14000000059605,,5136,186974,0,0,80981,1194,14,66612,51981,5073,3,1,2,0,317,0,1585,0,0,0,534.9082250595093,610.8081731796265,4192
407.357200000003,1188.8,40,4.6264962239564955,4.286326618088512,5,216.65999999999767,233.29999999998836,5,0.5800000011920929,6.779999999701976,63.35999999940395,,5136,186974,0,0,80981,1194,14,66612,51981,5073,3,1,2,0,317,0,1585,0,0,0,549.7977285385132,610.8081731796265,4192
408.43270000000297,1190.4,40,4.615739918129063,4.614674665435839,4.616805170822287,216.64999999999418,216.70000000001164,4,0.775000000372529,6.724999999627471,63.95000000298023,,5136,186974,0,0,80981,1194,14,66612,51981,5073,3,1,2,0,317,0,1585,0,0,0,534.4089155197144,610.8081731796265,4192
409.304,1192,40,4.47515825957131,4,4.99750124937444,225,250,4,1.1250000018626451,7.549999997019768,81.25,,5136,186974,0,0,80981,1194,14,66612,51981,5073,3,1,2,0,317,0,1585,0,0,0,493.2095146179199,608.5579376220703,4192
410.3225,1194,40,4.569657001415834,4,5,219.98000000000465,250,5,0.6600000008940696,6.439999996125698,62.90000000149011,,5136,186974,0,0,80981,1194,14,66612,51981,5073,3,1,2,0,317,0,1585,0,0,0,509.7290964126587,608.5580415725708,4192
411.408,1195.6,40,4.628918987240048,4.286326618088512,5,216.6750000000029,233.29999999998836,4,0.75,6.650000000372529,64.14999999850988,,5136,186974,0,0,80981,1194,14,66612,51981,5073,3,1,2,0,317,0,1585,0,0,0,521.6436815261841,608.5580415725708,4192
412.28230000000445,1197.6,40,4.6264962239564955,4.286326618088512,5,216.65999999999767,233.29999999998836,5,0.6800000011920929,7.53999999910593,63.74000000059605,,5136,186974,0,0,80981,1194,14,66612,51981,5073,3,1,2,0,317,0,1585,0,0,0,491.427529335022,593.7879915237427,4192
413.3553000000045,1199.6,40,4.6265703730044,4.286326618088512,5.00250125062473,216.65999999999767,233.29999999998836,5,0.5200000002980232,6.620000000298023,62.64000000059605,,5136,186974,0,0,80981,1194,14,66612,51981,5073,3,1,2,0,317,0,1585,0,0,0,506.2291383743286,593.7879915237427,4192
414.4266000000015,1201.2,40,4.712071251769793,4.614674665435839,5,212.47500000000582,216.70000000001164,4,0.5250000022351742,7.149999998509884,63.750000001862645,,5136,186974,0,0,80981,1194,14,66612,51981,5073,3,1,2,0,317,0,1585,0,0,0,486.2262353897095,593.7879915237427,4192
415.29070000000297,1202.8,41,4.4757829472276995,4,5,224.97499999999127,250,4,1.950000001117587,27.974999997764826,81.05000000074506,,5979,215008,0,0,82385,1196,14,67195,52639,4984,3,1,2,1,317,7,1585,0,0,10,515.9326915740967,601.6450290679932,4192
416.42589999999853,1204.4,41,4.071581654522128,4,4.286326618088512,245.8249999999971,250,4,3.375,31.699999999254942,70.84999999962747,,5415,202658,0,0,82642,1204,14,67708,53025,5061,3,1,2,4,317,32,1585,0,0,8,547.577184677124,611.1092472076416,4192
417.37789999999853,1206,41,4.2863274055978575,4.284490145672238,4.288164665524012,233.3000000000029,233.40000000002328,4,1.849999999627471,13.325000002980232,66.77499999850988,,5360,201606,0,0,82685,1207,14,67833,53147,5060,3,1,2,2,317,34,1585,0,0,14,557.5753717422485,612.8354005813599,4192
418.3305,1207.6,41,4.2142858454623155,4,4.286326618088512,237.5,250,4,2.300000000745058,14.249999998137355,78.90000000037253,,5782,224388,0,0,85547,1224,14,67995,53264,5069,3,1,3,13,317,52,1585,0,0,17,547.9525709152222,614.480902671814,4192
419.3521000000015,1209.2,41,4.071981814586026,4,4.286326618087442,245.8000000000029,250,4,1.675000000745058,10.75,68.84999999962747,,5763,224388,0,0,85560,1231,14,68030,53281,5073,3,1,3,13,317,59,1585,0,0,14,547.4884672164917,614.6311101913452,4192
420.338,1210.8,41,4.07192285654639,4,4.284490145672238,245.79999999998836,250,4,1.75,11.199999999254942,69.95000000111759,,5759,224314,0,0,85611,1237,14,68049,53303,5072,3,1,3,10,317,58,1585,0,0,12,571.4662809371948,615.0870885848999,4192
421.3223000000045,1212.4,41,4.071922856546157,4,4.284490145672238,245.8000000000029,250,4,1.375,11.099999999627471,69.42500000074506,,5732,222748,0,0,85625,1244,14,67910,53201,5073,3,1,3,1,317,39,1585,0,0,10,567.8880109786987,615.3347692489624,4192
422.296700000003,1214,41,4.142704190940455,4,4.286326618088512,241.67499999998836,250,4,1.7499999981373549,10.25,69.65000000037253,,5740,223138,0,0,85670,1247,14,67950,53231,5073,3,1,3,2,317,44,1585,0,0,14,557.8540830612183,617.2951498031616,4192
423.2621000000015,1215.6,41,4.071522696481992,4,4.284490145672238,245.82500000001164,250,4,20.899999998509884,14.125,86.47499999962747,,5740,223138,0,0,85676,1250,14,67811,53136,5073,3,1,3,2,317,22,1585,0,0,15,508.872181892395,601.356785774231,4192
424.40980000000445,1217.2,41,4,4,4,250,250,4,1.2249999977648258,13.175000000745058,73.32500000111759,,5769,225230,0,0,85949,1250,14,67845,53203,5072,3,1,3,0,317,6,1585,0,0,4,522.1900224685669,603.468991279602,4192
425.41570000000297,1218.8,41,4.071581654522128,4,4.286326618088512,245.8249999999971,250,4,1.025000000372529,11.974999997764826,69.42500000074506,,5798,226358,0,0,86030,1251,14,67929,53293,5072,3,1,3,0,317,3,1585,0,0,4,528.8611154556274,607.1033296585083,4192
426.3913000000045,1220.4,41,4.214745357320923,4,4.288164665522942,237.47500000000582,250,4,1.0249999985098839,8.349999999627471,69.65000000037253,,5785,226010,0,0,86037,1255,14,67892,53241,5073,3,1,3,2,317,10,1585,0,0,15,519.7350549697876,607.2452821731567,4192
427.3531000000015,1222,41,4.142704190940187,4,4.286326618087442,241.6750000000029,250,4,1.125,7.650000002235174,68.77499999850988,,5782,225952,0,0,86043,1258,14,67857,53216,5073,3,1,3,1,317,5,1585,0,0,10,535.1245355606079,607.3196001052856,4192
428.31,1223.6,41,4.2147449635663845,4,4.286326618088512,237.47499999999127,250,4,0.775000000372529,6.775000000372529,68.89999999850988,,5779,225894,0,0,86043,1258,14,67822,53191,5073,3,1,3,0,317,0,1585,0,0,0,519.426061630249,607.3240375518799,4192
429.2635,1225.6,41,4.171428676369852,4,4.286326618088512,240,250,5,0.6600000008940696,6.96000000089407,68.87999999821186,,5779,225894,0,0,86043,1258,14,67822,53191,5073,3,1,3,0,317,0,1585,0,0,0,536.3861408233643,607.3240375518799,4192
430.4538999999985,1227.2,41,4.214745357320923,4,4.288164665522942,237.47500000000582,250,4,0.6999999992549419,7.099999997764826,69.45000000111759,,5779,225894,0,0,86043,1258,14,67822,53191,5073,3,1,3,0,317,0,1585,0,0,0,518.8269052505493,607.3240556716919,4192
431.413,1228.8,41,4.143163309043989,4,4.286326618088512,241.65000000000873,250,4,0.8499999977648258,6.900000002235174,77.59999999776483,,5447,210238,0,0,88903,1258,14,67822,53191,5073,3,1,4,0,317,0,1585,0,0,0,538.016978263855,607.3241033554077,4192
432.41760000000147,1230.4,41,4.368413629925343,4.286326618088512,4.614674665435839,229.14999999999418,233.29999999998836,4,0.5999999977648258,7.550000000745058,66.17500000074506,,5447,210238,0,0,88903,1258,14,67822,53191,5073,3,1,4,0,317,0,1585,0,0,0,525.4908742904663,607.3241033554077,4192
433.32920000000297,1232,42,4.451033268108477,4.286326618088512,4.6168051708210465,224.97500000000582,233.29999999998836,4,0.5500000007450581,6.775000000372529,65.70000000111759,,5447,210238,0,0,88903,1258,14,67822,53191,5073,3,1,4,0,317,0,1585,0,0,0,538.3293142318726,607.3241033554077,4192
434.3526000000015,1233.6,42,4,4,4,250,250,4,3.5,52.80000000074506,85.92500000074506,,5845,229386,0,0,90603,1265,14,69139,54481,5058,3,1,4,4,317,21,1585,0,0,11,597.0500631332397,639.8784017562866,4192
435.5175,1234.8,42,4,4,4,250,250,3,1.766666665673256,18.46666666616996,71.66666666666667,,5752,227714,0,0,90722,1269,14,69246,54577,5065,3,1,4,6,317,23,1585,0,0,12,590.180869102478,651.9156637191772,4192
436.2756000000015,1236.4,42,4.072041166380735,4,4.288164665522942,245.8000000000029,250,4,1.7749999985098839,10.775000000372529,73.07499999925494,,5734,227756,0,0,90773,1276,14,69275,54563,5072,3,1,4,11,317,41,1585,0,0,5,591.2188673019409,656.1180486679077,4192
437.26530000000446,1238.4,42,4.05721815718578,4,4.284490145672238,246.65999999999767,250,5,1.719999997317791,11.160000000894069,70.52000000178813,,5727,227872,0,0,90788,1284,14,69422,54675,5071,3,1,4,15,317,59,1585,0,0,13,593.3194189071655,658.463568687439,4192
438.491200000003,1240,42,4.071922856546157,4,4.284490145672238,245.8000000000029,250,4,1.5249999985098839,10.625000001862645,70.19999999925494,,5751,228858,0,0,90851,1291,14,69442,54691,5073,3,1,4,18,317,60,1585,0,0,14,617.072413444519,658.7153921127319,4192
439.477,1241.6,42,4.071981814586061,4,4.286326618088512,245.8000000000029,250,4,1.2250000033527613,10.775000000372529,69.52499999664724,,5735,228014,0,0,90891,1296,14,69353,54630,5071,3,1,4,8,317,47,1585,0,0,8,609.0949201583862,660.5327825546265,4192
440.4486000000015,1243.2,42,4.142704190940187,4,4.286326618087442,241.6750000000029,250,4,1.4500000029802322,9.649999996647239,68.09999999962747,,5695,226680,0,0,90894,1298,14,69260,54561,5073,3,1,4,1,317,34,1585,0,0,10,597.6051588058472,661.6625509262085,4192
441.4088000000045,1244.8,42,4.2142858454623155,4,4.286326618088512,237.5,250,4,0.9500000011175871,9.324999997392297,67.87500000186265,,5698,226738,0,0,90896,1299,14,69155,54486,5073,3,1,4,2,317,19,1585,0,0,21,614.8247632980347,661.7473363876343,4192
442.3693999999985,1246.4,42,4.143563469108154,4,4.286326618088512,241.625,250,4,1.0249999985098839,12.825000001117587,68.24999999813735,,5698,226738,0,0,90902,1302,14,69248,54623,5047,3,1,4,2,317,10,1585,0,0,14,623.6665678024292,665.3664999008179,4192
443.36010000000147,1247.6,42,4,4,4,250,250,3,1.1999999980131786,15.233333331843218,116.7000000004967,,5742,229826,0,0,91292,1302,14,69283,54653,5072,3,1,4,0,317,0,1585,0,0,0,547.9494590759277,666.0674057006836,4192
444.27980000000446,1249.2,42,4.071522696482259,4,4.284490145673306,245.8249999999971,250,4,1.275000000372529,10.724999999627471,82.72499999962747,,5720,224590,0,0,94603,1304,14,69290,54658,5072,3,1,5,0,317,1,1585,0,0,0,557.6423711776733,644.8615407943726,4192
445.345700000003,1250.8,42,4.071522696482225,4,4.284490145672238,245.8249999999971,250,4,1.0500000026077032,8.699999997392297,70.30000000074506,,5720,224590,0,0,94603,1304,14,69286,54651,5073,3,1,5,0,317,2,1585,0,0,3,551.0100555419922,644.8811531066895,4192
446.3085,1252.4,42,4.214686005526481,4.001600640256662,4.286326618088512,237.47499999999127,249.89999999996508,4,0.650000000372529,6.849999997764826,71.07499999925494,,5720,224590,0,0,94603,1304,14,69272,54641,5073,3,1,5,0,317,0,1585,0,0,0,541.6379890441895,649.3811531066895,4192
447.2683999999985,1254.4,42,4.171796285856738,4,4.288164665522942,239.98000000000465,250,5,0.5800000011920929,6.8599999994039536,69.99999999850988,,5720,224590,0,0,94603,1304,14,69272,54641,5073,3,1,5,0,317,0,1585,0,0,0,559.9372215270996,649.3811531066895,4192
448.47060000000147,1256,42,4.142645232900284,4,4.284490145672238,241.6750000000029,250,4,0.599999999627471,6.925000000745058,70.07499999925494,,5720,224590,0,0,94603,1304,14,69272,54641,5073,3,1,5,0,317,0,1585,0,0,0,543.1417694091797,649.3811531066895,4192
449.4233000000045,1257.6,42,4.21474535732119,4,4.288164665524012,237.47499999999127,250,4,0.525000000372529,6.75,69.65000000037253,,5720,224590,0,0,94603,1304,14,69272,54641,5073,3,1,5,0,317,0,1585,0,0,0,558.0969886779785,649.3811531066895,4192
450.3921000000015,1259.2,42,4.142704190940187,4,4.286326618088512,241.6750000000029,250,4,0.724999999627471,7.299999998882413,73.05000000074506,,5720,224590,0,0,94603,1304,14,69272,54641,5073,3,1,5,0,317,0,1585,0,0,0,539.7730140686035,649.3811531066895,4192
451.365,1260.8,42,4.213826727358514,4,4.286326618088512,237.52499999999418,250,4,0.625,6.774999998509884,69.4250000026077,,5720,224590,0,0,94603,1304,14,69272,54641,5073,3,1,5,0,317,0,1585,0,0,0,553.2101631164551,649.3811531066895,4192
452.32580000000445,1262.4,43,4.071922856546192,4,4.284490145673306,245.8000000000029,250,4,2.300000000745058,31.574999999254942,70.80000000074506,,5726,224938,0,0,94607,1306,14,70060,55535,4951,3,1,5,2,317,8,1585,0,0,12,580.8334655761719,659.7110023498535,4192
453.48139999999853,1263.6,43,4,4,4,250,250,3,2.6666666666666665,46.76666666815678,90.33333333333333,,5977,241206,0,0,96524,1309,14,71018,56351,5073,3,1,5,4,317,18,1585,0,0,11,618.8855094909668,671.7542533874512,4192
454.4096000000015,1265.2,43,4,4,4,250,250,4,1.949999999254942,16.049999997019768,77.45000000111759,,6079,245818,0,0,96894,1317,14,70806,56109,5069,3,1,5,4,317,35,1585,0,0,13,623.8258819580078,679.4025611877441,4192
455.46189999999854,1266.8,43,4,4,4,250,250,4,1.9000000022351742,11.324999999254942,74.44999999925494,,6037,245064,0,0,96905,1324,14,70937,56193,5072,3,1,5,9,317,57,1585,0,0,22,624.3388938903809,683.515323638916,4192
456.503700000003,1268,43,4.00053354675191,4,4.00160064025573,249.96666666667443,250,3,1.9666666661699612,11.09999999900659,74.03333333383004,,6046,245470,0,0,96913,1328,14,70970,56218,5072,3,1,5,12,317,61,1585,0,0,18,642.8623762130737,683.7469167709351,4192
457.2865,1269.6,43,4,4,4,250,250,4,1.9749999977648258,11.974999999627471,74.52500000223517,,6049,245528,0,0,96925,1334,14,71009,56246,5073,3,1,5,13,317,66,1585,0,0,20,638.5988607406616,686.0911474227905,4192
458.41139999999854,1271.2,43,4,4,4,250,250,4,1.900000000372529,11.800000000745058,90.42499999888241,,6271,259314,0,0,100459,1352,14,70926,56191,5073,3,1,1,14,317,52,1585,0,0,27,647.2907400131226,687.9372091293335,4192
459.51720000000296,1272.4,43,4,4,4,250,250,3,1.2999999995032947,10.766666668156782,74.59999999900658,,6268,259256,0,0,100467,1356,14,70909,56176,5073,3,1,1,13,317,51,1585,0,0,18,638.997878074646,693.5166997909546,4192
460.3081000000015,1274,43,4,4,4,250,250,4,2.199999999254942,13.150000002235174,74.54999999888241,,6275,260104,0,0,100724,1364,14,70855,56163,5062,3,1,1,7,317,36,1585,0,0,9,647.7333669662476,697.5156316757202,4192
461.39239999999853,1275.6,43,4,4,4,250,250,4,1.150000000372529,15.275000002235174,77.49999999813735,,6314,260336,0,0,100963,1367,14,70809,56164,5069,3,1,1,1,317,9,1585,0,0,6,648.6741018295288,708.7513036727905,4192
462.5063999999985,1276.8,43,4,4,4,250,250,3,1.133333332836628,10.09999999900659,73.10000000149012,,6264,259366,0,0,100995,1368,14,70726,56085,5071,3,1,1,0,317,6,1585,0,0,7,669.3264417648315,709.607497215271,4192
463.2998000000045,1278.4,43,4,4,4,250,250,4,0.849999999627471,7.824999999254942,72.42500000074506,,6254,258886,0,0,100987,1369,14,70676,56041,5073,3,1,1,0,317,2,1585,0,0,2,662.8318395614624,714.6993932723999,4192
464.339,1280,43,4,4,4,250,250,4,0.7500000018626451,7.699999999254942,72.02499999850988,,6254,258886,0,0,101012,1370,14,70676,56041,5073,3,1,1,0,317,2,1585,0,0,4,649.7279119491577,717.0482702255249,4192
465.3788999999985,1281.6,43,4,4,4,250,250,4,0.8750000018626451,7.324999997392297,71.39999999850988,,6257,258944,0,0,101018,1373,14,70683,56046,5073,3,1,1,1,317,3,1585,0,0,6,666.9038610458374,717.0928182601929,4192
466.4215,1283.2,43,4,4,4,250,250,4,0.5,7.025000000372529,71.12499999813735,,6254,258886,0,0,101018,1373,14,70662,56031,5073,3,1,1,0,317,0,1585,0,0,0,650.2762594223022,717.5928182601929,4192
467.46420000000296,1284.8,43,4,4,4,250,250,4,0.724999999627471,7.074999999254942,70.85000000149012,,6254,258886,0,0,101018,1373,14,70662,56031,5073,3,1,1,0,317,0,1585,0,0,0,664.9299039840698,717.5928182601929,4192
468.505,1286,43,4,4,4,250,250,3,0.8333333333333334,6.900000000993411,71.6333333303531,,6254,258886,0,0,101018,1373,14,70662,56031,5073,3,1,1,0,317,0,1585,0,0,0,675.9658880233765,717.5928182601929,4192
469.287200000003,1287.6,43,4,4,4,250,250,4,4.175000000745058,27.624999998137355,80.92500000074506,,6254,258886,0,0,101018,1373,14,70662,56031,5073,3,1,1,0,317,0,1585,0,0,0,588.5085344314575,713.2684030532837,4192
470.5008999999985,1288.8,43,4.00053354675191,4,4.00160064025573,249.96666666667443,250,3,0.7000000004967054,6.666666666666667,70.5,,6254,258886,0,0,101018,1373,14,70662,56031,5073,3,1,1,0,317,0,1585,0,0,0,599.4792079925537,713.2684268951416,4192
471.2773999999985,1290.4,43,4,4,4,250,250,4,0.775000000372529,7.400000000372529,83.375,,5931,239762,0,0,103548,1373,14,70662,56031,5073,3,1,2,0,317,0,1585,0,0,0,568.134557723999,689.9205646514893,4192
472.38830000000445,1292,44,4,4,4,250,250,4,0.7250000014901161,6.974999999627471,72.49999999813735,,5931,239762,0,0,103548,1373,14,70662,56031,5073,3,1,2,0,317,0,1585,0,0,0,583.7643995285034,689.9206686019897,4192
473.5246000000015,1293.2,44,4,4,4,250,250,3,4.566666665176551,49.96666666865349,110.59999999900658,,6132,253058,0,0,105355,1378,14,71219,56574,5069,3,1,2,2,317,9,1585,0,0,16,629.6946973800659,711.7689199447632,4192
474.4751000000015,1294.4,44,4,4,4,250,250,3,1.5333333313465118,15.733333334326744,77.59999999900658,,6135,253116,0,0,105478,1382,14,71175,56513,5072,3,1,2,3,317,16,1585,0,0,18,619.4997472763062,713.5693426132202,4192
475.2855,1296,44,4,4,4,250,250,4,26.574999999254942,14.074999999254942,87.87500000186265,,6141,253348,0,0,105515,1389,14,71170,56491,5073,3,1,2,5,317,24,1585,0,0,17,592.4636688232422,693.2544021606445,4192
476.51480000000447,1297.2,44,4,4,4,250,250,3,1.4333333348234494,9.833333333333334,74.36666666716337,,6147,253696,0,0,105523,1393,14,71184,56501,5073,3,1,2,7,317,26,1585,0,0,14,599.2969064712524,682.7515077590942,4192
477.3151000000015,1298.8,44,4,4,4,250,250,4,1.449999999254942,10.725000001490116,75.57499999925494,,6153,254044,0,0,105539,1401,14,71251,56546,5073,3,1,2,9,317,37,1585,0,0,11,590.9183397293091,683.0005922317505,4192
478.378200000003,1300.4,44,4,4,4,250,250,4,1.724999999627471,10.825000002980232,76.3249999973923,,6156,254450,0,0,105551,1407,14,71237,56536,5073,3,1,2,10,317,35,1585,0,0,15,582.8026094436646,685.8816804885864,4192
479.4608000000045,1302,44,4,4,4,250,250,4,1.2250000014901161,10.349999997764826,74.75000000186265,,6162,254798,0,0,105563,1413,14,71153,56476,5073,3,1,2,12,317,23,1585,0,0,17,602.980710029602,686.0022706985474,4192
480.519,1303.2,44,4,4,4,250,250,3,0.9333333373069763,9.233333331843218,75.69999999801318,,6165,254740,0,0,105573,1418,14,71153,56476,5073,3,1,2,13,317,23,1585,0,0,10,586.1990556716919,686.0538377761841,4192
481.3201000000015,1304.8,44,4,4,4,250,250,4,1.375,10.825000001117587,77.27500000037253,,6164,253638,0,0,105633,1424,14,71046,56413,5067,3,1,2,0,317,4,1585,0,0,11,585.777982711792,687.0763416290283,4192
482.3808999999985,1306.4,44,4,4,4,250,250,4,1.300000000745058,8.699999999254942,75.79999999888241,,6126,252710,0,0,105635,1426,14,70999,56366,5073,3,1,2,0,317,1,1585,0,0,6,605.6987400054932,687.2452716827393,4192
483.429700000003,1308,44,4,4,4,250,250,4,0.875,7.950000001117587,74.79999999888241,,6126,252710,0,0,105637,1427,14,70992,56361,5073,3,1,2,0,317,0,1585,0,0,0,591.9811906814575,687.2584047317505,4192
484.473,1309.2,44,4.00053354675191,4,4.00160064025573,249.96666666667443,250,3,0.9333333348234495,7.699999998013179,91.5,,6334,262746,0,0,108325,1427,14,71006,56371,5073,3,1,3,0,317,2,1585,0,0,8,609.4178838729858,687.2636556625366,4192
485.3353999999985,1310.8,44,4.000400160063933,4,4.00160064025573,249.97500000000582,250,4,0.8000000007450581,7.525000000372529,74.72499999776483,,6334,262746,0,0,108325,1427,14,71006,56371,5073,3,1,3,0,317,2,1585,0,0,5,599.8611364364624,687.2723989486694,4192
486.3895,1312.4,44,4.000400160064165,4,4.001600640256662,249.97499999999127,250,4,1,7.949999999254942,74.07499999925494,,6334,262746,0,0,108325,1427,14,71020,56381,5073,3,1,3,0,317,4,1585,0,0,8,615.6523923873901,687.3073720932007,4192
487.4461000000015,1314,44,4,4,4,250,250,4,0.8249999992549419,7.000000001862645,76.375,,6334,262746,0,0,108325,1427,14,70992,56361,5073,3,1,3,0,317,0,1585,0,0,0,605.1907377243042,687.3073720932007,4192
488.5035,1315.2,44,4.00053354675191,4,4.00160064025573,249.96666666667443,250,3,0.8333333333333334,7.100000001490116,74.19999999801318,,6334,262746,0,0,108325,1427,14,70992,56361,5073,3,1,3,0,317,0,1585,0,0,0,616.3994131088257,687.3073720932007,4192
489.28889999999853,1316.8,44,4,4,4,250,250,4,0.8750000018626451,7.349999999627471,75.59999999776483,,6334,262746,0,0,108325,1427,14,70992,56361,5073,3,1,3,0,317,0,1585,0,0,0,601.0827703475952,687.3073720932007,4192
490.3495,1318.4,44,4.000400160063933,4,4.00160064025573,249.97500000000582,250,4,0.8250000029802322,7.249999998137355,76.22499999962747,,6334,262746,0,0,108325,1427,14,70992,56361,5073,3,1,3,0,317,0,1585,0,0,0,615.9598455429077,687.3073720932007,4192
491.390200000003,1320,44,4,4,4,250,250,4,0.6750000007450581,7.050000000745058,75.42500000074506,,6334,262746,0,0,108325,1427,14,70992,56361,5073,3,1,3,0,317,0,1585,0,0,0,600.5739164352417,687.3073720932007,4192
492.439200000003,1321.6,44,4.000400160064165,4,4.001600640256662,249.97499999999127,250,4,0.775000000372529,7.299999998882413,75.35000000335276,,6334,262746,0,0,108325,1427,14,70992,56361,5073,3,1,3,0,317,0,1585,0,0,0,615.4776182174683,687.3073720932007,4192
493.489200000003,1322.8,45,4,4,4,250,250,3,2.233333334326744,24.799999997019768,82.00000000248353,,6436,267266,0,0,108641,1431,14,71724,57079,5051,3,1,3,4,317,18,1585,0,0,29,611.5214223861694,693.0073156356812,4192
494.392,1324.4,45,4,4,4,250,250,4,1.974999999627471,12.449999999254942,75.67500000074506,,6388,264830,0,0,108640,1438,14,71294,56607,5073,3,1,3,6,317,28,1585,0,0,23,621.2920560836792,694.6866369247437,4192
495.4798999999985,1325.6,45,4,4,4,250,250,3,1.999999997516473,10.200000000496706,75.40000000347693,,6397,265352,0,0,108650,1443,14,71303,56602,5073,3,1,3,9,317,35,1585,0,0,23,637.9243497848511,694.8334264755249,4192
496.2903000000045,1327.2,45,4,4,4,250,250,4,1.775000000372529,10.074999999254942,76.25,,6391,265120,0,0,108658,1447,14,71289,56592,5073,3,1,3,7,317,33,1585,0,0,29,632.7075681686401,694.9313268661499,4192
497.3881000000015,1328.8,45,4,4,4,250,250,4,1.799999998882413,11.225000001490116,76.22499999776483,,6391,265236,0,0,108674,1455,14,71352,56637,5073,3,1,3,7,317,42,1585,0,0,26,626.7503309249878,695.2067022323608,4192
498.497200000003,1330,45,4,4,4,250,250,3,2.2333333318432174,12.500000002483526,81.79999999701977,,6009,246980,0,0,110054,1467,14,71429,56692,5073,3,1,4,9,317,53,1585,0,0,27,619.5646162033081,695.3770742416382,4192
499.3103000000045,1331.6,45,4,4,4,250,250,4,1.75,10.824999999254942,71.55000000074506,,5991,246168,0,0,110062,1471,14,71366,56647,5073,3,1,4,3,317,44,1585,0,0,25,643.2096738815308,695.5229711532593,4192
500.336,1333.2,45,4.000400160064165,4,4.001600640256662,249.97499999999127,250,4,1.674999998882413,10.749999998137355,72.15000000037253,,5988,245994,0,0,110064,1472,14,71436,56697,5073,3,1,4,2,317,54,1585,0,0,35,636.9655866622925,695.6540288925171,4192
501.3583000000045,1334.8,45,4,4,4,250,250,4,1.650000000372529,11.024999998509884,73.4250000026077,,5985,245820,0,0,110135,1473,14,71291,56601,5072,3,1,4,1,317,30,1585,0,0,14,634.4075345993042,696.2384023666382,4192
502.396200000003,1336.4,45,4,4,4,250,250,4,1.3999999985098839,10.225000003352761,73.75,,5997,246244,0,0,110233,1477,14,71137,56501,5070,3,1,4,1,317,4,1585,0,0,3,631.7296018600464,697.1516408920288,4192
503.414200000003,1338,45,4.000400160064165,4,4.001600640256662,249.97499999999127,250,4,0.8750000018626451,8.275000000372529,72.45000000111759,,5994,246186,0,0,110235,1478,14,71120,56488,5072,3,1,4,0,317,1,1585,0,0,0,652.0907697677612,697.4866323471069,4192
504.43020000000297,1339.6,45,4,4,4,250,250,4,1.1499999985098839,8.375000001862645,73.37499999813735,,6000,246302,0,0,110245,1483,14,71182,56531,5073,3,1,4,2,317,10,1585,0,0,17,640.6395444869995,697.5779638290405,4192
505.445700000003,1341.2,45,4.071581654521861,4,4.286326618087442,245.82500000001164,250,4,0.9749999977648258,7.550000000745058,72.80000000074506,,5994,246186,0,0,110249,1485,14,71112,56481,5073,3,1,4,0,317,0,1585,0,0,0,627.885745048523,697.626051902771,4192
506.4543000000045,1342.8,45,4,4,4,250,250,4,0.8749999981373549,7.200000001117587,72.37500000186265,,5994,246186,0,0,110249,1485,14,71112,56481,5073,3,1,4,0,317,0,1585,0,0,0,642.225100517273,697.626051902771,4192
507.4608999999985,1344.4,45,4.071581654522128,4,4.286326618088512,245.8249999999971,250,4,0.849999999627471,7.224999999627471,72.07500000111759,,5994,246186,0,0,110249,1485,14,71112,56481,5073,3,1,4,0,317,0,1585,0,0,0,656.4137830734253,697.626051902771,4192
508.4638000000045,1346,45,4.000400160064165,4,4.001600640256662,249.97499999999127,250,4,0.8000000007450581,7.099999999627471,72.55000000074506,,5994,246186,0,0,110249,1485,14,71112,56481,5073,3,1,4,0,317,0,1585,0,0,0,639.5059003829956,697.6304235458374,4192
509.4688999999985,1347.6,45,4.000400160064165,4,4.001600640256662,249.97499999999127,250,4,0.900000000372529,7.425000002607703,73.54999999701977,,5994,246186,0,0,110249,1485,14,71112,56481,5073,3,1,4,0,317,0,1585,0,0,0,653.7712697982788,697.6304235458374,4192
510.49130000000446,1349.2,45,4,4,4,250,250,4,0.9750000014901161,7.900000000372529,78.77500000037253,,6190,255798,0,0,111311,1485,14,71112,56481,5073,3,1,5,0,317,0,1585,0,0,0,639.4031553268433,697.6304235458374,4192
511.5531000000015,1350.4,45,4,4,4,250,250,3,0.7333333343267441,7.133333335320155,74.03333333134651,,6190,255798,0,0,111311,1485,14,71112,56481,5073,3,1,5,0,317,0,1585,0,0,0,651.8384809494019,697.6304235458374,4192
512.339700000003,1352,46,4,4,4,250,250,4,0.8000000007450581,7.174999998882413,75.52500000037253,,6190,255798,0,0,111311,1485,14,71112,56481,5073,3,1,5,0,317,0,1585,0,0,0,637.0297536849976,697.6304235458374,4192
513.4023999999985,1353.6,46,4,4,4,250,250,4,2.000000001862645,21.075000001117587,81.74999999813735,,6288,258866,0,0,111867,1489,14,71544,56898,5066,3,1,5,2,317,11,1585,0,0,7,666.7831830978394,708.3097677230835,4192
514.575200000003,1354.8,46,4,4,4,250,250,3,1.2000000004967053,14.033333336313566,75.89999999850988,,6269,258382,0,0,111926,1492,14,71534,56892,5070,3,1,5,0,317,7,1585,0,0,23,671.7176504135132,715.5058507919312,4192
515.3838999999986,1356.4,46,4,4,4,250,250,4,1.150000000372529,9.225000001490116,75.39999999850988,,6250,257918,0,0,111936,1496,14,71448,56817,5073,3,1,5,0,317,0,1585,0,0,0,663.9168157577515,720.1748647689819,4192
516.4483999999985,1358,46,4,4,4,250,250,4,0.7749999985098839,7.375,74.82499999925494,,6250,257918,0,0,111936,1496,14,71454,56823,5073,3,1,5,0,317,0,1585,0,0,0,681.6256971359253,720.2951192855835,4192
517.5087000000029,1359.2,46,4,4,4,250,250,3,2.0333333338300386,8.633333332836628,74.5,,6262,258128,0,0,111955,1501,14,71524,56873,5073,3,1,5,3,317,10,1585,0,0,10,665.7261343002319,722.8964986801147,4192
518.31,1360.8,46,4,4,4,250,250,4,0.9749999977648258,7.849999999627471,74.89999999850988,,6250,257918,0,0,111960,1502,14,71468,56833,5073,3,1,5,0,317,2,1585,0,0,0,683.1821660995483,722.953330039978,4192
519.3698999999986,1362.4,46,4,4,4,250,250,4,0.8250000011175871,7.675000000745058,73.92499999888241,,6250,257918,0,0,111965,1503,14,71454,56823,5073,3,1,5,0,317,0,1585,0,0,0,667.8168706893921,723.2339315414429,4192
520.4166000000015,1364,46,4,4,4,250,250,4,1.025000000372529,7.399999998509884,75.00000000186265,,6253,257976,0,0,111967,1504,14,71468,56833,5073,3,1,5,1,317,2,1585,0,0,6,682.7967901229858,723.2426748275757,4192
521.4663000000045,1365.6,46,4,4,4,250,250,4,0.8249999992549419,7.075000001117587,74.04999999888241,,6250,257918,0,0,111967,1504,14,71454,56823,5073,3,1,5,0,317,0,1585,0,0,0,666.546778678894,723.9926748275757,4192
522.5163999999985,1366.8,46,4.00053354675191,4,4.00160064025573,249.96666666667443,250,3,0.7999999995032946,7.400000000993411,74.53333333134651,,6250,257918,0,0,111967,1504,14,71461,56828,5073,3,1,5,0,317,1,1585,0,0,4,677.7380132675171,723.9970464706421,4192
523.3067000000029,1368.4,46,4,4,4,250,250,4,0.8499999977648258,7.050000000745058,75.27500000037253,,6250,257918,0,0,111967,1504,14,71454,56823,5073,3,1,5,0,317,0,1585,0,0,0,660.7411985397339,723.9970464706421,4192
524.3631000000015,1370,46,4,4,4,250,250,4,0.8750000018626451,7.275000000372529,78.3249999973923,,6392,263762,0,0,112809,1504,14,71454,56823,5073,3,1,1,0,317,0,1585,0,0,0,677.570086479187,723.9970464706421,4192
525.4425,1371.6,46,4,4,4,250,250,4,0.7250000014901161,7.299999997019768,73.40000000223517,,6392,263762,0,0,112809,1504,14,71454,56823,5073,3,1,1,0,317,0,1585,0,0,0,663.7577428817749,723.9970464706421,4192
526.4908999999985,1372.8,46,4,4,4,250,250,3,0.6666666666666666,7.166666666666667,72.63333333283663,,6392,263762,0,0,112809,1504,14,71454,56823,5073,3,1,1,0,317,0,1585,0,0,0,674.936240196228,723.9970464706421,4192
527.282,1374.4,46,4,4,4,250,250,4,0.650000000372529,7.050000000745058,73.27500000037253,,6392,263762,0,0,112809,1504,14,71454,56823,5073,3,1,1,0,317,0,1585,0,0,0,661.275149345398,725.7470464706421,4192
528.337200000003,1376,46,4,4,4,250,250,4,0.8000000026077032,7.375,72.84999999962747,,6392,263762,0,0,112809,1504,14,71454,56823,5073,3,1,1,0,317,0,1585,0,0,0,676.1023817062378,725.7470464706421,4192
529.394200000003,1377.6,46,4,4,4,250,250,4,0.7749999985098839,7.025000000372529,73.12500000186265,,6392,263762,0,0,112809,1504,14,71454,56823,5073,3,1,1,0,317,0,1585,0,0,0,662.9246740341187,725.7470464706421,4192
530.4513999999986,1379.2,46,4.000400160064398,4,4.001600640257593,249.97499999997672,250,4,0.9250000007450581,7.249999998137355,73.12499999813735,,6392,263762,0,0,112809,1504,14,71454,56823,5073,3,1,1,0,317,0,1585,0,0,0,677.8332395553589,725.7470464706421,4192
531.5098000000045,1380.4,46,4,4,4,250,250,3,0.7666666631897291,7.100000001490116,73.76666666567326,,6392,263762,0,0,112809,1504,14,71454,56823,5073,3,1,1,0,317,0,1585,0,0,0,658.8150205612183,725.7470464706421,4192
532.2991000000015,1382,47,4,4,4,250,250,4,0.6999999992549419,7.174999998882413,74.10000000149012,,6392,263762,0,0,112809,1504,14,71454,56823,5073,3,1,1,0,317,0,1585,0,0,0,673.679030418396,725.7470464706421,4192
533.3788999999986,1383.6,47,4,4,4,250,250,4,2.125,22.424999998882413,78.34999999962747,,6500,268092,0,0,113348,1508,14,72046,57390,5068,3,1,1,3,317,15,1585,0,0,21,681.2994680404663,740.4818563461304,4192
534.5183000000045,1384.8,47,4,4,4,250,250,3,1.8333333333333333,11.733333331843218,76.03333333383004,,6482,267074,0,0,113374,1512,14,71990,57315,5073,3,1,1,4,317,22,1585,0,0,20,678.2797994613647,745.274489402771,4192
535.3355,1386.4,47,4,4,4,250,250,4,2,10.474999999627471,74.79999999888241,,6482,266958,0,0,113388,1519,14,72049,57356,5073,3,1,1,4,317,31,1585,0,0,33,701.777491569519,745.5499105453491,4192
536.4155,1388,47,4,4,4,250,250,4,2.124999998137355,10.475000001490116,73.57500000111759,,6491,267248,0,0,113400,1525,14,72126,57411,5073,3,1,1,7,317,42,1585,0,0,33,694.989405632019,747.952826499939,4192
537.5035,1389.2,47,4,4,4,250,250,3,1.7333333318432171,11.000000002483526,82.59999999900658,,6276,258182,0,0,114196,1535,14,72126,57411,5073,3,1,2,8,317,42,1585,0,0,32,683.9261350631714,749.0996160507202,4192
538.353200000003,1390.8,47,4,4,4,250,250,4,1.950000001117587,11.049999998882413,75.97500000149012,,6279,258472,0,0,114210,1542,14,72168,57441,5073,3,1,2,9,317,48,1585,0,0,21,708.3358907699585,749.2813787460327,4192
539.438,1392.4,47,4,4,4,250,250,4,1.5499999970197678,11.675000002607703,74.67500000074506,,6291,259052,0,0,114222,1548,14,72162,57443,5073,3,1,2,13,317,44,1585,0,0,24,704.7352819442749,750.9387502670288,4192
540.506700000003,1393.6,47,4,4,4,250,250,3,1.4666666661699612,10.56666666517655,75.53333333631356,,6285,258726,0,0,114232,1553,14,71995,57333,5072,3,1,2,12,317,16,1585,0,0,10,695.5961561203003,753.3249273300171,4192
541.309700000003,1395.2,47,4,4,4,250,250,4,1,8.574999999254942,74.57500000111759,,6246,256950,0,0,114242,1558,14,71880,57249,5073,3,1,2,0,317,0,1585,0,0,0,685.8745985031128,754.4739751815796,4192
542.3688000000045,1396.8,47,4,4,4,250,250,4,0.7749999985098839,7.700000001117587,76.3000000026077,,6252,257162,0,0,114287,1558,14,71893,57260,5073,3,1,2,0,317,1,1585,0,0,3,704.562216758728,754.5756063461304,4192
543.4238000000045,1398.4,47,4.000400160063933,4,4.00160064025573,249.97500000000582,250,4,1.400000000372529,7.800000000745058,74.75,,6261,257314,0,0,114306,1563,14,71921,57280,5073,3,1,2,2,317,5,1585,0,0,15,690.7298612594604,756.3832693099976,4192
544.4788999999985,1399.6,47,4,4,4,250,250,3,1.366666664679845,8.566666667660078,76.33333333333333,,6267,257430,0,0,114324,1569,14,71984,57325,5073,3,1,2,4,317,14,1585,0,0,18,704.2566328048706,756.5056753158569,4192
545.280200000003,1401.2,47,4,4,4,250,250,4,1.200000001117587,8.25,76.02499999850988,,6258,257278,0,0,114343,1574,14,71900,57265,5073,3,1,2,2,317,2,1585,0,0,1,692.8133382797241,757.1105947494507,4192
546.3373999999985,1402.8,47,4,4,4,250,250,4,0.875,7.550000000745058,74.1999999973923,,6252,257162,0,0,114350,1576,14,71886,57255,5073,3,1,2,0,317,0,1585,0,0,0,708.2494878768921,757.1455678939819,4192
547.380700000003,1404.4,47,4,4,4,250,250,4,0.8250000011175871,7.024999998509884,75.57500000111759,,6252,257162,0,0,114350,1576,14,71886,57255,5073,3,1,2,0,317,0,1585,0,0,0,692.4343748092651,758.3955678939819,4192
548.4303000000044,1406,47,4.000400160064398,4,4.001600640257593,249.97499999997672,250,4,0.8000000007450581,7.149999998509884,73.85000000149012,,6252,257162,0,0,114350,1576,14,71886,57255,5073,3,1,2,0,317,0,1585,0,0,0,707.2693777084351,758.4043111801147,4192
549.487,1407.2,47,4.00053354675191,4,4.00160064025573,249.96666666667443,250,3,0.7999999995032946,7.133333332836628,74.2999999995033,,6252,257162,0,0,114352,1577,14,71886,57255,5073,3,1,2,0,317,0,1585,0,0,0,718.4876012802124,758.4086828231812,4192
550.2715,1408.8,47,4.000400160063933,4,4.00160064025573,249.97500000000582,250,4,0.8250000011175871,7.050000000745058,74.42499999888241,,6255,257220,0,0,114354,1578,14,71893,57260,5073,3,1,2,1,317,1,1585,0,0,3,701.904070854187,758.6630544662476,4192
551.338200000003,1410.4,47,4,4,4,250,250,4,0.7750000022351742,7.549999998882413,80.77499999850988,,6556,270590,0,0,115222,1578,14,71886,57255,5073,3,1,3,0,317,0,1585,0,0,0,691.098593711853,758.6630544662476,4192
552.4378000000045,1412,48,4,4,4,250,250,4,0.75,7.075000002980232,76.57499999925494,,6556,270590,0,0,115222,1578,14,71886,57255,5073,3,1,3,0,317,0,1585,0,0,0,706.4288473129272,758.6630544662476,4192
553.5227000000029,1413.2,48,4,4,4,250,250,3,2.9999999975164733,25.466666668653488,79.26666666567326,,6818,277930,0,0,115692,1583,14,72579,57946,5049,3,1,3,4,317,13,1585,0,0,23,729.649806022644,769.0021352767944,4192
554.406700000003,1414.8,48,4,4,4,250,250,4,1.4750000014901161,14.224999999627471,77.34999999962747,,6655,274332,0,0,115829,1589,14,72552,57865,5073,3,1,3,7,317,28,1585,0,0,25,725.1682424545288,781.2616262435913,4192
555.5283000000045,1416,48,4,4,4,250,250,3,1.999999997516473,10.866666667163372,76.33333333581686,,6661,274680,0,0,115837,1593,14,72511,57829,5072,3,1,3,9,317,26,1585,0,0,24,716.4021863937378,785.0774526596069,4192
556.3645,1417.6,48,4,4,4,250,250,4,2.525000000372529,10.699999999254942,76.77500000037253,,6664,275086,0,0,115849,1599,14,72584,57877,5073,3,1,3,10,317,38,1585,0,0,30,741.1977834701538,785.2710866928101,4192
557.478200000003,1418.8,48,4,4,4,250,250,3,1.7333333318432171,10.766666668156782,75.13333333283663,,6673,275376,0,0,115861,1605,14,72626,57907,5073,3,1,3,13,317,44,1585,0,0,31,729.4488744735718,786.1748952865601,4192
558.313700000003,1420.4,48,4,4,4,250,250,4,1.525000000372529,11.50000000372529,76.02499999664724,,6679,275452,0,0,115961,1610,14,72640,57925,5073,3,1,3,11,317,42,1585,0,0,18,727.8920698165894,788.1421499252319,4192
559.4426000000014,1422,48,4,4,4,250,250,4,1.3999999985098839,10.775000002235174,76.04999999888241,,6670,274698,0,0,115975,1617,14,72616,57905,5073,3,1,3,8,317,40,1585,0,0,14,720.4848623275757,789.7881383895874,4192
560.545,1423.2,48,4,4,4,250,250,3,1.3999999985098839,10.333333333333334,75.09999999900658,,6664,274466,0,0,115985,1622,14,72616,57905,5073,3,1,3,6,317,40,1585,0,0,26,736.8119916915894,789.9070043563843,4192
561.3658999999985,1424.8,48,4,4,4,250,250,4,1.2249999977648258,10.100000001490116,75.72499999962747,,6652,274002,0,0,115993,1626,14,72539,57850,5073,3,1,3,2,317,29,1585,0,0,11,727.7827634811401,790.5476980209351,4192
562.4543999999985,1426.4,48,4,4,4,250,250,4,1.0500000026077032,11.699999999254942,77.19999999925494,,6721,275798,0,0,116139,1630,14,72420,57789,5069,3,1,3,0,317,2,1585,0,0,2,730.106635093689,792.8165578842163,4192
563.558,1427.6,48,4,4,4,250,250,3,0.866666667163372,8,77.13333333283663,,6692,275140,0,0,116186,1632,14,72416,57784,5072,3,1,3,1,317,1,1585,0,0,2,744.7394742965698,792.9966192245483,4192
564.3801000000014,1429.2,48,4,4,4,250,250,4,1.075000001117587,8.099999999627471,82.40000000037253,,6273,255996,0,0,117479,1635,14,72450,57807,5073,3,1,4,1,317,6,1585,0,0,14,736.1131505966187,795.0635976791382,4192
565.5116000000015,1430.4,48,4,4,4,250,250,3,0.9000000009934107,7.400000000993411,72.16666666666667,,6270,255938,0,0,117481,1636,14,72408,57777,5073,3,1,4,0,317,0,1585,0,0,0,749.9382848739624,795.0810842514038,4192
566.300700000003,1432,48,4.000400160063933,4,4.00160064025573,249.97500000000582,250,4,1.0250000022351742,7.824999997392297,72.85000000149012,,6270,255938,0,0,117485,1638,14,72415,57782,5073,3,1,4,0,317,1,1585,0,0,2,738.5221090316772,796.8879156112671,4192
567.337700000003,1433.6,48,4,4,4,250,250,4,0.9000000022351742,7.299999998882413,72.84999999962747,,6270,255938,0,0,117487,1639,14,72408,57777,5073,3,1,4,0,317,0,1585,0,0,0,755.3417654037476,796.9054021835327,4192
568.376700000003,1435.2,48,4,4,4,250,250,4,0.75,7.050000000745058,73.10000000149012,,6270,255938,0,0,117487,1639,14,72408,57777,5073,3,1,4,0,317,0,1585,0,0,0,741.5292272567749,799.6554021835327,4192
569.4058000000044,1436.8,48,4,4,4,250,250,4,0.650000000372529,7.224999999627471,72.75,,6270,255938,0,0,117489,1640,14,72408,57777,5073,3,1,4,0,317,0,1585,0,0,0,758.2140874862671,799.6728887557983,4192
570.447,1438.4,48,4.000400160063933,4,4.00160064025573,249.97500000000582,250,4,0.875,7.075000002980232,74.64999999850988,,6270,255938,0,0,117489,1640,14,72408,57777,5073,3,1,4,0,317,0,1585,0,0,0,741.5503988265991,799.6772603988647,4192
571.476700000003,1440,48,4.000400160063933,4,4.00160064025573,249.97500000000582,250,4,0.7249999977648258,7.050000000745058,73.09999999962747,,6270,255938,0,0,117489,1640,14,72408,57777,5073,3,1,4,0,317,0,1585,0,0,0,757.9093999862671,799.6772603988647,4192
572.5188999999986,1441.2,48,4.000533546752531,4,4.001600640257593,249.96666666663563,250,3,1.133333335320155,7.466666666169961,73.79999999701977,,6270,255938,0,0,117489,1640,14,72408,57777,5073,3,1,4,0,317,0,1585,0,0,0,737.2361783981323,799.6772603988647,4192
573.2955,1442.8,49,4,4,4,250,250,4,2.099999999627471,25.724999997764826,75.62500000186265,,6490,265630,0,0,118212,1644,14,73537,58883,5060,3,1,4,4,317,18,1585,0,0,39,759.3452253341675,816.922682762146,4192
574.4641000000015,1444,49,4,4,4,250,250,3,1.9666666686534882,12.033333333830038,75.36666666467984,,6369,259912,0,0,118090,1648,14,73088,58404,5072,3,1,4,7,317,27,1585,0,0,50,758.5129919052124,822.7762060165405,4192
575.2783999999986,1445.6,49,4,4,4,250,250,4,2.025000000372529,10.699999999254942,73.77500000037253,,6375,259680,0,0,118104,1655,14,73145,58432,5073,3,1,4,9,317,41,1585,0,0,77,781.475302696228,822.9419164657593,4192
576.3511000000015,1447.2,49,4,4,4,250,250,4,1.949999999254942,10.474999999627471,73.125,,6378,259970,0,0,118114,1660,14,73159,58442,5073,3,1,4,10,317,43,1585,0,0,65,776.0366277694702,825.8352575302124,4192
577.423200000003,1448.8,49,4,4,4,250,250,4,2.050000000745058,10.975000001490116,74.22499999962747,,6381,260144,0,0,118128,1667,14,73187,58462,5073,3,1,4,11,317,47,1585,0,0,66,769.6441526412964,827.0031042098999,4192
578.5331000000015,1450,49,4,4,4,250,250,3,1.733333334326744,11.933333332339922,84.7000000004967,,6556,268594,0,0,119402,1682,14,73193,58471,5072,3,1,5,12,317,46,1585,0,0,49,764.0786962509155,828.0898656845093,4192
579.393,1451.6,49,4,4,4,250,250,4,2.199999997392297,12.050000002607703,76.54999999888241,,6559,268770,0,0,119461,1689,14,73295,58549,5072,3,1,5,12,317,58,1585,0,0,39,765.8931951522827,831.5956335067749,4192
580.509700000003,1452.8,49,4,4,4,250,250,3,62.966666666169964,16.833333333333332,90.2999999995033,,6565,269002,0,0,119471,1694,14,73204,58489,5073,3,1,5,14,317,42,1585,0,0,37,629.3633422851562,703.0003242492676,4192
581.6146000000015,1454,49,4,4,4,250,250,3,2.2333333318432174,19.733333336810272,75.89999999850988,,6544,268342,0,0,119488,1698,14,73206,58551,5061,3,1,5,6,317,18,1585,0,0,12,635.4408044815063,709.0739755630493,4192
582.4878999999985,1455.2,49,4,4,4,250,250,3,1.4000000009934108,13.833333333333334,78.09999999652307,,6532,267882,0,0,119584,1701,14,73101,58467,5072,3,1,5,0,317,2,1585,0,0,2,641.4973802566528,718.3291940689087,4192
583.328700000003,1456.8,49,4,4,4,250,250,4,0.849999999627471,8.474999999627471,76.02499999850988,,6538,268094,0,0,119634,1702,14,73074,58443,5073,3,1,5,0,317,0,1585,0,0,0,644.1762552261353,718.8185129165649,4192
584.4168999999985,1458.4,49,4,4,4,250,250,4,0.9999999981373549,7.75,74.77499999850988,,6550,268304,0,0,119648,1706,14,73151,58498,5073,3,1,5,3,317,11,1585,0,0,14,646.2378816604614,718.9093866348267,4192
585.5118999999985,1459.6,49,4,4,4,250,250,3,1.6666666666666667,9,76.26666666567326,,6556,268398,0,0,119662,1710,14,73179,58518,5073,3,1,5,4,317,15,1585,0,0,16,654.0374689102173,726.0046319961548,4192
586.3358000000045,1461.2,49,4,4,4,250,250,4,1.1499999985098839,7.999999998137355,75.97500000335276,,6538,268094,0,0,119669,1712,14,73109,58468,5073,3,1,5,0,317,5,1585,0,0,11,640.3366632461548,735.1048974990845,4192
587.4143000000045,1462.8,49,4,4,4,250,250,4,0.7999999970197678,7.150000002235174,75.42499999888241,,6538,268094,0,0,119669,1712,14,73074,58443,5073,3,1,5,0,317,0,1585,0,0,0,640.3635301589966,735.1170816421509,4192
588.494700000003,1464,49,4,4,4,250,250,3,0.7999999995032946,7,74.43333333482344,,6538,268094,0,0,119669,1712,14,73074,58443,5073,3,1,5,0,317,0,1585,0,0,0,651.9421329498291,735.1171474456787,4192
589.3058999999985,1465.6,49,4,4,4,250,250,4,0.9250000007450581,7.074999999254942,73.69999999925494,,6538,268094,0,0,119669,1712,14,73074,58443,5073,3,1,5,0,317,0,1585,0,0,0,651.6380443572998,735.1171474456787,4192
590.376200000003,1467.2,49,4,4,4,250,250,4,0.849999999627471,6.924999998882413,73.45000000111759,,6538,268094,0,0,119669,1712,14,73074,58443,5073,3,1,5,0,317,0,1585,0,0,0,651.2009744644165,735.1171655654907,4192
591.449700000003,1468.8,49,4,4,4,250,250,4,0.9000000022351742,7.224999997764826,79.80000000074506,,6740,276058,0,0,120957,1712,14,73074,58443,5073,3,1,1,0,317,0,1585,0,0,0,653.4504957199097,735.1172132492065,4192
592.5548999999985,1470,49,4,4,4,250,250,3,0.7999999995032946,7.233333331843217,75.56666666766007,,6740,276058,0,0,120957,1712,14,73074,58443,5073,3,1,1,0,317,0,1585,0,0,0,653.4574689865112,735.1172132492065,4192
593.3783000000045,1471.6,49,4,4,4,250,250,4,0.849999999627471,7.150000002235174,74.12499999813735,,6740,276058,0,0,120957,1712,14,73074,58443,5073,3,1,1,0,317,0,1585,0,0,0,655.7972059249878,735.2929944992065,4192
594.4635,1472.8,50,4,4,4,250,250,3,2.2333333318432174,25.100000001490116,80.43333333482344,,7102,285942,0,0,121611,1714,14,73864,59223,5059,3,1,1,2,317,12,1585,0,0,28,668.7976522445679,741.4675550460815,4192
595.421200000003,1474.4,50,4,4,4,250,250,4,2.824999999254942,23.77500000037253,79.29999999888241,,6905,282232,0,0,121780,1720,14,73953,59251,5072,3,1,1,7,317,36,1585,0,0,66,675.6434164047241,779.889307975769,4192
596.5738999999985,1475.6,50,4,4,4,250,250,3,1.866666667163372,11.166666666666666,77.13333333532016,,6878,280966,0,0,121758,1724,14,73969,59256,5073,3,1,1,8,317,41,1585,0,0,70,696.1462926864624,780.2079420089722,4192
597.434200000003,1477.2,50,4,4,4,250,250,4,2.0750000029802322,10.599999999627471,77.42499999888241,,6881,281024,0,0,121772,1731,14,74040,59301,5073,3,1,1,9,317,54,1585,0,0,67,695.6478681564331,780.6747999191284,4192
598.5638999999985,1478.4,50,4,4,4,250,250,3,1.9666666661699612,10.833333330849806,76.76666666567326,,6881,281024,0,0,121780,1735,14,74019,59286,5073,3,1,1,9,317,51,1585,0,0,65,684.6124067306519,780.9589490890503,4192
599.4313000000045,1479.6,50,4,4,4,250,250,3,1.8333333308498065,15.966666668653488,75.96666666865349,,6866,280778,0,0,121790,1740,14,74002,59283,5073,3,1,1,6,317,44,1585,0,0,41,707.6229238510132,781.332667350769,4192
600.3148000000044,1481.2,50,4,4,4,250,250,4,2.049999998882413,13.25,76.47500000149012,,6893,281956,0,0,121894,1747,14,74133,59393,5070,3,1,1,11,317,56,1585,0,0,19,683.9995718002319,782.7995557785034,4192
601.450200000003,1482.4,50,4,4,4,250,250,3,1.6666666666666667,13.166666666666666,75.5,,6881,281304,0,0,121904,1752,14,74043,59355,5062,3,1,1,9,317,34,1585,0,0,17,712.6302671432495,783.988673210144,4192
602.3208000000045,1484,50,4,4,4,250,250,4,1.900000000372529,16.47499999962747,94.72499999962747,,6933,282434,0,0,122281,1757,14,73960,59314,5070,3,1,1,2,317,9,1585,0,0,10,724.0894384384155,792.8365354537964,4192
603.6596000000015,1485.2,50,4,4,4,250,250,3,29.733333334326744,9.899999998509884,79.13333333283663,,6918,282474,0,0,122335,1757,14,73920,59288,5072,3,1,1,0,317,1,1585,0,0,4,660.2748765945435,776.8509302139282,4192
604.5005,1486.4,50,4,4,4,250,250,3,0.9333333323399226,7.633333332836628,76.76666666567326,,6911,282052,0,0,122327,1758,14,73937,59296,5073,3,1,1,1,317,5,1585,0,0,20,673.2446746826172,776.888370513916,4192
605.3468999999985,1488,50,4,4,4,250,250,4,1.1499999985098839,8.275000002235174,84.02500000037253,,6636,270730,0,0,124128,1761,14,73930,59291,5073,3,1,2,0,317,4,1585,0,0,16,664.0758457183838,776.960859298706,4192
606.5246000000014,1489.2,50,4,4,4,250,250,3,1.5333333363135655,7.566666665176551,78.03333333383004,,6636,270730,0,0,124128,1761,14,73902,59271,5073,3,1,2,0,317,0,1585,0,0,0,651.8310689926147,776.9697065353394,4192
607.3503000000045,1490.8,50,4,4,4,250,250,4,0.7500000018626451,7.449999999254942,76.50000000186265,,6639,270788,0,0,124130,1762,14,73923,59286,5073,3,1,2,1,317,3,1585,0,0,5,667.757269859314,776.9828214645386,4192
608.433,1492.4,50,4,4,4,250,250,4,0.8249999992549419,7.125,77.5,,6636,270730,0,0,124130,1762,14,73902,59271,5073,3,1,2,0,317,0,1585,0,0,0,657.6468343734741,776.995005607605,4192
609.5263000000044,1493.6,50,4,4,4,250,250,3,0.8999999985098839,7.233333331843217,77.33333333581686,,6639,270788,0,0,124132,1763,14,73909,59276,5073,3,1,2,1,317,1,1585,0,0,2,669.5215635299683,776.9993772506714,4192
610.3438000000044,1495.2,50,4,4,4,250,250,4,0.8750000018626451,7.25,77.875,,6636,270730,0,0,124132,1763,14,73902,59271,5073,3,1,2,0,317,0,1585,0,0,0,653.5175085067749,777.0037488937378,4192
611.4398000000044,1496.8,50,4,4,4,250,250,4,0.7499999981373549,7.099999999627471,77.22500000335276,,6636,270730,0,0,124132,1763,14,73902,59271,5073,3,1,2,0,317,0,1585,0,0,0,670.7987127304077,777.0037488937378,4192
612.530700000003,1498,50,4,4,4,250,250,3,0.7333333293596903,7.233333336810271,77.59999999900658,,6636,270730,0,0,124132,1763,14,73902,59271,5073,3,1,2,0,317,0,1585,0,0,0,650.7466993331909,777.0037488937378,4192
613.3478999999985,1499.6,50,4,4,4,250,250,4,0.775000000372529,7.049999998882413,77.17499999888241,,6636,270730,0,0,124132,1763,14,73902,59271,5073,3,1,2,0,317,0,1585,0,0,0,667.9436483383179,777.0037488937378,4192
614.4408000000045,1501.2,50,4,4,4,250,250,4,0.8999999985098839,7.300000000745058,77.79999999888241,,6636,270730,0,0,124132,1763,14,73902,59271,5073,3,1,2,0,317,0,1585,0,0,0,651.6895055770874,777.0037488937378,4192
615.530700000003,1502.4,51,4,4,4,250,250,3,1.8333333308498065,21.16666667163372,84.09999999900658,,7217,286372,0,0,125195,1764,14,74252,59647,5031,3,1,2,1,317,8,1585,0,0,19,662.4129552841187,781.0789747238159,4192
616.4811000000014,1503.6,51,4,4,4,250,250,3,2.533333331346512,36.600000001490116,84.7000000004967,,7011,282248,0,0,125599,1769,14,74947,60290,5061,3,1,2,3,317,19,1585,0,0,27,701.735556602478,789.7465467453003,4192
617.4267000000029,1504.8,51,4,4,4,250,250,3,2.66666666418314,14.166666666666666,82.2000000004967,,6868,279206,0,0,125660,1775,14,74944,60229,5073,3,1,2,6,317,42,1585,0,0,47,708.572657585144,791.3812818527222,4192
618.299,1506.4,51,4,4,4,250,250,4,2,11.849999999627471,79.22499999962747,,6864,278820,0,0,125663,1780,14,74975,60250,5073,3,1,2,7,317,47,1585,0,0,59,708.8251714706421,792.4651441574097,4192
619.4488000000044,1507.6,51,4,4,4,250,250,3,2.5666666676600776,10.766666665673256,79.83333333333333,,6864,278820,0,0,125671,1784,14,74989,60260,5073,3,1,2,7,317,49,1585,0,0,76,698.1365118026733,792.8847608566284,4192
620.3411000000015,1509.2,51,4,4,4,250,250,4,1.9750000014901161,12.199999997392297,87.60000000149012,,7151,292276,0,0,127750,1802,14,75105,60352,5073,3,1,3,13,317,61,1585,0,0,49,706.4987592697144,793.3382215499878,4192
621.5751000000015,1510.4,51,4,4,4,250,250,3,1.9666666661699612,13.899999998509884,80.83333333581686,,7189,293872,0,0,127913,1806,14,75098,60358,5072,3,1,3,13,317,55,1585,0,0,40,705.1375188827515,794.7405652999878,4192
622.4906000000015,1511.6,51,4,4,4,250,250,3,1.8333333308498065,14.866666669646898,81.69999999801318,,7168,292894,0,0,128026,1810,14,75063,60370,5073,3,1,3,10,317,31,1585,0,0,5,712.8556318283081,796.7629652023315,4192
623.4046000000014,1512.8,51,4,4,4,250,250,3,1.5666666701436043,13.599999996523062,82.5,,7237,293838,0,0,128266,1816,14,74994,60336,5070,3,1,3,4,317,15,1585,0,0,10,722.391848564148,799.117564201355,4192
624.3048999999985,1514.4,51,4,4,4,250,250,4,0.9750000014901161,10.349999997764826,81.22499999962747,,7184,292906,0,0,128322,1818,14,74924,60293,5073,3,1,3,0,317,0,1585,0,0,0,724.7006330490112,800.5976972579956,4192
625.478200000003,1515.6,51,4,4,4,250,250,3,1.000000002483527,8.233333334326744,80.90000000099342,,7193,293176,0,0,128373,1821,14,74927,60294,5073,3,1,3,1,317,1,1585,0,0,4,741.5432577133179,800.752459526062,4192
626.3548000000045,1517.2,51,4,4,4,250,250,4,1.349999999627471,9.000000001862645,80.52500000037253,,7186,292754,0,0,128373,1826,14,75008,60349,5073,3,1,3,2,317,14,1585,0,0,13,733.055682182312,801.4761304855347,4192
627.5421000000015,1518.4,51,4,4,4,250,250,3,1.3000000019868214,8.433333332339922,80.26666666567326,,7186,292754,0,0,128381,1830,14,74966,60319,5073,3,1,3,2,317,8,1585,0,0,17,719.9953756332397,802.2613859176636,4192
628.4122000000029,1520,51,4,4,4,250,250,4,0.9999999981373549,7.950000002980232,79.34999999962747,,7180,292638,0,0,128389,1834,14,74910,60279,5073,3,1,3,0,317,0,1585,0,0,0,738.2983465194702,802.3177518844604,4192
629.5603999999985,1521.2,51,4,4,4,250,250,3,1.0666666651765506,7.200000000496705,80.23333333184321,,7180,292638,0,0,128389,1834,14,74910,60279,5073,3,1,3,0,317,0,1585,0,0,0,720.3501653671265,802.4935331344604,4192
630.4251000000015,1522.4,51,4,4,4,250,250,3,0.8000000019868215,7.266666665673256,82.06666666766007,,7180,292638,0,0,128389,1834,14,74910,60279,5073,3,1,3,0,317,0,1585,0,0,0,733.1310873031616,802.4935331344604,4192
631.294,1524,51,4,4,4,250,250,4,0.8499999977648258,7.375,80.55000000074506,,7180,292638,0,0,128389,1834,14,74910,60279,5073,3,1,3,0,317,0,1585,0,0,0,718.9615621566772,802.5804014205933,4192
632.453700000003,1525.2,51,4,4,4,250,250,3,0.833333338300387,7.199999995529652,80.23333333432674,,7180,292638,0,0,128389,1834,14,74910,60279,5073,3,1,3,0,317,0,1585,0,0,0,731.8010053634644,802.5804014205933,4192
633.3235,1526.8,51,4,4,4,250,250,4,0.775000000372529,8.150000000372529,91.07499999925494,,6780,273958,0,0,130405,1834,14,74910,60279,5073,3,1,4,0,317,0,1585,0,0,0,724.0984601974487,802.5847730636597,4192
634.5282000000029,1528,51,4,4,4,250,250,3,0.7999999995032946,7.266666668156783,77.56666666517656,,6780,273958,0,0,130405,1834,14,74910,60279,5073,3,1,4,0,317,0,1585,0,0,0,737.9158163070679,802.5847730636597,4192
635.3766000000015,1529.6,51,4,4,4,250,250,4,0.900000000372529,7.5,76.85000000149012,,6780,273958,0,0,130405,1834,14,74910,60279,5073,3,1,4,0,317,0,1585,0,0,0,725.7338056564331,803.5496168136597,4192
636.4808000000045,1530.8,51,4,4,4,250,250,3,0.6999999980131785,7.200000000496705,76.80000000198682,,6780,273958,0,0,130405,1834,14,74910,60279,5073,3,1,4,0,317,0,1585,0,0,0,739.5455312728882,803.5535230636597,4192
637.3096000000015,1532.4,52,4,4,4,250,250,4,1.7250000014901161,18.97499999962747,81.30000000074506,,7358,289680,0,0,131465,1835,14,75316,60719,5023,3,1,4,1,317,8,1585,0,0,20,750.347975730896,808.3737134933472,4192
638.5351000000015,1533.6,52,4,4,4,250,250,3,2.5999999990065894,39.833333333333336,86.66666666666667,,6936,279530,0,0,131452,1840,14,76382,61722,5052,3,1,4,6,317,25,1585,0,0,41,788.4416074752808,828.6258420944214,4192
639.4636000000015,1534.8,52,4,4,4,250,250,3,1.733333336810271,15.333333330849806,80.10000000149012,,6974,281378,0,0,131570,1844,14,76108,61412,5072,3,1,4,8,317,33,1585,0,0,46,771.8162794113159,837.423602104187,4192
640.339700000003,1536.4,52,4,4,4,250,250,4,1.7250000014901161,11.475000001490116,77.90000000037253,,6972,281230,0,0,131566,1852,14,76189,61456,5073,3,1,4,14,317,51,1585,0,0,57,800.147177696228,837.7320127487183,4192
641.5528000000045,1537.6,52,4,4,4,250,250,3,37.36666666467985,18.03333333383004,100.5,,7022,282582,0,0,131666,1856,14,76207,61472,5071,3,1,4,14,317,53,1585,0,0,55,694.6776466369629,815.8507537841797,4192
642.5576000000015,1538.8,52,4,4,4,250,250,3,1.7666666681567829,12.933333332339922,78.26666666567326,,6987,281712,0,0,131672,1860,14,76216,61485,5073,3,1,4,15,317,50,1585,0,0,43,685.960334777832,816.1886444091797,4192
643.438700000003,1540,52,4,4,4,250,250,3,2.5666666676600776,17.299999997019768,78.16666666666667,,7010,282806,0,0,131792,1865,14,76266,61548,5070,3,1,4,12,317,45,1585,0,0,20,692.9006662368774,820.3555498123169,4192
644.3438000000044,1541.6,52,4,4,4,250,250,4,1.6749999970197678,15.074999999254942,79.62500000186265,,7017,283236,0,0,131921,1872,14,76276,61590,5066,3,1,4,15,317,31,1585,0,0,9,714.0614252090454,822.5328493118286,4192
645.511700000003,1542.8,52,4,4,4,250,250,3,1.0999999990065892,11.299999999503294,80.96666666616996,,7036,283510,0,0,132147,1875,14,76118,61487,5073,3,1,4,0,317,0,1585,0,0,0,710.9801797866821,823.3278932571411,4192
646.4173999999986,1544.4,52,4,4,4,250,250,4,0.9250000007450581,10.550000000745058,80.04999999888241,,7008,282014,0,0,132201,1877,14,76138,61507,5073,3,1,4,0,317,0,1585,0,0,0,714.5748291015625,824.4284362792969,4192
647.5563000000045,1545.6,52,4,4,4,250,250,3,0.9666666661699613,8.333333333333334,99.06666666766007,,7138,289294,0,0,135005,1879,14,76135,61502,5073,3,1,5,0,317,1,1585,0,0,2,709.4254627227783,824.463457107544,4192
648.5123000000044,1546.8,52,4,4,4,250,250,3,1.233333336810271,8.56666666517655,82.83333333581686,,7144,289410,0,0,135021,1884,14,76177,61532,5073,3,1,5,2,317,7,1585,0,0,5,727.261981010437,824.5343389511108,4192
649.4468999999985,1548,52,4,4,4,250,250,3,1.5999999990065892,8.666666669150194,81.43333333233993,,7138,289294,0,0,135028,1886,14,76135,61502,5073,3,1,5,0,317,1,1585,0,0,5,716.2003622055054,824.5693120956421,4192
650.328700000003,1549.6,52,4,4,4,250,250,4,1.0249999966472387,8.075000001117587,80.97500000149012,,7138,289294,0,0,135035,1888,14,76128,61497,5073,3,1,5,0,317,0,1585,0,0,0,707.205080986023,824.6305150985718,4192
651.4835,1550.8,52,4,4,4,250,250,3,0.8666666646798452,7.433333334823449,79.36666666219632,,7138,289294,0,0,135035,1888,14,76128,61497,5073,3,1,5,0,317,0,1585,0,0,0,720.042799949646,824.6348867416382,4192
652.353700000003,1552.4,52,4,4,4,250,250,4,0.8750000018626451,7.449999997392297,80.34999999962747,,7138,289294,0,0,135037,1889,14,76128,61497,5073,3,1,5,0,317,0,1585,0,0,0,707.6514348983765,824.6480016708374,4192
653.507,1553.6,52,4,4,4,250,250,3,0.866666667163372,7.699999998013179,80.56666666766007,,7138,289294,0,0,135042,1890,14,76128,61497,5073,3,1,5,0,317,0,1585,0,0,0,720.779128074646,824.665488243103,4192
654.384,1555.2,52,4,4,4,250,250,4,0.875,7.124999998137355,79.47500000149012,,7138,289294,0,0,135042,1890,14,76135,61502,5073,3,1,5,0,317,1,1585,0,0,2,708.1796598434448,824.6698598861694,4192
655.5336000000015,1556.4,52,4,4,4,250,250,3,0.8666666696468989,7.566666665176551,79.46666666616996,,7138,289294,0,0,135044,1891,14,76128,61497,5073,3,1,5,0,317,0,1585,0,0,0,721.1556615829468,824.6786031723022,4192
656.402200000003,1558,52,4,4,4,250,250,4,0.7250000014901161,7.350000001490116,80.32500000111759,,7138,289294,0,0,135044,1891,14,76128,61497,5073,3,1,5,0,317,0,1585,0,0,0,706.4685125350952,824.6786031723022,4192
657.549200000003,1559.2,52,4,4,4,250,250,3,0.7999999995032946,7.366666667163372,79.53333333383004,,7138,289294,0,0,135044,1891,14,76128,61497,5073,3,1,5,0,317,0,1585,0,0,0,719.1182050704956,824.6786031723022,4192
658.4127000000029,1560.8,52,4,4,4,250,250,4,0.875,7.474999999627471,79.32499999925494,,7138,289294,0,0,135044,1891,14,76128,61497,5073,3,1,5,0,317,0,1585,0,0,0,736.1250982284546,824.6786031723022,4192
659.5655,1562,53,4,4,4,250,250,3,0.8000000019868215,7.366666664679845,79.66666666915019,,7138,289294,0,0,135044,1891,14,76128,61497,5073,3,1,5,0,317,0,1585,0,0,0,717.174464225769,824.6786031723022,4192
660.535200000003,1563.2,53,4,4,4,250,250,3,4.199999998013179,55.46666666368643,94.60000000149012,,7351,296906,0,0,136540,1895,14,77435,62794,5045,3,1,5,4,317,19,1585,0,0,25,761.9476804733276,840.230658531189,4192
661.6028999999985,1564.4,53,4,4,4,250,250,3,2.033333331346512,21.233333334326744,100.19999999801318,,7541,304462,0,0,139365,1903,14,77460,62754,5070,3,1,1,8,317,39,1585,0,0,37,779.057993888855,843.9023427963257,4192
662.5663000000045,1565.6,53,4,4,4,250,250,3,1.9333333323399227,13.600000001490116,83.73333333432674,,7550,304940,0,0,139379,1907,14,77510,62791,5073,3,1,1,9,317,44,1585,0,0,68,782.0042676925659,844.4020986557007,4192
663.5026000000015,1566.8,53,4,4,4,250,250,3,2.5,12.299999999503294,86.06666666766007,,7562,305500,0,0,139436,1913,14,77649,62892,5073,3,1,1,11,317,63,1585,0,0,71,775.8691205978394,844.6988210678101,4192
664.458,1568,53,4,4,4,250,250,3,2.66666666418314,12.466666668653488,85.53333333134651,,7568,305616,0,0,139444,1917,14,77719,62942,5073,3,1,1,13,317,73,1585,0,0,86,799.3860197067261,844.8106679916382,4192
665.4416000000015,1569.2,53,4,4,4,250,250,3,2.6333333353201547,18.3666666696469,87.23333333184321,,7769,310976,0,0,139868,1922,14,77780,63070,5054,3,1,1,9,317,49,1585,0,0,20,788.1535024642944,847.3859243392944,4192
666.4043000000045,1570.4,53,4,4,4,250,250,3,1.499999997516473,17.066666667660076,86.73333333432674,,7680,308598,0,0,140054,1926,14,77820,63115,5067,3,1,1,4,317,40,1585,0,0,14,804.6519651412964,851.159140586853,4192
667.3558999999985,1571.6,53,4,4,4,250,250,3,1.2666666681567829,12.233333331843218,91.53333333134651,,7662,309024,0,0,140275,1927,14,77641,62992,5073,3,1,1,1,317,9,1585,0,0,12,808.7767705917358,856.2950429916382,4192
668.3393999999985,1573.2,53,4,4,4,250,250,4,1.4250000026077032,11.574999997392297,86.07500000111759,,7634,307432,0,0,140296,1932,14,77708,63045,5073,3,1,1,3,317,16,1585,0,0,22,820.3315382003784,860.2913045883179,4192
669.6225,1574.4,53,4,4,4,250,250,3,1.0999999990065892,8.033333333830038,85,,7638,307914,0,0,140353,1933,14,77602,62971,5073,3,1,1,0,317,0,1585,0,0,0,809.7175283432007,864.885947227478,4192
670.5473999999986,1575.6,53,4,4,4,250,250,3,0.7666666656732559,7.900000000993411,84.19999999801318,,7628,307434,0,0,140343,1933,14,77592,62961,5073,3,1,1,0,317,0,1585,0,0,0,823.4561529159546,864.8990621566772,4192
671.4718999999985,1576.8,53,4,4,4,250,250,3,0.9666666636864344,8,83.90000000099342,,7628,307434,0,0,140343,1933,14,77592,62961,5073,3,1,1,0,317,0,1585,0,0,0,807.7870168685913,866.6717519760132,4192
672.3973999999985,1578,53,4,4,4,250,250,3,1.6666666666666667,8.733333334326744,85.36666666467984,,7628,307434,0,0,140357,1937,14,77599,62966,5073,3,1,1,0,317,1,1585,0,0,3,823.178111076355,867.0091848373413,4192
673.3288999999985,1579.6,53,4,4,4,250,250,4,1.074999999254942,8.75,85.84999999962747,,7628,307434,0,0,140369,1940,14,77592,62961,5073,3,1,1,0,317,0,1585,0,0,0,812.0329580307007,867.3466176986694,4192
674.575200000003,1580.8,53,4,4,4,250,250,3,0.7999999995032946,7.666666666666667,83.26666666815679,,7628,307434,0,0,140369,1940,14,77592,62961,5073,3,1,1,0,317,0,1585,0,0,0,825.5473699569702,867.3466176986694,4192
675.4935,1582,53,4,4,4,250,250,3,0.9333333348234495,8.266666665673256,99.7000000004967,,7431,298772,0,0,143145,1942,14,77634,62991,5073,3,1,2,1,317,6,1585,0,0,17,814.3100881576538,867.8859624862671,4192
676.4825,1583.2,53,4,4,4,250,250,3,0.9333333323399226,7.700000000496705,86.56666666517656,,7428,298714,0,0,143145,1942,14,77592,62961,5073,3,1,2,0,317,0,1585,0,0,0,805.4684247970581,867.8947057723999,4192
677.4083999999986,1584.4,53,4,4,4,250,250,3,0.7000000004967054,7.533333333830039,84.26666666815679,,7428,298714,0,0,143145,1942,14,77592,62961,5073,3,1,2,0,317,0,1585,0,0,0,818.6446714401245,867.8947057723999,4192
678.312,1586,53,4,4,4,250,250,4,0.875,7.700000001117587,84.72499999962747,,7428,298714,0,0,143147,1943,14,77592,62961,5073,3,1,2,0,317,0,1585,0,0,0,813.1059560775757,874.6578207015991,4192
679.529200000003,1587.2,53,4,4,4,250,250,3,0.7333333343267441,8.033333333830038,84.53333333134651,,7428,298714,0,0,143147,1943,14,77592,62961,5073,3,1,2,0,317,0,1585,0,0,0,826.269305229187,874.6578207015991,4192
680.4618000000045,1588.4,53,4,4,4,250,250,3,0.7999999970197678,7.5,84.20000000298023,,7428,298714,0,0,143147,1943,14,77592,62961,5073,3,1,2,0,317,0,1585,0,0,0,807.6350889205933,874.6578207015991,4192
681.3718999999985,1590,53,4,4,4,250,250,4,0.775000000372529,7.474999997764826,83.82500000111759,,7428,298714,0,0,143147,1943,14,77592,62961,5073,3,1,2,0,317,0,1585,0,0,0,827.1193647384644,874.6578207015991,4192
682.5735,1591.2,53,4,4,4,250,250,3,0.6999999980131785,7.666666666666667,84.06666666766007,,7428,298714,0,0,143147,1943,14,77592,62961,5073,3,1,2,0,317,0,1585,0,0,0,808.315188407898,874.6578207015991,4192
683.4773000000044,1592.4,54,4,4,4,250,250,3,1.7999999995032947,25.133333332836628,84.10000000149012,,7437,299098,0,0,143154,1945,14,78110,63529,5007,3,1,2,2,317,8,1585,0,0,18,835.770281791687,884.4435873031616,4192
684.503200000003,1593.6,54,4,4,4,250,250,3,2.9333333323399224,49.26666666815678,105.06666666766007,,8016,324046,0,0,145143,1948,14,79349,64688,5065,3,1,2,2,317,19,1585,0,0,28,867.1621389389038,929.3076848983765,4192
685.607,1594.8,54,4,4,4,250,250,3,2.0999999990065894,20.266666668156784,93.56666666517656,,7722,309254,0,0,145428,1953,14,79142,64443,5073,3,1,2,6,317,34,1585,0,0,22,876.207106590271,942.7873907089233,4192
686.5906000000015,1596,54,4,4,4,250,250,3,2.4666666661699614,13.76666666318973,87.00000000248353,,7725,309290,0,0,145577,1957,14,79198,64478,5072,3,1,2,6,317,45,1585,0,0,47,880.1156530380249,947.7368993759155,4192
687.5621000000015,1597.2,54,4,4,4,250,250,3,1.8999999985098839,12.100000003973642,85.99999999751647,,7731,309754,0,0,145587,1962,14,79251,64509,5072,3,1,2,8,317,56,1585,0,0,49,902.092848777771,947.9807348251343,4192
688.5243000000045,1598.4,54,4,4,4,250,250,3,2.4000000034769378,14.233333331843218,86.63333333283663,,7736,309182,0,0,145643,1966,14,79277,64558,5071,3,1,2,0,317,45,1585,0,0,17,905.9769582748413,950.7101202011108,4192
689.4933000000045,1599.6,54,4,4,4,250,250,3,1.9333333323399227,13.533333336313566,85.7000000004967,,7698,308254,0,0,145648,1968,14,79297,64568,5073,3,1,2,0,317,49,1585,0,0,31,907.1953344345093,953.6477270126343,4192
690.516200000003,1600.8,54,4,4,4,250,250,3,1.9666666661699612,11.200000000496706,116.43333333482344,,8020,323562,0,0,149330,1989,14,79250,64538,5068,3,1,3,20,317,43,1585,0,0,25,916.0039167404175,956.4104528427124,4192
691.6475,1602,54,4,4,4,250,250,3,3.5333333338300386,10.5,85.93333333233993,,8039,324428,0,0,149393,1993,14,79221,64511,5072,3,1,3,21,317,40,1585,0,0,9,918.2876882553101,962.5141515731812,4192
692.6516000000015,1603.2,54,4,4,4,250,250,3,1.5666666676600773,10.866666667163372,86.73333333184321,,8041,324372,0,0,149485,1999,14,79259,64540,5071,3,1,3,21,317,45,1585,0,0,23,916.1841459274292,968.4960775375366,4192
693.6343999999985,1604.4,54,4,4,4,250,250,3,1.733333334326744,9.699999998013178,85.66666666666667,,8047,324584,0,0,149538,2003,14,79235,64522,5073,3,1,3,21,317,41,1585,0,0,19,908.813063621521,969.6857595443726,4192
694.6035,1605.6,54,4,4,4,250,250,3,1.2999999995032947,9.266666665673256,85.10000000149012,,8060,322902,0,0,149640,2006,14,78952,64325,5069,3,1,3,0,317,0,1585,0,0,0,928.0892248153687,969.9560232162476,4192
695.5778999999985,1606.8,54,4,4,4,250,250,3,0.8666666646798452,8.933333332339922,83.26666666815679,,7987,321104,0,0,149638,2007,14,78986,64347,5073,3,1,3,1,317,4,1585,0,0,12,919.7550039291382,971.620680809021,4192
696.536700000003,1608,54,4,4,4,250,250,3,0.9333333348234495,7.466666666169961,82.96666666865349,,7984,321046,0,0,149638,2007,14,78962,64327,5073,3,1,3,0,317,2,1585,0,0,6,904.1302938461304,972.8794240951538,4192
697.4888999999985,1609.2,54,4,4,4,250,250,3,0.9666666661699613,7.866666664679845,84.86666666716337,,7984,321046,0,0,149640,2008,14,78962,64327,5073,3,1,3,0,317,2,1585,0,0,9,918.7991056442261,972.9021139144897,4192
698.4513999999986,1610.4,54,4,4,4,250,250,3,1.233333334326744,9.100000001490116,85.06666666517656,,7984,321046,0,0,149642,2009,14,78990,64347,5073,3,1,3,0,317,6,1585,0,0,17,905.0897092819214,973.2176885604858,4192
699.410700000003,1611.6,54,4,4,4,250,250,3,0.9666666686534882,8.099999996523062,83.26666666567326,,7984,321046,0,0,149644,2010,14,78976,64337,5073,3,1,3,0,317,4,1585,0,0,7,920.0522909164429,973.2570333480835,4192
700.3643000000045,1613.2,54,4,4,4,250,250,4,1.25,7.699999999254942,84.10000000149012,,7984,321046,0,0,149648,2012,14,78948,64317,5073,3,1,3,0,317,0,1585,0,0,0,908.6650381088257,973.3007497787476,4192
701.6328000000045,1614.4,54,4,4,4,250,250,3,0.8333333358168602,7.333333333333333,82.73333333184321,,7984,321046,0,0,149648,2012,14,78948,64317,5073,3,1,3,0,317,0,1585,0,0,0,922.8648176193237,973.3007497787476,4192
702.588700000003,1615.6,54,4,4,4,250,250,3,0.8666666721304258,7.366666664679845,83.7000000004967,,7984,321046,0,0,149648,2012,14,78948,64317,5073,3,1,3,0,317,0,1585,0,0,0,905.6601400375366,974.3007497787476,4192
703.5438000000045,1616.8,54,4,4,4,250,250,3,0.9333333348234495,7.433333332339923,82.63333333283663,,7984,321046,0,0,149648,2012,14,78955,64322,5073,3,1,3,0,317,1,1585,0,0,3,919.9583806991577,974.305121421814,4192
704.4973999999985,1618,54,4,4,4,250,250,3,0.7333333318432173,7.300000001986821,96.09999999900658,,7500,299398,0,0,152022,2012,14,78948,64317,5073,3,1,4,0,317,0,1585,0,0,0,909.9274778366089,974.305121421814,4192
705.4788000000045,1619.2,54,4,4,4,250,250,3,0.9333333323399226,7.599999999006589,82.10000000149012,,7500,299398,0,0,152022,2012,14,78948,64317,5073,3,1,4,0,317,0,1585,0,0,0,925.3240118026733,974.3094930648804,4192
706.3938000000045,1620.4,54,4,4,4,250,250,3,0.8666666696468989,7.366666667163372,83.13333333283663,,7500,299398,0,0,152022,2012,14,78948,64317,5073,3,1,4,0,317,0,1585,0,0,0,910.7930669784546,977.0594930648804,4192
707.3088999999985,1622,55,4,4,4,250,250,4,0.75,7.349999999627471,82.125,,7500,299398,0,0,152022,2012,14,78948,64317,5073,3,1,4,0,317,0,1585,0,0,0,930.505862236023,977.0594930648804,4192
708.5708999999985,1623.2,55,4,4,4,250,250,3,4.166666666666667,36.83333333581686,92.7333333293597,,7601,302066,0,0,152794,2016,14,79518,64883,5045,3,1,4,2,317,16,1585,0,0,37,948.7813863754272,1001.3535299301147,4192
709.594700000003,1624.4,55,4,4,4,250,250,3,2.966666668653488,14.666666666666666,83.16666666666667,,7521,300616,0,0,152799,2021,14,79212,64525,5065,3,1,4,7,317,32,1585,0,0,43,958.6852369308472,1008.6039876937866,4192
710.5458999999985,1625.6,55,4,4,4,250,250,3,1.999999997516473,12.333333333333334,80.09999999900658,,7527,300848,0,0,152809,2026,14,79268,64553,5073,3,1,4,9,317,42,1585,0,0,49,955.910792350769,1012.4485387802124,4192
711.475700000003,1626.8,55,4,4,4,250,250,3,2.2333333318432174,11.566666670143604,82.13333333283663,,7536,301254,0,0,152817,2030,14,79268,64553,5073,3,1,4,12,317,42,1585,0,0,87,947.3043622970581,1014.3812780380249,4192
712.4115,1628,55,4,4,4,250,250,3,2.3333333308498063,11.799999999503294,81.66666666666667,,7542,301486,0,0,152827,2035,14,79281,64562,5071,3,1,4,14,317,45,1585,0,0,57,970.9536352157593,1014.7034292221069,4192
713.3558000000045,1629.6,55,4,4,4,250,250,4,1.8999999985098839,13.800000000745058,81.65000000037253,,7659,304792,0,0,153031,2042,14,79350,64619,5065,3,1,4,15,317,54,1585,0,0,26,950.2428960800171,1018.1074514389038,4192
714.6033000000044,1630.8,55,4,4,4,250,250,3,1.8999999985098839,11.43333333482345,81.33333333333333,,7557,302588,0,0,153035,2047,14,79289,64568,5073,3,1,4,19,317,45,1585,0,0,28,973.0832166671753,1018.4588766098022,4192
715.5278000000045,1632,55,4,4,4,250,250,3,2.66666666418314,10.900000003476938,80.96666666616996,,7554,302298,0,0,153045,2052,14,79205,64508,5073,3,1,4,18,317,33,1585,0,0,16,964.2442235946655,1021.1415243148804,4192
716.4528000000045,1633.2,55,4,4,4,250,250,3,1.4666666686534882,11.533333331346512,82.06666666766007,,7536,301254,0,0,153122,2056,14,79243,64538,5073,3,1,4,12,317,37,1585,0,0,12,957.2039556503296,1022.1227025985718,4192
717.3778999999985,1634.8,55,4,4,4,250,250,4,1.424999998882413,9.825000002980232,80.67499999701977,,7536,301138,0,0,153136,2063,14,79154,64470,5072,3,1,4,12,317,27,1585,0,0,20,980.9192495346069,1022.2861547470093,4192
718.604200000003,1636,55,4,4,4,250,250,3,1.5333333363135655,8.999999997516474,81.10000000149012,,7503,299456,0,0,153142,2066,14,79002,64363,5073,3,1,4,1,317,4,1585,0,0,11,967.9456129074097,1024.412787437439,4192
719.5533999999985,1637.2,55,4,4,4,250,250,3,0.8666666646798452,8.699999998013178,97.36666666716337,,7804,312848,0,0,155552,2068,14,78991,64358,5073,3,1,5,1,317,1,1585,0,0,3,962.3441648483276,1025.3255681991577,4192
720.5311000000015,1638.4,55,4,4,4,250,250,3,0.7666666656732559,7.533333333830039,84.63333333283663,,7798,312754,0,0,155552,2068,14,78964,64333,5073,3,1,5,0,317,0,1585,0,0,0,979.4273023605347,1025.3324346542358,4192
721.4666000000014,1639.6,55,4,4,4,250,250,3,0.8333333358168602,7.766666663189729,84.06666666766007,,7804,312848,0,0,155557,2069,14,79006,64363,5073,3,1,5,1,317,6,1585,0,0,12,967.8283605575562,1030.1086645126343,4192
722.4077000000029,1640.8,55,4,4,4,250,250,3,1.0333333338300388,7.400000000993411,82.36666666716337,,7798,312754,0,0,155559,2070,14,78964,64333,5073,3,1,5,0,317,0,1585,0,0,0,983.8030652999878,1030.117407798767,4192
723.3483999999985,1642.4,55,4,4,4,250,250,4,1.025000000372529,8.074999999254942,83.875,,7807,312906,0,0,155581,2075,14,78978,64343,5073,3,1,5,2,317,2,1585,0,0,4,973.230715751648,1031.4329824447632,4192
724.6098999999986,1643.6,55,4,4,4,250,250,3,0.9333333348234495,7.566666662693024,84.7999999995033,,7807,312906,0,0,155593,2078,14,78992,64353,5073,3,1,5,2,317,4,1585,0,0,10,989.5753812789917,1031.4548406600952,4192
725.5565,1644.8,55,4,4,4,250,250,3,0.7999999995032946,7.766666665673256,84.46666666616996,,7798,312754,0,0,155595,2079,14,78964,64333,5073,3,1,5,0,317,0,1585,0,0,0,972.592188835144,1031.9723272323608,4192
726.4965,1646,55,4,4,4,250,250,3,0.6666666691501936,7.266666665673256,83,,7798,312754,0,0,155595,2079,14,78964,64333,5073,3,1,5,0,317,0,1585,0,0,0,988.3157835006714,1031.9723272323608,4192
727.4362000000029,1647.2,55,4,4,4,250,250,3,0.9999999975164732,7.533333333830039,82.70000000298023,,7798,312754,0,0,155595,2079,14,78964,64333,5073,3,1,5,0,317,0,1585,0,0,0,970.6702604293823,1031.9723272323608,4192
728.372700000003,1648.8,55,4,4,4,250,250,4,0.7749999985098839,7.275000000372529,82.60000000149012,,7798,312754,0,0,155597,2080,14,78964,64333,5073,3,1,5,0,317,0,1585,0,0,0,989.2226514816284,1031.9766988754272,4192
729.6205,1650,55,4,4,4,250,250,3,1.266666663189729,7.166666669150193,82.49999999751647,,7798,312754,0,0,155597,2080,14,78964,64333,5073,3,1,5,0,317,0,1585,0,0,0,971.3307981491089,1031.9766988754272,4192
730.5593999999985,1651.2,55,4,4,4,250,250,3,0.8333333333333334,7.333333333333333,83.96666666368644,,7798,312754,0,0,155597,2080,14,78964,64333,5073,3,1,5,0,317,0,1585,0,0,0,985.201376914978,1031.9766988754272,4192
731.4991000000015,1652.4,56,4,4,4,250,250,3,0.9333333298563957,10.133333335320154,82.03333333134651,,7804,312964,0,0,155602,2081,14,79027,64395,5066,3,1,5,1,317,4,1585,0,0,19,975.3985090255737,1032.7297430038452,4192
732.4818000000045,1653.6,56,4,4,4,250,250,3,1.8333333333333333,23.700000000496704,91.56666666517656,,7925,317214,0,0,156114,2086,14,79336,64649,5065,3,1,5,6,317,32,1585,0,0,65,987.6241292953491,1042.7988195419312,4192
733.477700000003,1654.8,56,4,4,4,250,250,3,3.866666667163372,12.766666665673256,91.66666666666667,,7935,318682,0,0,157686,2099,14,79480,64752,5072,3,1,1,10,317,49,1585,0,0,95,991.4737005233765,1046.8870687484741,4192
734.4702000000029,1656,56,4,4,4,250,250,3,3.0666666651765504,11.09999999900659,84.73333333432674,,7938,318834,0,0,157695,2102,14,79480,64745,5073,3,1,1,10,317,52,1585,0,0,103,988.5999326705933,1049.2696523666382,4192
735.4473000000045,1657.2,56,4,4,4,250,250,3,2.33333333581686,11.56666666517655,87.26666666815679,,7935,318522,0,0,157706,2106,14,79480,64745,5073,3,1,1,8,317,52,1585,0,0,125,1010.5730276107788,1049.376296043396,4192
736.410700000003,1658.4,56,4,4,4,250,250,3,3.5666666701436043,11.699999998013178,85.2000000004967,,7920,318066,0,0,157714,2110,14,79415,64701,5072,3,1,1,6,317,42,1585,0,0,54,1005.0417432785034,1053.3469915390015,4192
737.3823000000044,1659.6,56,4,4,4,250,250,3,1.633333332836628,12.433333332339922,85.60000000397365,,7931,318974,0,0,157783,2115,14,79492,64761,5073,3,1,1,8,317,50,1585,0,0,19,1000.6225996017456,1053.8814764022827,4192
738.347700000003,1661.2,56,4,4,4,250,250,4,2.000000001862645,12.224999999627471,86.72499999962747,,7938,319116,0,0,157890,2120,14,79536,64793,5073,3,1,1,9,317,56,1585,0,0,28,1002.4583234786987,1055.909972190857,4192
739.6523999999985,1662.4,56,4,4,4,250,250,3,2.266666663189729,11.766666668156782,87.06666666517656,,7944,319210,0,0,157901,2124,14,79529,64788,5073,3,1,1,10,317,55,1585,0,0,45,996.5886640548706,1057.283179283142,4192
740.6233999999985,1663.6,56,4,4,4,250,250,3,1.866666664679845,11.633333335320154,84.19999999801318,,7929,318732,0,0,157910,2127,14,79515,64778,5073,3,1,1,7,317,53,1585,0,0,27,1016.591555595398,1057.3888998031616,4192
741.5893999999985,1664.8,56,4,4,4,250,250,3,2.100000001490116,12.233333331843218,84.5,,7938,319160,0,0,157922,2133,14,79648,64873,5073,3,1,1,11,317,72,1585,0,0,26,1010.3533735275269,1058.8180150985718,4192
742.5586000000014,1666,56,4,4,4,250,250,3,1.7666666681567829,10.700000000496706,86.19999999801318,,7902,317442,0,0,157930,2137,14,79417,64708,5073,3,1,1,0,317,39,1585,0,0,17,999.9120931625366,1059.4464559555054,4192
743.527,1667.2,56,4,4,4,250,250,3,1.4666666661699612,9.766666668156782,87.89999999850988,,7902,317442,0,0,157935,2138,14,79431,64718,5073,3,1,1,0,317,41,1585,0,0,10,1018.6786260604858,1059.5216054916382,4192
744.496,1668.4,56,4,4,4,250,250,3,1.7999999995032947,9.59999999900659,84.60000000149012,,7902,317442,0,0,157940,2139,14,79445,64728,5073,3,1,1,0,317,43,1585,0,0,24,1007.6092481613159,1060.3450002670288,4192
745.4481000000015,1669.6,56,4,4,4,250,250,3,1.5333333338300388,9.299999999503294,83.93333333233993,,7902,317442,0,0,157940,2139,14,79445,64728,5073,3,1,1,0,317,43,1585,0,0,18,994.8050222396851,1061.1360692977905,4192
746.3963999999985,1670.8,56,4,4,4,250,250,3,1.5,9.166666669150194,84.46666666368644,,7902,317442,0,0,157945,2140,14,79268,64604,5072,3,1,1,0,317,17,1585,0,0,4,1013.1754140853882,1061.2929754257202,4192
747.3488999999985,1672.4,56,4,4,4,250,250,4,1.074999999254942,8.449999999254942,84.82500000111759,,7902,317442,0,0,157950,2141,14,79187,64546,5073,3,1,1,0,317,5,1585,0,0,16,1003.7036581039429,1062.2213125228882,4192
748.6178999999985,1673.6,56,4,4,4,250,250,3,1.1666666616996129,8.300000001986822,89.83333333333333,,7754,310886,0,0,158591,2143,14,79159,64526,5073,3,1,2,0,317,1,1585,0,0,2,1019.8332357406616,1062.2606573104858,4192
749.5853000000045,1674.8,56,4,4,4,250,250,3,1.0333333313465118,7.799999999503295,85.50000000248353,,7760,310980,0,0,158596,2144,14,79180,64541,5073,3,1,2,1,317,4,1585,0,0,12,1006.8801794052124,1062.7868871688843,4192
750.5235,1676,56,4,4,4,250,250,3,0.7666666656732559,7.333333333333333,83.69999999801318,,7754,310886,0,0,158596,2144,14,79152,64521,5073,3,1,2,0,317,0,1585,0,0,0,1020.6521940231323,1062.7868871688843,4192
751.510700000003,1677.2,56,4,4,4,250,250,3,0.8999999985098839,8.000000004967054,84.40000000347693,,7754,310886,0,0,158596,2144,14,79152,64521,5073,3,1,2,0,317,0,1585,0,0,0,1006.2658681869507,1064.5368871688843,4192
752.4588999999985,1678.4,56,4,4,4,250,250,3,0.8666666646798452,7.799999999503295,84.53333333383004,,7754,310886,0,0,158598,2145,14,79152,64521,5073,3,1,2,0,317,0,1585,0,0,0,1020.5999174118042,1064.5718603134155,4192
753.4023000000045,1679.6,56,4,4,4,250,250,3,1,7.933333332339923,84.76666666567326,,7754,310886,0,0,158605,2147,14,79159,64526,5073,3,1,2,0,317,1,1585,0,0,7,1003.5834226608276,1064.6112051010132,4192
754.347,1681.2,56,4,4,4,250,250,4,1.200000001117587,8.099999997764826,98,,7754,310886,0,0,158614,2150,14,79173,64536,5073,3,1,2,0,317,3,1585,0,0,8,1025.004729270935,1064.9180364608765,4192
755.9658000000045,1682,57,4,4,4,250,250,2,130.44999999925494,14.25,86.15000000223517,,7754,310886,0,0,158614,2150,14,79173,64536,5073,3,1,2,0,317,3,1585,0,0,6,770.3501853942871,886.7165184020996,4192
756.6288000000045,1683.2,57,4,4,4,250,250,3,2.266666665673256,28.5,88.30000000198682,,7959,316906,0,0,159031,2154,14,79538,64883,5057,3,1,2,4,317,20,1585,0,0,43,786.6317796707153,903.9488611221313,4192
757.65,1684.4,57,4,4,4,250,250,3,2.33333333581686,18.69999999801318,91.00000000248353,,7895,317070,0,0,159336,2160,14,79707,64994,5073,3,1,2,8,317,41,1585,0,0,80,794.0307626724243,922.2823877334595,4192
758.6416000000015,1685.6,57,4,4,4,250,250,3,3.0666666651765504,12.59999999900659,87.43333333730698,,7879,316332,0,0,159417,2165,14,79742,65011,5073,3,1,2,9,317,50,1585,0,0,96,791.830961227417,923.3183040618896,4192
759.636,1686.8,57,4,4,4,250,250,3,2.33333333581686,11.59999999900659,86.39999999850988,,7863,315560,0,0,159454,2169,14,79775,65030,5073,3,1,2,9,317,57,1585,0,0,115,801.2249546051025,923.6234722137451,4192
760.6093000000045,1688,57,4,4,4,250,250,3,2,11.83333333581686,87.0666666701436,,7836,314800,0,0,159464,2174,14,79745,65011,5072,3,1,2,5,317,52,1585,0,0,45,793.2115573883057,923.9627590179443,4192
761.5763000000045,1689.2,57,4,4,4,250,250,3,2.4333333348234496,13.133333332836628,86.06666666517656,,7842,315010,0,0,159482,2180,14,79789,65047,5072,3,1,2,6,317,56,1585,0,0,35,805.4208536148071,924.7276086807251,4192
762.55,1690.4,57,4,4,4,250,250,3,1.866666667163372,12.09999999900659,86.53333333383004,,7848,314988,0,0,159495,2185,14,79886,65115,5073,3,1,2,7,317,70,1585,0,0,32,796.4622430801392,925.0261163711548,4192
763.5336000000015,1691.6,57,4,4,4,250,250,3,2.133333332836628,11.866666669646898,91.9333333298564,,8107,327388,0,0,160335,2203,14,79835,65081,5072,3,1,3,17,317,62,1585,0,0,42,808.1265058517456,925.3062467575073,4192
764.5325,1692.8,57,4,4,4,250,250,3,3.0666666626930237,12.600000001490116,86.2000000004967,,8116,327910,0,0,160345,2208,14,79834,65079,5073,3,1,3,20,317,62,1585,0,0,15,803.3814687728882,941.6537809371948,4192
765.5377000000029,1694,57,4,4,4,250,250,3,1.733333334326744,10.56666666517655,85.66666666915019,,8122,328258,0,0,160351,2211,14,79736,65009,5073,3,1,3,22,317,48,1585,0,0,37,823.2284879684448,951.2711820602417,4192
766.531700000003,1695.2,57,4,4,4,250,250,3,2.1666666666666665,10.100000001490116,87.73333333184321,,8122,328258,0,0,160359,2215,14,79729,65008,5073,3,1,3,22,317,45,1585,0,0,21,815.1778860092163,958.0657529830933,4192
767.5118999999985,1696.4,57,4,4,4,250,250,3,1.733333334326744,9.800000001986822,87.09999999652307,,8119,328084,0,0,160367,2219,14,79712,64993,5073,3,1,3,21,317,44,1585,0,0,33,803.1257581710815,958.225115776062,4192
768.5038000000045,1697.6,57,4,4,4,250,250,3,1.9666666661699612,10.566666667660078,88.53333333383004,,8131,328548,0,0,160381,2226,14,79775,65038,5073,3,1,3,25,317,53,1585,0,0,60,825.6745176315308,958.3416624069214,4192
769.5728000000045,1698.4,57,4,4,4,250,250,2,56.5,19,126.64999999850988,,8119,327968,0,0,160385,2228,14,79733,65008,5073,3,1,3,21,317,47,1585,0,0,54,789.8013954162598,949.4566764831543,4192
770.3798999999985,1699.6,57,4,4,4,250,250,3,1.7000000004967053,10.533333333830038,86.23333333184321,,8070,325098,0,0,160446,2229,14,79600,64917,5073,3,1,3,0,317,26,1585,0,0,30,804.6574440002441,943.9263496398926,4192
771.379700000003,1700.8,57,4,4,4,250,250,3,1.4000000009934108,10.733333334326744,87.76666666567326,,8063,324676,0,0,160444,2233,14,79618,64927,5073,3,1,3,1,317,30,1585,0,0,44,795.073410987854,944.0608072280884,4192
772.3535,1702,57,4,4,4,250,250,3,1.3333333308498065,10.09999999900659,85.13333333283663,,8060,324618,0,0,160444,2233,14,79455,64813,5072,3,1,3,0,317,6,1585,0,0,6,783.2674989700317,946.7988901138306,4192
773.3345,1703.6,57,4,4,4,250,250,4,1.125,9.050000000745058,85.77499999850988,,8060,324618,0,0,160446,2234,14,79510,64851,5073,3,1,3,0,317,14,1585,0,0,27,804.97145652771,946.8870220184326,4192
774.6188999999985,1704.8,57,4,4,4,250,250,3,1.2999999995032947,9.233333331843218,83.56666666517656,,8060,324618,0,0,160448,2235,14,79433,64796,5073,3,1,3,0,317,3,1585,0,0,13,790.3990268707275,946.9464702606201,4192
775.5838000000044,1706,57,4,4,4,250,250,3,1.0666666676600773,7.666666669150193,84.06666666517656,,8060,324618,0,0,160448,2235,14,79426,64791,5073,3,1,3,0,317,2,1585,0,0,6,804.9710178375244,946.9552135467529,4192
776.5418999999985,1707.2,57,4,4,4,250,250,3,0.8333333333333334,7.433333332339923,84.2000000004967,,8060,324618,0,0,160448,2235,14,79412,64781,5073,3,1,3,0,317,0,1585,0,0,0,787.8743104934692,946.9552316665649,4192
777.5093999999985,1708.4,57,4,4,4,250,250,3,0.9000000009934107,7.466666663686435,84.66666666666667,,8060,324618,0,0,160448,2235,14,79412,64781,5073,3,1,3,0,317,0,1585,0,0,0,802.2278299331665,946.9591379165649,4192
778.479,1709.6,57,4,4,4,250,250,3,0.9333333373069763,7.499999995032947,87.03333333631356,,7572,302782,0,0,161066,2235,14,79412,64781,5073,3,1,4,0,317,0,1585,0,0,0,786.4655675888062,946.9635572433472,4192
779.4026000000015,1710.8,57,4,4,4,250,250,3,0.9000000009934107,7.233333331843217,81.96666666368644,,7572,302782,0,0,161066,2235,14,79412,64781,5073,3,1,4,0,317,0,1585,0,0,0,802.2003698348999,946.9635572433472,4192
780.3256000000015,1712.4,58,4,4,4,250,250,4,1.1500000022351742,11.5,82.17499999888241,,7575,302956,0,0,161072,2238,14,79490,64861,5063,3,1,4,1,317,4,1585,0,0,19,804.1502065658569,948.0710706710815,4192
781.5895,1713.6,58,4,4,4,250,250,3,1.6999999980131786,27.96666666616996,87.96666666616996,,7730,310506,0,0,161672,2243,14,80039,65359,5066,3,1,4,6,317,28,1585,0,0,58,805.4594297409058,954.6597394943237,4192
782.5921000000014,1714.8,58,4,4,4,250,250,3,2.4000000034769378,15.466666663686434,85.46666666616996,,7653,306952,0,0,161680,2248,14,80015,65292,5071,3,1,4,11,317,47,1585,0,0,106,816.6986265182495,956.8147077560425,4192
783.5483000000045,1716,58,4,4,4,250,250,3,2.1999999980131784,12.399999998509884,85.43333333482344,,7665,307648,0,0,161688,2252,14,80130,65375,5073,3,1,4,15,317,62,1585,0,0,118,815.6651105880737,957.5675382614136,4192
784.503,1717.2,58,4,4,4,250,250,3,2.6333333303531012,12.23333333681027,85.19999999552965,,7674,308170,0,0,161696,2256,14,80169,65404,5073,3,1,4,18,317,67,1585,0,0,93,809.8074064254761,958.0053510665894,4192
785.451,1718.4,58,4,4,4,250,250,3,4.899999998509884,13.200000000496706,85.30000000198682,,7691,308474,0,0,161754,2260,14,80132,65392,5072,3,1,4,16,317,55,1585,0,0,36,838.1923208236694,958.6768293380737,4192
786.4093999999985,1719.6,58,4,4,4,250,250,3,1.9333333323399227,12.866666664679846,85.63333333283663,,7675,308068,0,0,161763,2265,14,80154,65399,5073,3,1,4,17,317,62,1585,0,0,41,830.372088432312,959.0737638473511,4192
787.3523999999985,1721.2,58,4,4,4,250,250,4,2.649999998509884,12.600000001490116,85.64999999850988,,7687,308648,0,0,161777,2272,14,80291,65498,5073,3,1,4,21,317,81,1585,0,0,30,831.7896871566772,959.7715864181519,4192
788.6228999999985,1722.4,58,4,4,4,250,250,3,3.0666666651765504,12.299999999503294,85.43333333482344,,7684,308706,0,0,161787,2277,14,80198,65434,5072,3,1,4,20,317,67,1585,0,0,36,824.7038335800171,960.1763105392456,4192
789.5763000000045,1723.6,58,4,4,4,250,250,3,2.233333334326744,11.300000001986822,84.73333333184321,,7687,308880,0,0,161795,2281,14,80176,65417,5073,3,1,4,21,317,64,1585,0,0,31,814.9220724105835,960.3583402633667,4192
790.5313000000044,1724.8,58,4,4,4,250,250,3,1.866666664679845,11.300000004470348,83.86666666467984,,7693,309228,0,0,161803,2285,14,80118,65378,5072,3,1,4,23,317,55,1585,0,0,40,835.8408002853394,960.5909833908081,4192
791.4653999999985,1726,58,4,4,4,250,250,3,2.5,11.299999999503294,85.99999999751647,,7702,309750,0,0,161815,2291,14,80180,65421,5073,3,1,4,26,317,64,1585,0,0,77,826.4078435897827,960.916407585144,4192
792.3975,1727.2,58,4,4,4,250,250,3,2.033333331346512,10.966666668653488,93.2999999995033,,7978,321214,0,0,162943,2295,14,80159,65406,5073,3,1,5,0,317,61,1585,0,0,68,819.5787153244019,961.0950193405151,4192
793.3696000000015,1728.4,58,4,4,4,250,250,3,2.4333333348234496,10.133333332836628,86.83333333333333,,7984,321308,0,0,162948,2296,14,80180,65421,5073,3,1,5,1,317,64,1585,0,0,77,842.8359861373901,961.186297416687,4192
794.3503000000045,1730,58,4,4,4,250,250,4,2.125000001862645,10.150000000372529,87.25000000186265,,7978,321214,0,0,162960,2299,14,80145,65396,5073,3,1,5,0,317,59,1585,0,0,44,840.5846891403198,961.4797620773315,4192
795.6428999999985,1731.2,58,4,4,4,250,250,3,2.8000000019868216,10.799999997019768,86.56666666517656,,7990,321402,0,0,162982,2304,14,80131,65386,5073,3,1,5,2,317,57,1585,0,0,49,833.3149099349976,961.6283369064331,4192
796.6253000000045,1732.4,58,4,4,4,250,250,3,1.8999999985098839,10.333333330849806,87.3666666696469,,7978,321214,0,0,162987,2305,14,80093,65360,5073,3,1,5,0,317,51,1585,0,0,12,822.5900182723999,961.8680753707886,4192
797.598700000003,1733.6,58,4,4,4,250,250,3,2.0333333338300386,10.266666665673256,85.96666666616996,,7978,321214,0,0,162987,2305,14,80100,65365,5073,3,1,5,0,317,52,1585,0,0,14,841.906439781189,961.9339475631714,4192
798.5696000000015,1734.8,58,4,4,4,250,250,3,1.9333333323399227,10.233333334326744,86.36666666716337,,7987,321366,0,0,162999,2308,14,80044,65325,5073,3,1,5,2,317,44,1585,0,0,19,832.2981634140015,962.0368299484253,4192
799.5461000000015,1736,58,4,4,4,250,250,3,1.6666666666666667,9.866666667163372,86.7999999995033,,7978,321214,0,0,163006,2310,14,80058,65335,5073,3,1,5,0,317,46,1585,0,0,9,850.659083366394,962.1188611984253,4192
800.5195,1737.2,58,4,4,4,250,250,3,1.9333333348234494,10.299999999503294,87.06666666517656,,7978,321214,0,0,163015,2313,14,80044,65325,5073,3,1,5,0,317,44,1585,0,0,7,840.9224348068237,962.216944694519,4192
801.4913000000045,1738.4,58,4,4,4,250,250,3,1.8000000019868214,9.5,86.36666666716337,,7978,321214,0,0,163020,2314,14,79771,65130,5073,3,1,5,0,317,5,1585,0,0,7,826.6544485092163,962.31019115448,4192
802.4613000000045,1739.6,58,4,4,4,250,250,3,1.0999999990065892,8.733333334326744,86.76666666815679,,7984,321308,0,0,163030,2316,14,79768,65129,5073,3,1,5,1,317,4,1585,0,0,13,842.9452238082886,962.4843091964722,4192
803.4248999999985,1740.8,58,4,4,4,250,250,3,0.7999999995032946,7.633333335320155,86.6333333303531,,7978,321214,0,0,163030,2316,14,79747,65114,5073,3,1,5,0,317,1,1585,0,0,6,826.0444784164429,962.5082120895386,4192
804.3873999999985,1742,59,4,4,4,250,250,3,0.866666667163372,7.833333330849807,86.7000000004967,,7978,321214,0,0,163030,2316,14,79740,65109,5073,3,1,5,0,317,0,1585,0,0,0,840.1299962997437,962.5082120895386,4192
805.392700000003,1743.2,59,4,4,4,250,250,3,3.2999999970197678,29.366666667163372,95.43333333482344,,8047,324274,0,0,163635,2320,14,80466,65795,5073,3,1,5,4,317,20,1585,0,0,41,851.9266691207886,972.1450147628784,4192
806.4588999999985,1744.4,59,4,4,4,250,250,3,1.999999997516473,20.166666669150192,94.39999999602635,,8156,327966,0,0,164142,2324,14,80372,65670,5070,3,1,5,6,317,37,1585,0,0,90,853.5852918624878,977.3741407394409,4192
807.4783999999985,1745.6,59,4,4,4,250,250,3,2.500000004967054,13.700000000496706,98.59999999652307,,8115,327004,0,0,165530,2337,14,80462,65730,5072,3,1,1,9,317,51,1585,0,0,112,860.4467649459839,978.8849897384644,4192
808.5013000000044,1746.8,59,4,4,4,250,250,3,2.4333333323399224,12.800000001986822,89.2999999995033,,8124,327388,0,0,165544,2341,14,80509,65767,5072,3,1,1,11,317,56,1585,0,0,106,861.2157621383667,979.8457975387573,4192
809.5078000000045,1748,59,4,4,4,250,250,3,2.5333333338300386,13.733333331843218,89.7000000004967,,8128,327884,0,0,165673,2345,14,80467,65754,5073,3,1,1,7,317,41,1585,0,0,32,890.1574010848999,980.8043088912964,4192
810.5158000000044,1749.2,59,4,4,4,250,250,3,2.8333333333333335,13.5,90.20000000298023,,8132,327982,0,0,165762,2350,14,80507,65777,5072,3,1,1,8,317,50,1585,0,0,25,890.424635887146,982.3433713912964,4192
811.5246000000014,1750.4,59,4,4,4,250,250,3,1.8999999985098839,12.5,91.36666666467984,,8131,328424,0,0,165774,2355,14,80688,65905,5073,3,1,1,13,317,76,1585,0,0,35,883.7170858383179,982.9873380661011,4192
812.538,1751.6,59,4,4,4,250,250,3,2.133333332836628,12.299999999503294,90.56666666766007,,8119,327750,0,0,165788,2359,14,80583,65830,5073,3,1,1,10,317,61,1585,0,0,19,878.1440114974976,983.3002347946167,4192
813.539200000003,1752.8,59,4,4,4,250,250,3,1.4666666661699612,12.333333333333334,88.66666666666667,,8112,327316,0,0,165858,2363,14,80506,65783,5073,3,1,1,3,317,46,1585,0,0,17,869.6674528121948,983.8582029342651,4192
814.534,1754,59,4,4,4,250,250,3,1.9666666661699612,11.90000000099341,88.13333333283663,,8108,327046,0,0,165861,2368,14,80556,65813,5073,3,1,1,4,317,56,1585,0,0,21,891.4046773910522,984.0300245285034,4192
815.530200000003,1755.2,59,4,4,4,250,250,3,3.0666666676600776,10.59999999900659,88.46666666616996,,8090,326278,0,0,165863,2369,14,80535,65798,5073,3,1,1,0,317,53,1585,0,0,28,883.3849363327026,984.3590116500854,4192
816.526,1756.4,59,4,4,4,250,250,3,2.633333332836628,11.133333332836628,99.16666666666667,,8090,326278,0,0,165863,2369,14,80542,65803,5073,3,1,1,0,317,54,1585,0,0,31,872.6810026168823,984.5181303024292,4192
817.6543999999985,1757.2,59,4,4,4,250,250,2,2.300000000745058,11.75,91.54999999701977,,8090,326278,0,0,165863,2369,14,80563,65818,5073,3,1,1,0,317,57,1585,0,0,56,885.9325170516968,984.5631055831909,4192
818.6843999999985,1758,59,4,4,4,250,250,2,91.30000000074506,18.75,92.04999999701977,,8090,326278,0,0,165868,2370,14,80451,65738,5073,3,1,1,0,317,41,1585,0,0,35,808.6618814468384,956.7136659622192,4192
819.425200000003,1759.2,59,4,4,4,250,250,3,1.7333333318432171,11.233333334326744,94.86666666716337,,8090,326278,0,0,165868,2370,14,80446,65738,5072,3,1,1,0,317,39,1585,0,0,12,798.6222810745239,957.0375337600708,4192
820.5471000000015,1760.4,59,4,4,4,250,250,3,1.8999999985098839,10.833333330849806,95.3666666696469,,8093,326336,0,0,165870,2371,14,80333,65656,5073,3,1,1,1,317,23,1585,0,0,23,817.5382738113403,957.105465888977,4192
821.6325,1761.6,59,4,4,4,250,250,3,1.2000000029802322,8.76666666318973,93.96666666865349,,8090,326278,0,0,165870,2371,14,80172,65541,5073,3,1,1,0,317,0,1585,0,0,0,801.8122825622559,957.8685989379883,4192
822.692,1762.4,59,4,4,4,250,250,2,1.25,7.600000001490116,93.74999999627471,,8090,326278,0,0,165870,2371,14,80172,65541,5073,3,1,1,0,317,0,1585,0,0,0,811.5549201965332,957.8685989379883,4192
823.4571000000014,1763.6,59,4,4,4,250,250,3,1.0666666626930237,8.933333337306976,103.56666666517656,,8002,322542,0,0,167349,2373,14,80172,65541,5073,3,1,2,0,317,0,1585,0,0,0,801.933931350708,957.899248123169,4192
824.5718000000045,1764.8,59,4,4,4,250,250,3,1.133333335320155,9.300000001986822,98.09999999900658,,8002,322542,0,0,167356,2375,14,80172,65541,5073,3,1,2,0,317,0,1585,0,0,0,819.504714012146,957.9430685043335,4192
825.7218000000045,1765.6,59,4,4,4,250,250,2,1.0999999977648258,9.100000001490116,93.45000000298023,,8005,322600,0,0,167358,2376,14,80186,65551,5073,3,1,2,1,317,2,1585,0,0,14,829.2779264450073,957.9561834335327,4192
826.5061000000015,1766.8,59,4,4,4,250,250,3,1.0333333313465118,9.466666668653488,98.53333333134651,,8002,322542,0,0,167363,2377,14,80172,65541,5073,3,1,2,0,317,0,1585,0,0,0,817.6582593917847,957.9736700057983,4192
827.6938999999985,1767.6,59,4,4,4,250,250,2,0.9999999962747097,8.949999999254942,96.89999999850988,,8002,322542,0,0,167363,2377,14,80172,65541,5073,3,1,2,0,317,0,1585,0,0,0,827.0886335372925,957.9736700057983,4192
828.4126000000015,1768.8,59,4,4,4,250,250,3,1.0333333338300388,8,93.76666666567326,,8002,322542,0,0,167363,2377,14,80172,65541,5073,3,1,2,0,317,0,1585,0,0,0,811.8727102279663,957.9736700057983,4192
829.4643000000044,1770,59,4,4,4,250,250,3,0.8000000019868215,8.266666665673256,90,,8002,322542,0,0,167363,2377,14,80172,65541,5073,3,1,2,0,317,0,1585,0,0,0,826.3825445175171,957.991156578064,4192
830.4516000000015,1771.2,59,4,4,4,250,250,3,1,8.633333330353102,90.00000000248353,,8005,322600,0,0,167369,2380,14,80179,65546,5073,3,1,2,1,317,1,1585,0,0,0,812.3898878097534,958.0479879379272,4192
831.4673000000045,1772.4,60,4,4,4,250,250,3,1.366666667163372,50.56666666766008,129.26666666567326,,8307,331228,0,0,168024,2381,14,80363,65743,5046,3,1,2,1,317,8,1585,0,0,20,832.9920110702515,960.9137868881226,4192
832.7681000000015,1773.2,60,4,4,4,250,250,2,2,39.30000000074506,99.05000000074506,,8279,331622,0,0,168470,2384,14,80810,66167,5037,3,1,2,4,317,24,1585,0,0,30,832.4279012680054,966.6134405136108,4192
833.5381000000015,1774.4,60,4,4,4,250,250,3,2.2000000004967055,21.96666666616996,96.83333333333333,,8247,331568,0,0,168730,2389,14,80995,66281,5060,3,1,2,9,317,48,1585,0,0,68,863.1187658309937,969.9711446762085,4192
834.6613000000044,1775.2,60,4,4,4,250,250,2,5.150000002235174,13.649999998509884,92.60000000149012,,8158,329342,0,0,168734,2392,14,80953,66224,5069,3,1,2,10,317,51,1585,0,0,99,858.7796697616577,970.6872854232788,4192
835.3648999999986,1776.4,60,4,4,4,250,250,3,2.399999996026357,14.666666666666666,101.26666666815679,,8173,329964,0,0,168894,2397,14,80987,66249,5072,3,1,2,11,317,54,1585,0,0,109,859.2123899459839,971.2897863388062,4192
836.4996000000015,1777.6,60,4,4,4,250,250,3,2.6333333353201547,15.433333332339922,98.7000000004967,,8176,330196,0,0,169004,2401,14,80986,66265,5071,3,1,2,7,317,46,1585,0,0,27,859.6694097518921,972.2389287948608,4192
837.6138000000045,1778.4,60,4,4,4,250,250,2,2.199999999254942,16,101.00000000372529,,8163,330196,0,0,169014,2405,14,81064,66324,5072,3,1,2,9,317,55,1585,0,0,45,850.6756162643433,973.0271062850952,4192
838.386200000003,1779.6,60,4,4,4,250,250,3,2.100000001490116,13.366666664679846,104.96666666616996,,8324,337554,0,0,170780,2424,14,81124,66361,5073,3,1,3,16,317,66,1585,0,0,32,877.4619817733765,973.2768087387085,4192
839.538700000003,1780.8,60,4,4,4,250,250,3,4.166666666666667,12.933333332339922,97,,8327,337728,0,0,170788,2428,14,81128,66361,5073,3,1,3,17,317,68,1585,0,0,27,876.320803642273,973.4533529281616,4192
840.7018000000045,1781.6,60,4,4,4,250,250,2,2.800000000745058,16.350000001490116,99.79999999701977,,8339,338424,0,0,170796,2432,14,81189,66411,5072,3,1,3,21,317,74,1585,0,0,22,866.7337598800659,974.0619497299194,4192
841.4831000000015,1782.8,60,4,4,4,250,250,3,3.7999999995032945,13.5,99.56666666766007,,8351,339120,0,0,170806,2437,14,81043,66305,5072,3,1,3,25,317,54,1585,0,0,12,860.2820730209351,974.4778509140015,4192
842.6918999999986,1783.6,60,4,4,4,250,250,2,2.0000000037252903,11.300000000745058,99.3999999947846,,8360,339642,0,0,170812,2440,14,81056,66313,5073,3,1,3,28,317,56,1585,0,0,17,875.9733152389526,974.5414724349976,4192
843.498,1784.8,60,4,4,4,250,250,3,2.1333333353201547,14.133333332836628,101.66666666666667,,8363,339816,0,0,170822,2445,14,81070,66323,5073,3,1,3,29,317,58,1585,0,0,28,865.4261999130249,974.6429357528687,4192
844.7143000000044,1785.6,60,4,4,4,250,250,2,2.5,10.99999999627471,95.55000000447035,,8372,340338,0,0,170830,2449,14,81119,66358,5073,3,1,3,32,317,65,1585,0,0,31,881.5625104904175,974.6988439559937,4192
845.4476000000014,1786.8,60,4,4,4,250,250,3,2.9999999975164733,11.700000002980232,94.33333333084981,,8357,339468,0,0,170838,2453,14,81056,66313,5073,3,1,3,27,317,56,1585,0,0,39,871.9971113204956,974.7722692489624,4192
846.501,1788,60,4,4,4,250,250,3,2.3666666696468988,11.06666666517655,96.40000000099342,,8376,340526,0,0,170899,2459,14,81081,66332,5073,3,1,3,32,317,59,1585,0,0,36,865.2569570541382,974.9717397689819,4192
847.6018000000045,1789.2,60,4,4,4,250,250,3,2.1333333303531012,11.366666667163372,97.73333333432674,,8319,337220,0,0,170901,2460,14,80948,66237,5073,3,1,3,13,317,40,1585,0,0,33,884.6126928329468,975.0075750350952,4192
848.7275,1790,60,4,4,4,250,250,2,5.650000002235174,12.899999998509884,98.5,,8294,335626,0,0,170962,2461,14,80878,66191,5073,3,1,3,0,317,28,1585,0,0,30,867.7382917404175,975.1991491317749,4192
849.5295,1791.2,60,4,4,4,250,250,3,1.4333333298563957,12.200000000496706,100.8666666696469,,8284,335146,0,0,170952,2461,14,80721,66080,5073,3,1,3,0,317,5,1585,0,0,16,887.4120016098022,975.3829793930054,4192
850.7021000000015,1792,60,4,4,4,250,250,2,1.449999999254942,12.400000002235174,104.39999999850988,,8284,335146,0,0,170952,2461,14,80704,66065,5073,3,1,3,0,317,4,1585,0,0,6,867.8200635910034,975.4351034164429,4192
851.5113000000044,1793.2,60,4,4,4,250,250,3,1.2000000029802322,9.133333330353102,89.23333333432674,,8284,335146,0,0,170954,2462,14,80711,66070,5073,3,1,3,0,317,5,1585,0,0,13,883.8890371322632,975.4884252548218,4192
852.534200000003,1794.4,60,4,4,4,250,250,3,1.0666666676600773,8.699999998013178,91.20000000298023,,8287,335204,0,0,170960,2465,14,80732,66085,5073,3,1,3,1,317,8,1585,0,0,9,869.5771436691284,975.6716527938843,4192
853.54,1795.6,60,4,4,4,250,250,3,1.1666666666666667,8.833333333333334,91.33333333333333,,8287,335204,0,0,170966,2468,14,80711,66070,5073,3,1,3,1,317,5,1585,0,0,17,885.2996206283569,975.732855796814,4192
854.6003999999986,1796.8,60,4,4,4,250,250,3,1.0666666676600773,8.533333333830038,98.43333333233993,,7792,313122,0,0,172310,2468,14,80676,66045,5073,3,1,4,0,317,0,1585,0,0,0,873.0438032150269,975.740668296814,4192
